FeatureID,Raw_P,Q_value,LSMean_1,LSMean_1_LCL,LSMean_1_UCL,LSMean_2,LSMean_2_LCL,LSMean_2_UCL,L2FC,FC,ChemicalName,SuperPathway,SubPathway
S100000007,0.1109,0.3425,0.0983236951,-0.059237883,0.255885273,-0.175200766,-0.452428343,0.1020268106,-0.394612384,0.7606937284,carnitine,Lipid,Carnitine Metabolism
S100000008,0.1669,0.4337,0.0379027157,-0.09455252,0.1703579511,0.2360272128,0.0029739237,0.4690805018,0.2858332294,1.2191141605,benzoate,Xenobiotics,Benzoate Metabolism
S100000010,0.1407,0.3907,0.3943689177,-0.085473234,0.8742110698,-0.372676484,-1.216952601,0.4715996327,-1.106612598,0.4643831088,3-phenylpropionate (hydrocinnamate),Xenobiotics,Benzoate Metabolism
S100000011,0.8327,0.9265,-0.11143077,-0.446119421,0.2232578801,-0.036309482,-0.625189873,0.5525709092,0.1083771105,1.0780148938,phenylacetate,Amino Acid,Phenylalanine Metabolism
S100000014,0.2188,0.4859,0.3382672355,-0.101035655,0.7775701256,-0.244126382,-1.017074187,0.5288214226,-0.840216384,0.5585597865,hippurate,Xenobiotics,Benzoate Metabolism
S100000016,0.3879,0.6533,0.0036067875,-0.199411209,0.2066247837,0.1911539306,-0.166053632,0.548361493,0.2705733332,1.2062871162,suberate (C8-DC),Lipid,"Fatty Acid, Dicarboxylate"
S100000036,0.9829,0.9893,-0.059314964,-0.280384768,0.1617548404,-0.064353007,-0.453322494,0.3246164799,-0.00726836,0.9949746262,3-methyl-2-oxovalerate,Amino Acid,"Leucine, Isoleucine and Valine Metabolism"
S100000039,0.1778,0.4476,-0.044210908,-0.275488125,0.1870663082,0.2927294888,-0.114199809,0.699658787,0.4861022398,1.400655578,methionine sulfoxide,Amino Acid,"Methionine, Cysteine, SAM and Taurine Metabolism"
S100000042,0.0139,0.1205,-0.084802759,-0.344891683,0.1752861659,0.6366733449,0.1790502155,1.0942964743,1.0408699967,2.057468006,3-methylhistidine,Amino Acid,Histidine Metabolism
S100000044,0.3997,0.6643,-0.029475783,-0.213117455,0.1541658887,-0.194861765,-0.517976933,0.1282534027,-0.238601536,0.8475664954,anserine,Amino Acid,Histidine Metabolism
S100000054,0.0205,0.1411,-0.052949806,-0.626599061,0.5206994491,1.4364308952,0.4271023828,2.4457594075,2.1487221515,4.4343484813,5-hydroxylysine,Amino Acid,Lysine Metabolism
S100000092,0.3238,0.5917,-0.204171658,-0.529119091,0.1207757743,0.139587791,-0.432153052,0.7113286344,0.4959400529,1.4102393607,2-ketogulonate,Carbohydrate,"Fructose, Mannose and Galactose Metabolism"
S100000096,0.1941,0.4662,-0.149114385,-0.386070602,0.0878418328,0.1831216469,-0.233799781,0.6000430745,0.479315275,1.3940818568,4-guanidinobutanoate,Amino Acid,Guanidino and Acetamido Metabolism
S100000101,0.5728,0.7758,0.038931783,-0.22023801,0.2981015757,0.1946400772,-0.261365851,0.6506460059,0.2246395839,1.1684852995,pimelate (C7-DC),Lipid,"Fatty Acid, Dicarboxylate"
S100000112,0.933,0.9741,-0.058399286,-0.466634787,0.3498362139,-0.094875669,-0.8131608,0.6234094619,-0.052624296,0.9641808651,creatine phosphate,Amino Acid,Creatine Metabolism
S100000125,0.0961,0.3148,0.0454833833,-0.125963975,0.2169307414,-0.265910944,-0.567570373,0.0357484856,-0.449247051,0.7324250039,2'-deoxycytidine,Nucleotide,"Pyrimidine Metabolism, Cytidine containing"
S100000135,0.0218,0.1456,-0.347368614,-0.698696701,0.0039594737,0.5542047213,-0.063952546,1.1723619888,1.3006953797,2.4634759371,2'-deoxyinosine,Nucleotide,"Purine Metabolism, (Hypo)Xanthine/Inosine containing"
S100000257,0.1226,0.3595,-0.070765524,-0.226945728,0.0854146794,0.1914418399,-0.083355227,0.4662389065,0.3782852639,1.2997960455,glucuronate,Carbohydrate,Aminosugar Metabolism
S100000258,0.0356,0.1881,0.0380434926,-0.163831462,0.239918447,0.5088590046,0.1536626096,0.8640553996,0.6792432043,1.6012995398,glycerol 3-phosphate,Lipid,Glycerolipid Metabolism
S100000263,0.0065,0.091,-0.083027132,-0.311408488,0.1453542236,0.6275190088,0.2256849404,1.0293530773,1.0251013938,2.0351024079,imidazole lactate,Amino Acid,Histidine Metabolism
S100000265,0.5757,0.7767,0.0316485547,-0.113636852,0.1769339613,-0.054984852,-0.310612663,0.2006429593,-0.124985586,0.9170132052,kynurenine,Amino Acid,Tryptophan Metabolism
S100000269,0.0001,0.0019,-0.135367778,-0.249346456,-0.0213891,0.5670584387,0.366514415,0.7676024623,1.0133868194,2.0186444396,glycerophosphorylcholine (GPC),Lipid,Phospholipid Metabolism
S100000272,0.2334,0.4997,-0.479967258,-0.793535422,-0.166399093,-0.077524221,-0.629243388,0.4741949465,0.5806025731,1.4954737355,allo-threonine,Amino Acid,"Glycine, Serine and Threonine Metabolism"
S100000282,0.428,0.6863,0.0133793801,-0.170906062,0.1976648222,0.1694594252,-0.154788448,0.4937072989,0.2251759072,1.1689197658,N-acetylglutamate,Amino Acid,Glutamate Metabolism
S100000406,0.6311,0.8178,-0.003038834,-0.109856639,0.1037789715,0.0515597092,-0.13638485,0.2395042682,0.0787690468,1.0561165439,ribitol,Carbohydrate,Pentose Metabolism
S100000409,0.7823,0.909,0.035464683,-0.366554421,0.4374837867,0.1535444082,-0.553803053,0.8608918691,0.1703530341,1.1253338254,2-isopropylmalate,Xenobiotics,Food Component/Plant
S100000447,0.1342,0.3803,0.1353884045,-0.183890644,0.4546674525,-0.383793961,-0.945561355,0.1779734317,-0.749021825,0.595006847,gentisate,Amino Acid,Tyrosine Metabolism
S100000454,0.1884,0.4608,0.0304589799,-0.345061723,0.405979683,0.5641010671,-0.096622797,1.2248249316,0.7698827929,1.70513125,5-aminovalerate,Amino Acid,Lysine Metabolism
S100000463,0.7297,0.8806,0.0235621925,-0.149002647,0.1961270315,0.0869704472,-0.216655175,0.3905960699,0.0914787746,1.0654617302,indolelactate,Amino Acid,Tryptophan Metabolism
S100000467,0.3436,0.6104,-0.058906551,-0.477579102,0.3597660007,0.3659555482,-0.37069344,1.1026045364,0.612946443,1.5293795018,3-indoxyl sulfate,Amino Acid,Tryptophan Metabolism
S100000486,0.4351,0.6912,-0.364857889,-0.77506035,0.0453445714,-0.022754602,-0.744500574,0.6989913707,0.4935507165,1.4079057092,N6-formyllysine,Amino Acid,Lysine Metabolism
S100000487,0.0193,0.1388,-0.229898229,-0.482848835,0.0230523771,0.4336453647,-0.011417984,0.8787087139,0.9572910518,1.941660614,glycylvaline,Peptide,Dipeptide
S100000491,0.109,0.3396,-0.073768342,-0.182519222,0.0349825385,0.1161038704,-0.07524191,0.3074496506,0.273927699,1.2090950802,gamma-glutamylphenylalanine,Peptide,Gamma-glutamyl Amino Acid
S100000551,0.7676,0.901,-0.099430301,-0.30382251,0.1049619076,-0.035231419,-0.394856891,0.3243940522,0.0926194081,1.066304446,4-methyl-2-oxopentanoate,Amino Acid,"Leucine, Isoleucine and Valine Metabolism"
S100000580,0.946,0.9778,-0.1819503,-0.519735317,0.1558347168,-0.157651039,-0.751979447,0.4366773684,0.0350564225,1.0245968933,"1,5-anhydroglucitol (1,5-AG)",Carbohydrate,"Glycolysis, Gluconeogenesis, and Pyruvate Metabolism"
S100000584,0.1917,0.4644,-0.050849812,-0.623872014,0.5221723907,-0.858727465,-1.866952687,0.149497756,-1.165521085,0.4458032117,2-arachidonoylglycerol (20:4),Lipid,Monoacylglycerol
S100000611,0.8064,0.9187,0.0393140029,-0.114385308,0.1930133133,-0.000725278,-0.271157245,0.2697066888,-0.057764472,0.9607516992,1-palmityl-GPC (O-16:0),Lipid,Lysoplasmalogen
S100000616,0.0714,0.2747,-0.024527102,-0.147350813,0.0982966082,0.2183625818,0.0022558373,0.4344693263,0.3504157427,1.2749279715,1-stearoyl-2-arachidonoyl-GPI (18:0/20:4),Lipid,Phosphatidylinositol (PI)
S100000626,0.0453,0.2144,-0.109487175,-0.281765701,0.0627913503,0.2716983671,-0.031423491,0.5748202251,0.5499344918,1.4640192179,sphingosine 1-phosphate,Lipid,Sphingosines
S100000630,0.0098,0.1063,-1.320984685,-1.727231452,-0.914737919,-0.130731188,-0.845517168,0.5840547913,1.7171728175,3.2879145781,1-oleoyl-GPS (18:1),Lipid,Lysophospholipid
S100000656,0.3459,0.6104,-0.121783406,-0.433897696,0.1903308837,0.1934140428,-0.35574705,0.7425751355,0.4547337963,1.3705298938,1-stearoyl-GPI (18:0),Lipid,Lysophospholipid
S100000657,0.671,0.8484,-0.056787032,-0.215651073,0.1020770095,0.0150033945,-0.26451585,0.2945226387,0.1035716917,1.0744301479,"1,2-dipalmitoyl-GPC (16:0/16:0)",Lipid,Phosphatidylcholine (PC)
S100000665,0.3675,0.6339,-0.010870267,-0.398014681,0.3762741469,0.3626313384,-0.318544296,1.0438069729,0.5388489137,1.4528128957,docosahexaenoate (DHA; 22:6n3),Lipid,Long Chain Polyunsaturated Fatty Acid (n3 and n6)
S100000672,0.5288,0.7582,-0.101319365,-0.327884441,0.1252457124,-0.25346357,-0.652101919,0.1451747795,-0.21949769,0.8588644191,1-myristoyl-2-palmitoyl-GPC (14:0/16:0),Lipid,Phosphatidylcholine (PC)
S100000706,0.7637,0.8984,0.0626915939,-0.176709687,0.3020928746,0.1392104134,-0.282013072,0.5604338986,0.1103933214,1.0795225062,alpha-hydroxyisocaproate,Amino Acid,"Leucine, Isoleucine and Valine Metabolism"
S100000707,0.3035,0.5746,0.0034071555,-0.13574415,0.1425584607,0.1570600338,-0.087774904,0.4018949719,0.2216742456,1.1660860428,maleate,Lipid,"Fatty Acid, Dicarboxylate"
S100000708,0.0001,0.0064,-0.084947576,-0.268898921,0.0990037683,0.8313326533,0.5076726198,1.1549926868,1.3219129435,2.4999737448,isovalerate (i5:0),Amino Acid,"Leucine, Isoleucine and Valine Metabolism"
S100000710,0.4499,0.7006,0.06402756,-0.127323468,0.2553785884,0.2184554809,-0.118224201,0.5551351631,0.2227923957,1.1669901594,mandelate,Xenobiotics,Benzoate Metabolism
S100000711,0.9194,0.9684,-0.238767598,-0.661971968,0.1844367725,-0.284267707,-1.028890373,0.4603549583,-0.065642783,0.9555194978,4-acetylphenol sulfate,Xenobiotics,Benzoate Metabolism
S100000715,0.5455,0.7686,0.1299122634,-0.246563226,0.5063877525,0.3725112187,-0.289892579,1.0349150169,0.3499963097,1.2745573671,1-methylguanidine,Amino Acid,Guanidino and Acetamido Metabolism
S100000743,0.223,0.4875,-0.036922362,-0.248203824,0.1743591004,-0.31436329,-0.686110315,0.0573837353,-0.400262651,0.7577203233,2-hydroxyoctanoate,Lipid,"Fatty Acid, Monohydroxy"
S100000763,0.209,0.4837,0.2424333793,-0.005231345,0.4900981039,-0.093210783,-0.528973692,0.3425521257,-0.484232169,0.7148774408,5-methylcytidine,Nucleotide,"Pyrimidine Metabolism, Cytidine containing"
S100000772,0.2113,0.4837,-0.356600067,-0.924813542,0.2116134082,0.4093348271,-0.5904295,1.4090991539,1.1050104729,2.1510043956,mevalonolactone,Lipid,Mevalonate Metabolism
S100000773,0.3965,0.6609,-0.002768883,-0.326063397,0.3205256315,0.2904404473,-0.278392107,0.8592730016,0.4230116463,1.3407234147,3-hydroxyoctanoate,Lipid,"Fatty Acid, Monohydroxy"
S100000774,0.8281,0.9241,0.0729237828,-0.21502664,0.3608742057,0.006503746,-0.500141333,0.5131488248,-0.095823858,0.9357377375,phenyllactate (PLA),Amino Acid,Phenylalanine Metabolism
S100000776,0.1164,0.3476,-0.001769261,-0.168768989,0.165230468,0.2835517152,-0.010282167,0.5773855975,0.4116311569,1.3301889181,palmitoylcarnitine (C16),Lipid,"Fatty Acid Metabolism (Acyl Carnitine, Long Chain Saturated)"
S100000781,0.994,0.995,0.0881089733,-0.237161429,0.4133793756,0.0855299359,-0.486779168,0.65783904,-0.003720764,0.9974242854,hexanoylcarnitine (C6),Lipid,"Fatty Acid Metabolism (Acyl Carnitine, Medium Chain)"
S100000787,0.8377,0.9295,0.1097606077,-0.109520082,0.3290412968,0.1574829205,-0.228338642,0.5433044828,0.0688487441,1.0488793546,N-acetylaspartate (NAA),Amino Acid,Alanine and Aspartate Metabolism
S100000800,0.2947,0.5694,0.0472155464,-0.290183574,0.3846146665,-0.332304808,-0.925954236,0.2613446193,-0.547532134,0.6841894987,indoleacrylate,Amino Acid,Tryptophan Metabolism
S100000802,0.862,0.9401,0.0331294297,-0.18721133,0.253470189,-0.007564502,-0.395251244,0.3801222403,-0.058708933,0.9601229483,acetylcarnitine (C2),Lipid,"Fatty Acid Metabolism (Acyl Carnitine, Short Chain)"
S100000808,0.6805,0.8532,0.0255258013,-0.229500288,0.2805518902,0.1372425478,-0.311472587,0.5859576829,0.1611731962,1.1181960829,cysteine s-sulfate,Amino Acid,"Methionine, Cysteine, SAM and Taurine Metabolism"
S100000827,0.5469,0.7697,0.0641101528,-0.335910513,0.4641308183,-0.192723427,-0.896554662,0.5111078072,-0.370532532,0.7734969284,1-palmitoylglycerol (16:0),Lipid,Monoacylglycerol
S100000840,0.084,0.2941,-0.015952598,-0.193290923,0.1613857277,0.3192511969,0.0072266863,0.6312757075,0.4835968521,1.3982253069,tartronate (hydroxymalonate),Xenobiotics,Food Component/Plant
S100000841,0.3092,0.5772,0.0257698612,-0.154412058,0.2059517805,-0.170806219,-0.487833996,0.1462215593,-0.283599335,0.8215388265,oxalate (ethanedioate),Cofactors and Vitamins,Ascorbate and Aldarate Metabolism
S100000846,0.143,0.395,0.0194243673,-0.171771273,0.2106200076,0.3232207651,-0.013185514,0.6596270439,0.4382855567,1.3549931485,erythritol,Xenobiotics,Food Component/Plant
S100000862,0.5618,0.7709,-1.206522071,-1.786527747,-0.626516394,-0.847962886,-1.86847544,0.1725496684,0.5172915581,1.4312657391,4-hydroxybenzoate,Xenobiotics,Benzoate Metabolism
S100000863,0.0125,0.1193,-0.048667667,-0.177521322,0.0801859886,0.314954236,0.0882378805,0.5416705916,0.5245955161,1.4385302073,adipate (C6-DC),Lipid,"Fatty Acid, Dicarboxylate"
S100000882,0.298,0.5715,0.0561537946,-0.178028083,0.2903356719,-0.205434824,-0.617474836,0.2066051876,-0.377392603,0.7698276511,3-hydroxymyristate,Lipid,"Fatty Acid, Monohydroxy"
S100000924,0.5427,0.7668,-0.091073851,-0.505062243,0.3229145409,0.1775499456,-0.550857325,0.905957216,0.3875422197,1.3081629136,1-oleoylglycerol (18:1),Lipid,Monoacylglycerol
S100000936,0.8712,0.9458,-0.055263258,-0.260409572,0.1498830561,-0.019932433,-0.380884744,0.341019877,0.0509716053,1.0359623739,3-methyl-2-oxobutyrate,Amino Acid,"Leucine, Isoleucine and Valine Metabolism"
S100000943,0.2459,0.5122,-0.340827875,-0.702318515,0.0206627646,0.1106111275,-0.525427021,0.7466492755,0.6512888105,1.5705706156,2-oleoylglycerol (18:1),Lipid,Monoacylglycerol
S100000961,0.9266,0.973,-0.053261588,-0.448831191,0.3423080136,-0.091991086,-0.787990732,0.6040085587,-0.055874855,0.9620108998,homoarginine,Amino Acid,Urea cycle; Arginine and Proline Metabolism
S100000963,0.4674,0.711,-0.138688169,-0.506313764,0.2289374261,0.1464920901,-0.500340433,0.7933246132,0.4114281455,1.3300017514,homocitrulline,Amino Acid,Urea cycle; Arginine and Proline Metabolism
S100000987,0.657,0.8409,-0.275627774,-0.719428169,0.1681726212,-0.485363538,-1.266224645,0.2954975695,-0.302584746,0.8107984599,2-linoleoylglycerol (18:2),Lipid,Monoacylglycerol
S100000989,0.1533,0.4115,0.6764969877,0.1235062054,1.2294877699,-0.179178335,-1.15215853,0.793801859,-1.234478545,0.4249960845,triethanolamine,Xenobiotics,Chemical
S100000997,0.7565,0.8947,-0.003214214,-0.260831501,0.2544030734,0.0816948727,-0.371579442,0.5349691877,0.1224979177,1.0886180919,3-hydroxydecanoate,Lipid,"Fatty Acid, Monohydroxy"
S100001006,0.0193,0.1388,-0.04303947,-0.22781783,0.1417388899,0.4417420822,0.1166269259,0.7668572386,0.6993919415,1.6238202504,N-acetylglycine,Amino Acid,"Glycine, Serine and Threonine Metabolism"
S100001007,0.011,0.1108,-0.064111907,-0.290275285,0.1620514722,0.5871312127,0.1891996462,0.9850627791,0.9395452185,1.9179235553,ribonate,Carbohydrate,Pentose Metabolism
S100001022,0.4619,0.707,-0.013085671,-0.230808276,0.2046369335,-0.184128044,-0.567208177,0.1989520885,-0.246761983,0.8427858614,threonate,Cofactors and Vitamins,Ascorbate and Aldarate Metabolism
S100001026,0.2341,0.5002,-0.341928231,-0.810425839,0.1265693773,-0.942243365,-1.766558902,-0.117927828,-0.866071667,0.5486387141,galactonate,Carbohydrate,"Fructose, Mannose and Galactose Metabolism"
S100001033,0.7737,0.9051,-0.134910267,-0.520544273,0.2507237396,-0.252785122,-0.931303213,0.4257329699,-0.170057469,0.8888072754,beta-sitosterol,Lipid,Sterol
S100001034,0.1014,0.3258,0.2390568915,-0.084958052,0.5630718347,-0.339703235,-0.909803375,0.230396905,-0.834974364,0.5605930002,indoleacetate,Amino Acid,Tryptophan Metabolism
S100001040,0.5524,0.7708,-0.149873769,-0.56714715,0.267399612,-0.41407578,-1.148262945,0.3201113861,-0.381162931,0.7678184163,1-linoleoylglycerol (18:2),Lipid,Monoacylglycerol
S100001051,0.1668,0.4337,-0.54070452,-1.153364006,0.0719549655,0.3759835817,-0.701982931,1.4539500948,1.3225013785,2.5009936223,1-methylhistidine,Amino Acid,Histidine Metabolism
S100001054,0.7862,0.9105,0.0855894794,-0.113292872,0.2844718312,0.0282403618,-0.321690587,0.378171311,-0.082737288,0.9442643525,butyrylcarnitine (C4),Lipid,Fatty Acid Metabolism (also BCAA Metabolism)
S100001055,0.9621,0.9816,0.0042162409,-0.276526423,0.2849589052,-0.009934764,-0.503897884,0.4840283559,-0.020415585,0.98594865,isobutyrylcarnitine (C4),Amino Acid,"Leucine, Isoleucine and Valine Metabolism"
S100001063,0.0507,0.2233,-1.523061538,-2.069931478,-0.976191598,-0.344460299,-1.306670949,0.617750351,1.7003621623,3.2498252924,7-ketodeoxycholate,Lipid,Secondary Bile Acid Metabolism
S100001081,0.5779,0.7785,-0.072300958,-0.456742325,0.3121404095,-0.300206215,-0.976625873,0.3762134437,-0.328797784,0.7961996906,2-pyrrolidinone,Amino Acid,Glutamate Metabolism
S100001083,0.0447,0.213,0.0564343424,-0.211775839,0.3246445237,-0.538526323,-1.010438699,-0.066613946,-0.858346801,0.551584262,indolepropionate,Amino Acid,Tryptophan Metabolism
S100001086,0.0296,0.1714,-0.60138501,-1.067227242,-0.135542778,0.5263650499,-0.293278387,1.3460084872,1.6269994184,3.0886992873,N-(2-furoyl)glycine,Xenobiotics,Food Component/Plant
S100001092,0.8055,0.9186,-0.015120903,-0.364258517,0.3340167104,0.0762603705,-0.538042786,0.6905635274,0.1318353107,1.0956866824,trigonelline (N'-methylnicotinate),Cofactors and Vitamins,Nicotinate and Nicotinamide Metabolism
S100001102,0.0463,0.2156,0.054462244,-0.090484206,0.1994086936,-0.264520104,-0.519551525,-0.009488684,-0.460194252,0.7268883802,dodecanedioate (C12-DC),Lipid,"Fatty Acid, Dicarboxylate"
S100001104,0.9771,0.9866,-0.004422555,-0.149100561,0.1402554507,-0.000012171,-0.254571268,0.2545469259,0.006362839,1.004420124,N-acetyltyrosine,Amino Acid,Tyrosine Metabolism
S100001112,0.8204,0.9221,-0.001395857,-0.27878972,0.2759980064,-0.068314211,-0.556385159,0.4197567362,-0.096542778,0.9352715591,3-hydroxylaurate,Lipid,"Fatty Acid, Monohydroxy"
S100001121,0.6259,0.8144,-0.052128357,-0.290687752,0.1864310385,0.0716810277,-0.348061171,0.4914232266,0.1786191852,1.1318001119,pyridoxate,Cofactors and Vitamins,Vitamin B6 Metabolism
S100001126,0.007,0.0942,-0.069765205,-0.259732865,0.1202024557,0.5148400331,0.1805943691,0.8490856971,0.8434070776,1.7942825311,gamma-glutamylvaline,Peptide,Gamma-glutamyl Amino Acid
S100001132,0.0962,0.3148,-0.051332763,-0.228309246,0.1256437193,0.2699827878,-0.041405065,0.5813706409,0.4635603522,1.3789406386,pyroglutamylvaline,Peptide,Modified Peptides
S100001148,0.796,0.9164,-0.241831407,-0.544671158,0.0610083444,-0.158617699,-0.69146036,0.3742249619,0.1200520033,1.0867740356,5-hydroxyhexanoate,Lipid,"Fatty Acid, Monohydroxy"
S100001150,0.5308,0.7582,-0.012257503,-0.317595619,0.2930806133,0.1917629877,-0.345475515,0.7290014901,0.2943393502,1.2263232814,propionylglycine,Lipid,Fatty Acid Metabolism (also BCAA Metabolism)
S100001151,0.1704,0.4405,0.0098585563,-0.27645183,0.296168943,0.4345256731,-0.069233783,0.9382851291,0.6126651434,1.5290813294,butyrylglycine,Lipid,Fatty Acid Metabolism (also BCAA Metabolism)
S100001153,0.5298,0.7582,-0.208523151,-0.451975497,0.034929194,-0.371600014,-0.799951296,0.0567512675,-0.235270181,0.8495258889,2-hydroxyadipate,Lipid,"Fatty Acid, Dicarboxylate"
S100001155,0.064,0.2559,-0.292994359,-0.498162877,-0.087825842,0.124559609,-0.236431768,0.4855509861,0.6024030393,1.5182433386,2-methylbutyrylglycine,Amino Acid,"Leucine, Isoleucine and Valine Metabolism"
S100001162,0.5202,0.7503,0.016482549,-0.187682097,0.2206471947,0.1564789401,-0.202746137,0.5157040177,0.2019720993,1.1502696477,propionylcarnitine (C3),Lipid,Fatty Acid Metabolism (also BCAA Metabolism)
S100001167,0.3504,0.615,-0.168414423,-0.455278074,0.118449228,0.1185506906,-0.386182227,0.6232836084,0.4140031466,1.3323777311,pro-hydroxy-pro,Amino Acid,Urea cycle; Arginine and Proline Metabolism
S100001170,0.0823,0.2941,0.0017906539,-0.276681959,0.2802632668,0.5311705486,0.0412015551,1.0211395421,0.7637337488,1.6978791183,3-hydroxy-2-ethylpropionate,Amino Acid,"Leucine, Isoleucine and Valine Metabolism"
S100001178,0.5658,0.7723,-0.581818002,-1.046572086,-0.117063917,-0.297430983,-1.115159839,0.5202978728,0.4102837414,1.3289471585,3-carboxy-4-methyl-5-propyl-2-furanpropanoate (CMPF),Lipid,"Fatty Acid, Dicarboxylate"
S100001180,0.4593,0.707,-0.017167155,-0.250304276,0.2159699666,0.1670323986,-0.243169379,0.5772341759,0.2657437823,1.2022557134,2-hydroxymyristate,Lipid,"Fatty Acid, Monohydroxy"
S100001181,0.1051,0.3344,-0.118362613,-0.474325134,0.2375999094,0.5104449884,-0.115866507,1.1367564838,0.9071776076,1.8753730525,docosapentaenoate (n3 DPA; 22:5n3),Lipid,Long Chain Polyunsaturated Fatty Acid (n3 and n6)
S100001182,0.1106,0.3425,-0.119138186,-0.387401368,0.1491249957,0.3470184942,-0.124987137,0.819024125,0.6725219314,1.5938567062,docosadienoate (22:2n6),Lipid,Long Chain Polyunsaturated Fatty Acid (n3 and n6)
S100001193,0.0228,0.149,-0.089147201,-0.392928474,0.2146340719,0.68442814,0.1499288838,1.2189273962,1.1160333081,2.1675019751,adrenate (22:4n6),Lipid,Long Chain Polyunsaturated Fatty Acid (n3 and n6)
S100001195,0.0306,0.1748,-0.177171868,-0.425448895,0.0711051591,0.4200789354,-0.016761312,0.8569191826,0.8616507721,1.817116317,docosatrienoate (22:3n3),Lipid,Long Chain Polyunsaturated Fatty Acid (n3 and n6)
S100001197,0.0446,0.213,0.0674969055,-0.191716031,0.3267098424,-0.50804543,-0.96412727,-0.051963589,-0.830332073,0.5623997769,10-undecenoate (11:1n1),Lipid,Medium Chain Fatty Acid
S100001198,0.5818,0.7795,0.1013500364,-0.240153136,0.4428532089,-0.099016184,-0.699886639,0.5018542714,-0.289067352,0.8184309721,myristoleate (14:1n5),Lipid,Long Chain Monounsaturated Fatty Acid
S100001204,0.3007,0.5722,-0.240548484,-0.575051738,0.0939547696,0.1310479235,-0.457506265,0.7196021119,0.5361002949,1.4500476354,1-methylhistamine,Amino Acid,Histidine Metabolism
S100001207,0.0497,0.2223,-0.053541245,-0.335228305,0.2281458153,0.5564576193,0.0608328466,1.052082392,0.8800423366,1.8404293088,4-imidazoleacetate,Amino Acid,Histidine Metabolism
S100001208,0.1962,0.4702,0.0070364693,-0.247232106,0.261305045,0.3618059708,-0.08557633,0.809188271,0.5118242004,1.4258519596,1-methyl-4-imidazoleacetate,Amino Acid,Histidine Metabolism
S100001211,0.0492,0.2223,0.0203038803,-0.095314388,0.1359221489,-0.230602512,-0.434031374,-0.02717365,-0.361981408,0.7780952037,sebacate (C10-DC),Lipid,"Fatty Acid, Dicarboxylate"
S100001212,0.6416,0.8272,-0.028354731,-0.527011104,0.4703016426,0.2187143743,-0.658665124,1.0960938727,0.3564453728,1.2802675828,guanidinosuccinate,Amino Acid,Guanidino and Acetamido Metabolism
S100001229,0.7857,0.9105,-0.140113397,-0.726503475,0.4462766819,-0.309596638,-1.341342466,0.7221491899,-0.244512632,0.8441009003,stearidonate (18:4n3),Lipid,Long Chain Polyunsaturated Fatty Acid (n3 and n6)
S100001232,0.1452,0.3988,0.1733504188,-0.094057608,0.4407584458,-0.249132337,-0.719633334,0.221368659,-0.609513777,0.6554175561,5-dodecenoate (12:1n7),Lipid,Medium Chain Fatty Acid
S100001247,0.5064,0.7405,0.2104372293,-0.087519758,0.5083942164,0.4216317768,-0.102619723,0.9458832771,0.3046893264,1.2351526276,octanoylcarnitine (C8),Lipid,"Fatty Acid Metabolism (Acyl Carnitine, Medium Chain)"
S100001250,0.083,0.2941,-0.637057387,-0.889264171,-0.384850602,-0.15870643,-0.602461035,0.2850481743,0.6901145526,1.6134116212,tauro-beta-muricholate,Lipid,Primary Bile Acid Metabolism
S100001251,0.9791,0.9866,0.1884047613,-0.111431706,0.488241229,0.1800643843,-0.347494038,0.7076228065,-0.012032621,0.9916943074,decanoylcarnitine (C10),Lipid,"Fatty Acid Metabolism (Acyl Carnitine, Medium Chain)"
S100001253,0.9608,0.9815,0.0751463197,-0.076940046,0.2272326855,0.0830765162,-0.184517495,0.3506705277,0.0114408552,1.0079617238,N-acetylglutamine,Amino Acid,Glutamate Metabolism
S100001254,0.0908,0.3048,-0.124377957,-0.418004344,0.1692484296,0.4180725643,-0.0985593,0.9347044288,0.7825906772,1.7202171304,N-acetyltryptophan,Amino Acid,Tryptophan Metabolism
S100001256,0.3004,0.5722,0.1066313837,-0.070441924,0.2837046917,0.3034570938,-0.008101122,0.6150153099,0.283959476,1.2175318188,N-acetylphenylalanine,Amino Acid,Phenylalanine Metabolism
S100001257,0.0015,0.0363,-0.077978161,-0.219947368,0.0639910458,0.4508023838,0.2010093834,0.7005953843,0.7628690702,1.6968618001,N-acetylasparagine,Amino Acid,Alanine and Aspartate Metabolism
S100001259,0.4425,0.6979,-0.066353984,-0.230910442,0.0982024744,0.0686495805,-0.220885399,0.35818456,0.1947689728,1.1445408639,S-methylglutathione,Amino Acid,Glutathione Metabolism
S100001262,0.3577,0.6241,0.1717227192,-0.148775458,0.4922208959,-0.143933601,-0.707846035,0.4199788339,-0.455395807,0.7293100566,gamma-glutamyl-epsilon-lysine,Peptide,Gamma-glutamyl Amino Acid
S100001263,0.0001,0.0047,-0.118741625,-0.200304334,-0.037178915,0.3123157286,0.1688071866,0.4558242706,0.6218843059,1.5388838074,1-palmitoyl-GPC (16:0),Lipid,Lysophospholipid
S100001266,0.8281,0.9241,0.0854950306,-0.148509283,0.319499344,0.1394822364,-0.272245354,0.551209827,0.0778870742,1.0554710982,N-acetylarginine,Amino Acid,Urea cycle; Arginine and Proline Metabolism
S100001269,0.6171,0.8087,0.0261741929,-0.253202486,0.3055508721,-0.122526101,-0.614085787,0.3690335858,-0.214529176,0.8618273713,campesterol,Lipid,Sterol
S100001270,0.5553,0.7708,0.1322447327,-0.085863198,0.3503526638,-0.004867886,-0.388625996,0.378890223,-0.197811696,0.8718720311,myristoylcarnitine (C14),Lipid,"Fatty Acid Metabolism (Acyl Carnitine, Long Chain Saturated)"
S100001271,0.0001,0.0101,-0.092766106,-0.177341017,-0.008191195,0.3028869776,0.1540785057,0.4516954496,0.5708067418,1.4853539347,1-stearoyl-GPC (18:0),Lipid,Lysophospholipid
S100001272,0.0067,0.0921,-0.083567568,-0.183496242,0.0163611066,0.2262500072,0.0504267854,0.4020732291,0.446972279,1.3631764139,1-oleoyl-GPC (18:1),Lipid,Lysophospholipid
S100001274,0.8017,0.9164,0.0564027667,-0.077498211,0.1903037444,0.0206700449,-0.214927009,0.2562670991,-0.051551421,0.9648981552,N-acetylthreonine,Amino Acid,"Glycine, Serine and Threonine Metabolism"
S100001275,0.6714,0.8484,0.0186442853,-0.311241751,0.3485303217,-0.13026676,-0.710697013,0.4501634931,-0.214833227,0.8616457588,phenylacetylglycine,Peptide,Acetylated Peptides
S100001276,0.2865,0.5606,0.0143417667,-0.113433858,0.1421173918,0.1606117779,-0.064207797,0.3854313526,0.2110230198,1.1575086862,N-acetylisoleucine,Amino Acid,"Leucine, Isoleucine and Valine Metabolism"
S100001277,0.5593,0.7708,-0.005760668,-0.351435574,0.339914239,0.20932555,-0.398885018,0.8175361181,0.3103038196,1.2399687995,10-nonadecenoate (19:1n9),Lipid,Long Chain Monounsaturated Fatty Acid
S100001278,0.9436,0.9778,-0.014506752,-0.411956784,0.3829432814,0.0153752748,-0.683932964,0.7146835141,0.0431106512,1.0303329746,10-heptadecenoate (17:1n7),Lipid,Long Chain Monounsaturated Fatty Acid
S100001293,0.2754,0.5492,-0.065179577,-0.268540273,0.1381811187,0.1731668717,-0.184643666,0.5309774095,0.3438612396,1.2691488117,N-acetylhistidine,Amino Acid,Histidine Metabolism
S100001294,0.7091,0.8724,0.0032655988,-0.173481659,0.1800128563,0.0733912567,-0.237593278,0.3843757911,0.1011699389,1.0726429589,gamma-glutamylglycine,Peptide,Gamma-glutamyl Amino Acid
S100001295,0.4714,0.7132,-0.052641953,-0.166272517,0.0609886109,0.034722885,-0.165208636,0.2346544058,0.1260408185,1.0912947529,gamma-glutamyltryptophan,Peptide,Gamma-glutamyl Amino Acid
S100001296,0.0796,0.2909,0.025066502,-0.31208113,0.3622141342,-0.621931438,-1.215138376,-0.0287245,-0.933420719,0.5236153443,stachydrine,Xenobiotics,Food Component/Plant
S100001300,0.5484,0.7697,-0.029413993,-0.273057784,0.2142297972,0.1264274342,-0.302260693,0.5551155613,0.2248316548,1.1686408742,alpha-hydroxyisovalerate,Amino Acid,"Leucine, Isoleucine and Valine Metabolism"
S100001310,0.1845,0.4577,-0.029418774,-0.207049358,0.1482118093,0.2253242542,-0.087214481,0.5378629895,0.3675165038,1.2901300515,nicotinamide riboside,Cofactors and Vitamins,Nicotinate and Nicotinamide Metabolism
S100001311,0.2305,0.4945,-0.314280697,-0.732702186,0.104140793,0.2261725491,-0.5100347,0.9623797978,0.7797092176,1.7167848115,ophthalmate,Amino Acid,Glutathione Metabolism
S100001312,0.6481,0.8327,0.1169496295,-0.092117444,0.3260167032,0.015416591,-0.352434246,0.3832674277,-0.146481211,0.9034513301,felinine,Amino Acid,Felinine Metabolism
S100001313,0.6216,0.8115,0.0465922973,-0.149450761,0.2426353553,0.149595456,-0.195339792,0.4945307041,0.1486021463,1.1084949105,gamma-glutamylmethionine,Peptide,Gamma-glutamyl Amino Acid
S100001314,0.027,0.1651,-0.053330878,-0.244107803,0.137446046,0.4171749399,0.0815053863,0.7528444935,0.678796411,1.6008037045,gamma-glutamylthreonine,Peptide,Gamma-glutamyl Amino Acid
S100001315,0.3683,0.6343,-0.125598099,-0.779941662,0.5287454649,-0.755772851,-1.907081965,0.395536263,-0.90914999,0.5324987375,p-cresol sulfate,Xenobiotics,Benzoate Metabolism
S100001316,0.0815,0.2923,-1.292216909,-1.648982366,-0.935451452,-0.611986115,-1.239710364,0.0157381341,0.9813655929,1.9743333436,nicotinate ribonucleoside,Cofactors and Vitamins,Nicotinate and Nicotinamide Metabolism
S100001319,0.1147,0.3473,0.0770605781,-0.16018458,0.3143057364,-0.330245833,-0.747675649,0.0871839822,-0.58761894,0.6654402605,gamma-glutamylfelinylglycine*,Amino Acid,Felinine Metabolism
S100001320,0.1719,0.4412,0.0026233271,-0.186237257,0.1914839108,0.2816933203,-0.050604456,0.6139910968,0.4026128953,1.3218998647,erythronate*,Carbohydrate,Aminosugar Metabolism
S100001335,0.1212,0.3574,-0.041224126,-0.33724731,0.2547990575,0.4576863717,-0.063162626,0.9785353696,0.7197757011,1.6469259636,eicosenoate (20:1),Lipid,Long Chain Monounsaturated Fatty Acid
S100001337,0.4895,0.728,0.104564142,-0.267338059,0.4764663429,-0.169699386,-0.824056542,0.4846577704,-0.395678632,0.7601317329,linolenate [alpha or gamma; (18:3n3 or 6)],Lipid,Long Chain Polyunsaturated Fatty Acid (n3 and n6)
S100001359,0.6111,0.8045,0.1010917286,-0.074230548,0.276414005,0.0061577896,-0.302319509,0.314635088,-0.136960723,0.9094330105,aconitate [cis or trans],Energy,TCA Cycle
S100001383,0.8452,0.9334,-0.100952531,-0.298692223,0.0967871608,-0.059923795,-0.407844249,0.2879966595,0.0591919549,1.0418820453,1-myristoyl-GPC (14:0),Lipid,Lysophospholipid
S100001384,0.0872,0.2951,0.0976029124,-0.060940417,0.2561462421,-0.198861336,-0.477816293,0.0800936204,-0.427707501,0.7434422058,1-arachidoyl-GPC (20:0),Lipid,Lysophospholipid
S100001386,0.0248,0.159,-0.481531038,-1.057579425,0.0945173491,0.9625814927,-0.050968262,1.9761312473,2.0834139867,4.2380892997,heme,Cofactors and Vitamins,Hemoglobin and Porphyrin Metabolism
S100001391,0.0129,0.1193,-0.16585813,-0.374471088,0.0427548271,0.4197562424,0.0527044173,0.7868080676,0.8448629516,1.7960941182,stearoylcarnitine (C18),Lipid,"Fatty Acid Metabolism (Acyl Carnitine, Long Chain Saturated)"
S100001392,0.6881,0.8577,0.1802013745,-0.089079878,0.4494826275,0.0652229189,-0.408573995,0.5390198324,-0.165878848,0.891385348,laurylcarnitine (C12),Lipid,"Fatty Acid Metabolism (Acyl Carnitine, Medium Chain)"
S100001393,0.1059,0.335,0.0664372239,-0.217068448,0.3499428959,0.5659339019,0.0671093055,1.0647584984,0.7206213803,1.6478916418,isovalerylcarnitine (C5),Amino Acid,"Leucine, Isoleucine and Valine Metabolism"
S100001395,0.3185,0.585,-0.064369766,-0.206263019,0.0775234869,0.0874338595,-0.162225501,0.3370932197,0.2190063378,1.1639316476,1-linoleoyl-GPC (18:2),Lipid,Lysophospholipid
S100001409,0.3949,0.6604,0.101390634,-0.10445394,0.3072352082,-0.08594195,-0.448122841,0.2762389397,-0.270263791,0.8291679222,N1-methylinosine,Nucleotide,"Purine Metabolism, (Hypo)Xanthine/Inosine containing"
S100001411,0.1156,0.3476,-0.46366744,-0.981473607,0.0541387275,0.4231283409,-0.487944974,1.3342016559,1.2793758749,2.427339449,beta-guanidinopropanoate,Xenobiotics,Food Component/Plant
S100001412,0.0846,0.2941,-0.014009791,-0.157101551,0.1290819689,-0.283947778,-0.535715895,-0.032179661,-0.389438196,0.763426835,"N2,N2-dimethylguanosine",Nucleotide,"Purine Metabolism, Guanine containing"
S100001413,0.2681,0.5368,0.0269918434,-0.247650417,0.3016341034,-0.299914,-0.783143537,0.1833155362,-0.47162544,0.7211516407,N4-acetylcytidine,Nucleotide,"Pyrimidine Metabolism, Cytidine containing"
S100001415,0.2615,0.5342,0.0893081986,-0.080635025,0.2592514226,-0.115858081,-0.414871006,0.1831548438,-0.295992374,0.8145118685,N6-carbamoylthreonyladenosine,Nucleotide,"Purine Metabolism, Adenine containing"
S100001416,0.0808,0.2923,-0.072134913,-0.289963252,0.1456934254,0.3441506922,-0.039115478,0.7274168628,0.6005731789,1.5163188764,orotidine,Nucleotide,"Pyrimidine Metabolism, Orotate containing"
S100001417,0.9523,0.979,0.0844110045,-0.383067864,0.5518898729,0.0546815089,-0.767841569,0.8772045866,-0.042890596,0.9707080789,phenylacetylglutamine,Peptide,Acetylated Peptides
S100001423,0.4771,0.7188,0.0261922176,-0.562349762,0.6147341968,-0.420398857,-1.455930927,0.6151332124,-0.644294729,0.6398054873,4-hydroxyhippurate,Xenobiotics,Benzoate Metabolism
S100001425,0.2059,0.4837,-0.035297723,-0.169806919,0.0992114743,0.1482751682,-0.08839204,0.3849423761,0.2648396991,1.2015025406,"5,6-dihydrouridine",Nucleotide,"Pyrimidine Metabolism, Uracil containing"
S100001426,0.4612,0.707,-0.00291918,-0.192686977,0.1868486161,0.1464003143,-0.187493692,0.4802943203,0.2154224946,1.1610438774,3-(3-amino-3-carboxypropyl)uridine*,Nucleotide,"Pyrimidine Metabolism, Uracil containing"
S100001433,0.3822,0.6492,0.1318587453,-0.393553828,0.6572713184,-0.359454015,-1.283910704,0.5650026736,-0.708814483,0.6118226901,1-arachidonylglycerol (20:4),Lipid,Monoacylglycerol
S100001437,0.8127,0.9215,-0.039246098,-0.177503184,0.099010988,-0.004439876,-0.247701447,0.238821695,0.0502147639,1.0354190479,cysteine-glutathione disulfide,Amino Acid,Glutathione Metabolism
S100001452,0.0329,0.1808,-0.015043925,-0.317966948,0.2878790975,0.7029037826,0.1699146061,1.2358929591,1.0357795979,2.0502212373,isovalerylglycine,Amino Acid,"Leucine, Isoleucine and Valine Metabolism"
S100001454,0.8488,0.9354,-0.03292043,-0.197183636,0.131342777,0.0003547667,-0.28866424,0.2893737734,0.0480059605,1.0338350076,3-hydroxydodecanedioate*,Lipid,"Fatty Acid, Dicarboxylate"
S100001456,0.1826,0.4571,0.0430446454,-0.03355797,0.1196472608,-0.067301087,-0.202082407,0.0674802331,-0.159195241,0.8955244699,7-methylguanine,Nucleotide,"Purine Metabolism, Guanine containing"
S100001461,0.0005,0.0185,-0.024301695,-0.122867979,0.0742645894,0.3894875242,0.2160614107,0.5629136376,0.5969716539,1.5125382786,1-stearoyl-GPE (18:0),Lipid,Lysophospholipid
S100001462,0.0094,0.1054,-0.168644278,-0.389434494,0.0521459387,0.4826867951,0.0942092391,0.8711643512,0.9396721087,1.9180922509,1-stearoyl-GPG (18:0),Lipid,Lysophospholipid
S100001468,0.7037,0.8699,-0.006545679,-0.421096331,0.4080049738,0.1611174386,-0.568279122,0.8905139988,0.2418867478,1.1825381668,N1-methyl-2-pyridone-5-carboxamide,Cofactors and Vitamins,Nicotinate and Nicotinamide Metabolism
S100001481,0.6124,0.8045,-0.140249436,-0.698589765,0.4180908926,-0.441417713,-1.423810366,0.5409749401,-0.434493979,0.7399532455,1-docosahexaenoylglycerol (22:6),Lipid,Monoacylglycerol
S100001485,0.0131,0.1193,-0.055773373,-0.253599528,0.1420527819,0.4985152688,0.1504426849,0.8465878526,0.7996694744,1.740702281,gamma-glutamylisoleucine*,Peptide,Gamma-glutamyl Amino Acid
S100001491,0.0505,0.2233,-0.258098275,-0.525196658,0.009000108,0.3181405642,-0.151815617,0.7880967455,0.8313369154,1.7793334698,N-glycolylneuraminate,Carbohydrate,Aminosugar Metabolism
S100001501,0.2104,0.4837,-0.055364272,-0.25577437,0.1450458256,0.2153778012,-0.137241198,0.5679968003,0.390598247,1.3109369016,oleoylcarnitine (C18:1),Lipid,"Fatty Acid Metabolism (Acyl Carnitine, Monounsaturated)"
S100001502,0.4273,0.6861,-0.079796224,-0.406425318,0.2468328691,0.1973142592,-0.377385445,0.7720139631,0.3997859204,1.3193121253,gamma-glutamyl-2-aminobutyrate,Peptide,Gamma-glutamyl Amino Acid
S100001509,0.8258,0.9241,0.040617248,-0.211379612,0.2926141082,-0.018316739,-0.461701985,0.425068507,-0.085023771,0.9427690022,2-methylbutyrylcarnitine (C5),Amino Acid,"Leucine, Isoleucine and Valine Metabolism"
S100001510,0.3359,0.6063,-0.120028383,-0.720064763,0.4800079968,0.4988563008,-0.556900019,1.554612621,0.8928618642,1.856855905,phenol sulfate,Amino Acid,Tyrosine Metabolism
S100001511,0.4178,0.6793,0.0376206275,-0.120372017,0.1956132724,0.1744454384,-0.103540596,0.4524314723,0.1973964761,1.1466272543,1-palmitoleoyl-GPC (16:1)*,Lipid,Lysophospholipid
S100001526,0.8012,0.9164,-0.026595084,-0.288649389,0.2354592205,-0.096711448,-0.557792639,0.3643697436,-0.101156529,0.93228533,malonylcarnitine,Lipid,Fatty Acid Synthesis
S100001527,0.1099,0.3415,-0.249300082,-0.689684752,0.1910845876,0.5174234194,-0.257427763,1.2922746016,1.1061481932,2.1527013631,hexanoylglycine,Lipid,Fatty Acid Metabolism (Acyl Glycine)
S100001531,0.2807,0.5545,0.0300761136,-0.085955642,0.1461078695,-0.104390814,-0.308547202,0.0997655732,-0.19399477,0.8741817895,3-ureidoisobutyrate,Nucleotide,"Pyrimidine Metabolism, Uracil containing"
S100001540,0.3857,0.6513,0.0545840453,-0.325521888,0.4346899789,0.4073875812,-0.261403938,1.0761791,0.5089879117,1.4230515375,glutamine_degradant*,Partially Characterized Molecules,Partially Characterized Molecules
S100001541,0.8142,0.9216,-0.090549775,-0.321942322,0.1408427728,-0.032772848,-0.439905069,0.3743593735,0.0833544854,1.0594786278,2-hydroxy-3-methylvalerate,Amino Acid,"Leucine, Isoleucine and Valine Metabolism"
S100001550,0.1834,0.4571,0.0718899568,-0.510472808,0.654252722,-0.765291154,-1.789950976,0.2593686679,-1.207797037,0.4329291844,homostachydrine*,Xenobiotics,Food Component/Plant
S100001551,0.0289,0.1702,-0.237135212,-0.519600778,0.0453303548,0.4499649159,-0.047029628,0.9469594597,0.9912759464,1.9879423869,1-arachidonoyl-GPC (20:4n6)*,Lipid,Lysophospholipid
S100001552,0.0216,0.1452,-0.003550323,-0.133394861,0.1262942161,0.3302129279,0.101753126,0.5586727297,0.4815185863,1.3962125518,1-dihomo-linolenoyl-GPC (20:3n3 or 6)*,Lipid,Lysophospholipid
S100001553,0.7978,0.9164,0.0429302917,-0.15035406,0.2362146433,-0.009691316,-0.349772655,0.3303900241,-0.075916932,0.9487389406,1-dihomo-linoleoyl-GPC (20:2)*,Lipid,Lysophospholipid
S100001561,0.1771,0.4476,-0.704318814,-1.15171116,-0.256926468,-0.051460164,-0.838641263,0.7357209342,0.9418759362,1.9210245234,2-palmitoleoyl-GPC (16:1)*,Lipid,Lysophospholipid
S100001562,0.0488,0.2223,-0.121528184,-0.350730327,0.1076739586,0.3767723043,-0.026505928,0.7800505368,0.7188956433,1.6459216293,2-palmitoyl-GPC (16:0)*,Lipid,Lysophospholipid
S100001563,0.434,0.6906,-0.161944274,-0.276061861,-0.047826687,-0.066559292,-0.267347723,0.1342291399,0.1376114408,1.1000822857,2-myristoyl-GPC (14:0)*,Lipid,Lysophospholipid
S100001566,0.0735,0.2797,-0.136934485,-0.433346154,0.159477185,0.4445687639,-0.07696377,0.9661012981,0.8389318531,1.7887253096,1-docosahexaenoyl-GPC (22:6)*,Lipid,Lysophospholipid
S100001567,0.0416,0.2053,-0.048412869,-0.177245528,0.0804197905,0.2421063406,0.015426928,0.4687857533,0.4191306226,1.3371215538,1-palmitoyl-GPE (16:0),Lipid,Lysophospholipid
S100001569,0.8905,0.9538,0.044774337,-0.205218537,0.2947672108,0.081340067,-0.35851919,0.5211993245,0.0527531973,1.0372424797,1-oleoyl-GPE (18:1),Lipid,Lysophospholipid
S100001570,0.3126,0.5802,-0.06004255,-0.287590376,0.1675052759,-0.306553842,-0.706921326,0.0938136413,-0.355640619,0.7815225364,1-linoleoyl-GPE (18:2)*,Lipid,Lysophospholipid
S100001571,0.2768,0.551,-0.086519124,-0.229823095,0.0567848463,0.0809353576,-0.171206142,0.3330768573,0.2415857507,1.1822914734,1-arachidonoyl-GPE (20:4n6)*,Lipid,Lysophospholipid
S100001579,0.6671,0.8484,-0.013523712,-0.218654715,0.1916072917,0.0803549607,-0.280570411,0.4412803324,0.1354382953,1.0984264685,2-hydroxypalmitate,Lipid,"Fatty Acid, Monohydroxy"
S100001580,0.0772,0.2878,-0.177812687,-0.503481525,0.1478561498,0.4524724292,-0.120537716,1.0254825746,0.9093092121,1.8781459936,docosapentaenoate (n6 DPA; 22:5n6),Lipid,Long Chain Polyunsaturated Fatty Acid (n3 and n6)
S100001581,0.049,0.2223,-0.13503289,-0.350622604,0.080556824,0.3334018155,-0.045925523,0.7127291544,0.6758084267,1.5974916903,N-methylleucine,Amino Acid,"Leucine, Isoleucine and Valine Metabolism"
S100001586,0.2436,0.5094,-0.137363044,-0.446785849,0.1720597615,0.2509968389,-0.293428622,0.7954222994,0.5602848769,1.4745603576,gulonate*,Cofactors and Vitamins,Ascorbate and Aldarate Metabolism
S100001590,0.0309,0.1748,-0.06810194,-0.398138264,0.2619343838,0.7241964519,0.1435017693,1.3048911344,1.1430449613,2.2084665197,isobutyrylglycine,Amino Acid,"Leucine, Isoleucine and Valine Metabolism"
S100001591,0.2947,0.5694,0.0222347003,-0.556882506,0.6013519065,-0.629287922,-1.648237224,0.3896613809,-0.939948456,0.5212515033,phenylpropionylglycine,Xenobiotics,Benzoate Metabolism
S100001593,0.7343,0.8835,-0.020801632,-0.300120699,0.258517434,-0.121608587,-0.613066904,0.3698497309,-0.145433693,0.9041075502,glutarylcarnitine (C5-DC),Amino Acid,Lysine Metabolism
S100001594,0.4027,0.6661,0.0918688157,-0.121171902,0.3049095337,0.2824994446,-0.092342968,0.6573418576,0.275021863,1.2100124259,beta-hydroxyisovaleroylcarnitine,Amino Acid,"Leucine, Isoleucine and Valine Metabolism"
S100001597,0.5756,0.7767,0.0765386879,-0.171934915,0.3250122912,-0.071633033,-0.508819153,0.3655530879,-0.213766606,0.8622830306,tiglylcarnitine (C5:1-DC),Amino Acid,"Leucine, Isoleucine and Valine Metabolism"
S100001604,0.8645,0.9419,-0.025241204,-0.496151029,0.4456686221,-0.110597566,-0.939157369,0.7179622366,-0.123143201,0.9181850191,hydroquinone sulfate,Xenobiotics,Drug - Topical Agents
S100001605,0.5996,0.7978,-0.08040596,-0.661810271,0.50099835,-0.405404878,-1.428378311,0.6175685549,-0.468874327,0.7225281357,catechol sulfate,Xenobiotics,Benzoate Metabolism
S100001606,0.8207,0.9221,-0.025480422,-0.216211732,0.1652508874,0.020466059,-0.315123236,0.3560553538,0.0662867605,1.0470183742,cholesterol sulfate,Lipid,Sterol
S100001609,0.9875,0.9913,-0.0067881,-0.137495335,0.1239191361,-0.008957702,-0.238935408,0.2210200036,-0.003130075,0.9978327491,7alpha-hydroxy-3-oxo-4-cholestenoate (7-Hoca),Lipid,Sterol
S100001612,0.2214,0.4859,-0.09492914,-0.28390727,0.0940489893,0.1541438424,-0.178360754,0.4866484391,0.3593363567,1.2828356542,N-acetyl-aspartyl-glutamate (NAAG),Amino Acid,Glutamate Metabolism
S100001613,0.0126,0.1193,0.0763609342,-0.08014426,0.2328661281,-0.364665165,-0.640034048,-0.089296282,-0.636266166,0.6433759147,tetradecanedioate (C14-DC),Lipid,"Fatty Acid, Dicarboxylate"
S100001614,0.0895,0.3014,0.0771227208,-0.083635821,0.2378812631,-0.22111582,-0.503968415,0.0617367748,-0.430267264,0.7421242917,hexadecanedioate (C16-DC),Lipid,"Fatty Acid, Dicarboxylate"
S100001615,0.3168,0.585,0.0668064058,-0.085644204,0.219257016,-0.096880459,-0.365115354,0.1713544359,-0.236150228,0.8490078345,octadecanedioate (C18-DC),Lipid,"Fatty Acid, Dicarboxylate"
S100001617,0.8873,0.9519,-0.053863884,-0.200344284,0.0926165148,-0.075915065,-0.33364545,0.18181532,-0.031813129,0.9781901693,undecanedioate (C11-DC),Lipid,"Fatty Acid, Dicarboxylate"
S100001619,0.0006,0.0215,-0.163361439,-0.331974198,0.0052513202,0.5250558378,0.2283838496,0.8217278261,0.9931761909,1.9905625287,glycerophosphoglycerol,Lipid,Glycerolipid Metabolism
S100001620,0.0001,0.0058,-0.021253951,-0.118516564,0.0760086616,0.4710985232,0.2999662022,0.6422308443,0.7103144735,1.6361607227,glycerophosphoethanolamine,Lipid,Phospholipid Metabolism
S100001621,0.0514,0.2233,-0.071409116,-0.221234944,0.0784167113,0.2504605274,-0.013156096,0.5140771509,0.4643597388,1.3797049111,glycerophosphoinositol*,Lipid,Phospholipid Metabolism
S100001623,0.5253,0.7566,-0.237325774,-0.518497602,0.0438460538,-0.046902003,-0.541620231,0.4478162251,0.2747234305,1.2097621515,3-(2-hydroxyphenyl)propionate,Xenobiotics,Benzoate Metabolism
S100001624,0.2644,0.5342,-0.199433959,-0.822437497,0.4235695784,-0.947021238,-2.043187979,0.1491455022,-1.07854046,0.4735076175,3-(3-hydroxyphenyl)propionate,Xenobiotics,Benzoate Metabolism
S100001635,0.4837,0.7245,0.1953089483,-0.143678129,0.5342960252,0.4486817695,-0.147761648,1.0451251868,0.3655397127,1.2883635166,ectoine,Xenobiotics,Chemical
S100001643,0.3091,0.5772,0.1227408884,-0.313865555,0.5593473316,-0.35370752,-1.121910962,0.4144959207,-0.687369757,0.6209849646,jasmonic acid,Xenobiotics,Food Component/Plant
S100001654,0.4076,0.6713,-0.105883532,-0.416906063,0.2051389996,0.1695007146,-0.377739443,0.7167408724,0.3972954865,1.3170366441,1-arachidonoyl-GPI (20:4)*,Lipid,Lysophospholipid
S100001655,0.7385,0.8852,-0.164160079,-0.597892462,0.2695723039,-0.010192748,-0.773339318,0.7529538209,0.2221279045,1.166452779,1-palmitoyl-GPI (16:0),Lipid,Lysophospholipid
S100001658,0.0183,0.1388,-0.096477021,-0.335563167,0.1426091251,0.5368968398,0.1162278296,0.9575658501,0.9137653283,1.8839560748,taurolithocholate 3-sulfate,Lipid,Secondary Bile Acid Metabolism
S100001662,0.767,0.901,-0.008344311,-0.171296527,0.1546079045,-0.059661788,-0.346374123,0.2270505468,-0.07403547,0.9499770266,deoxycarnitine,Lipid,Carnitine Metabolism
S100001664,0.3059,0.5749,-0.155039848,-0.358800071,0.0487203755,0.068834527,-0.289678975,0.4273480286,0.3229824503,1.2509138633,N6-succinyladenosine,Nucleotide,"Purine Metabolism, Adenine containing"
S100001668,0.0683,0.2678,0.061173044,-0.186564306,0.3089103939,-0.434493711,-0.870384403,0.0013969816,-0.715095969,0.6091646086,1-ribosyl-imidazoleacetate*,Amino Acid,Histidine Metabolism
S100001723,0.0867,0.2951,-0.305237081,-0.533801956,-0.076672207,0.1227822164,-0.279374751,0.5249391839,0.617501318,1.5342156873,alpha-hydroxycaproate,Lipid,"Fatty Acid, Monohydroxy"
S100001730,0.0022,0.0441,0.0386247682,-0.173618561,0.250868097,0.7988498196,0.4254104026,1.1722892365,1.0967729115,2.1387574966,"3,4-dihydroxybutyrate",Lipid,"Fatty Acid, Dihydroxy"
S100001731,0.9494,0.979,-0.343739809,-0.799976162,0.1124965444,-0.312976861,-1.115718877,0.489765155,0.0443815518,1.0312410167,indoleacetylglutamine,Amino Acid,Tryptophan Metabolism
S100001733,0.1266,0.3625,-0.233710993,-0.67663122,0.2092092348,0.5016907442,-0.27762172,1.2810032083,1.0609604391,2.0863199762,hexanoylglutamine,Lipid,Fatty Acid Metabolism (Acyl Glutamine)
S100001734,0.034,0.1823,-0.049985156,-0.253447611,0.1534772981,0.4291542262,0.0711646452,0.7871438071,0.691252011,1.6146841785,N6-acetyllysine,Amino Acid,Lysine Metabolism
S100001739,0.1793,0.4501,-0.053832432,-0.271675366,0.1640105018,0.2624500151,-0.120841835,0.6457418655,0.4562991182,1.3720177235,dihomo-linolenate (20:3n3 or n6),Lipid,Long Chain Polyunsaturated Fatty Acid (n3 and n6)
S100001740,0.0035,0.0596,-0.063846048,-0.217481602,0.0897895051,0.4556601657,0.1853403782,0.7259799532,0.7494890388,1.6811972932,mannitol/sorbitol,Carbohydrate,"Fructose, Mannose and Galactose Metabolism"
S100001743,0.1348,0.3803,0.2490101137,-0.513204082,1.0112243093,-0.988633136,-2.329739245,0.3524729723,-1.785541779,0.2900670285,tryptophan betaine,Amino Acid,Tryptophan Metabolism
S100001755,0.4565,0.707,-0.271878355,-0.93349382,0.3897371098,-0.797922183,-1.962026114,0.3661817487,-0.758920821,0.5909382047,4-vinylphenol sulfate,Xenobiotics,Benzoate Metabolism
S100001756,0.5656,0.7723,0.5437255552,-0.365956909,1.4534080195,-0.013158949,-1.613733586,1.5874156889,-0.803414512,0.5729914385,4-ethylphenylsulfate,Xenobiotics,Benzoate Metabolism
S100001757,0.9329,0.9741,0.1467018692,-0.186906414,0.4803101521,0.1168778158,-0.470101682,0.7038573141,-0.043027014,0.9706162952,thymol sulfate,Xenobiotics,Food Component/Plant
S100001767,0.6351,0.822,-0.331881058,-0.715837336,0.0520752207,-0.137949855,-0.813516007,0.5376162957,0.2797835838,1.2140127588,pyrraline,Xenobiotics,Food Component/Plant
S100001768,0.5406,0.7649,-0.103439849,-0.375129816,0.1682501176,0.0737818506,-0.404253164,0.5518168653,0.2556768675,1.1938957502,N6-carboxymethyllysine,Carbohydrate,Advanced Glycation End-product
S100001769,0.161,0.4279,-0.098177091,-0.368347902,0.1719937208,0.31185512,-0.16350696,0.7872172001,0.5915514368,1.5068663214,N6-carboxyethyllysine,Amino Acid,Lysine Metabolism
S100001777,0.5595,0.7708,-0.002461539,-0.353912047,0.3489889687,0.2160990297,-0.402273634,0.8344716938,0.3153162487,1.2442843791,1-oleoyl-GPI (18:1),Lipid,Lysophospholipid
S100001778,0.8679,0.9446,-0.126725697,-0.446323343,0.1928719494,-0.183184003,-0.745511965,0.3791439594,-0.081452118,0.9451058887,1-linoleoyl-GPI (18:2)*,Lipid,Lysophospholipid
S100001806,0.0022,0.0441,-0.18151729,-0.497397699,0.1343631195,0.9448242597,0.3890367281,1.5006117913,1.6249673677,3.084351885,o-cresol sulfate,Xenobiotics,Benzoate Metabolism
S100001808,0.5054,0.7401,-0.755343008,-1.04665188,-0.464034135,-0.54839768,-1.060951907,-0.035843452,0.2985589988,1.2299153283,3-ethylphenylsulfate,Xenobiotics,Benzoate Metabolism
S100001809,0.8182,0.9221,-0.259189188,-0.634347336,0.1159689593,-0.167561875,-0.827647828,0.4925240773,0.1321902701,1.0959562973,2-ethylphenylsulfate,Xenobiotics,Benzoate Metabolism
S100001810,0.8598,0.9401,0.0113350249,-0.075029903,0.0976999524,0.0275377883,-0.124420195,0.1794957713,0.0233756464,1.01633474,dimethylarginine (SDMA + ADMA),Amino Acid,Urea cycle; Arginine and Proline Metabolism
S100001823,0.7544,0.8939,0.0067333876,-0.165643115,0.1791098903,-0.050595461,-0.353889709,0.2526987861,-0.082708046,0.9442834918,N-methylalanine,Amino Acid,Alanine and Aspartate Metabolism
S100001843,0.1199,0.3547,-0.021884642,-0.166327928,0.1225586449,-0.266205747,-0.520351858,-0.012059635,-0.352480847,0.7832360927,gamma-glutamylalanine,Peptide,Gamma-glutamyl Amino Acid
S100001851,0.7138,0.8761,0.0260397549,-0.090468511,0.1425480212,-0.019408996,-0.224403798,0.1855858051,-0.065568688,0.9555685731,N-acetylserine,Amino Acid,"Glycine, Serine and Threonine Metabolism"
S100001853,0.6983,0.8642,-0.07114599,-0.237199939,0.0949079583,-0.139615546,-0.43178534,0.1525542485,-0.098780688,0.9338218894,"N2,N2-dimethylguanine",Nucleotide,"Purine Metabolism, Guanine containing"
S100001856,0.0259,0.1622,-0.0222103,-0.395360306,0.3509397054,0.9053978682,0.2488452152,1.5619505212,1.3382557047,2.528454303,1-stearoyl-2-oleoyl-GPE (18:0/18:1),Lipid,Phosphatidylethanolamine (PE)
S100001859,0.4686,0.7111,-1.258171285,-1.768209874,-0.748132697,-0.863562657,-1.760969016,0.0338437026,0.5692999113,1.4838033588,chiro-inositol,Lipid,Inositol Metabolism
S100001866,0.5608,0.7709,-0.174381916,-0.445752387,0.0969885553,-0.006201465,-0.483674331,0.4712714018,0.2426331032,1.1831500925,1-stearoyl-2-oleoyl-GPG (18:0/18:1),Lipid,Phosphatidylglycerol (PG)
S100001868,0.7837,0.9096,-0.162645877,-0.904799554,0.5795078002,0.0539121364,-1.251897747,1.3597220199,0.3124271718,1.2417951239,4-allylphenol sulfate,Xenobiotics,Food Component/Plant
S100001869,0.0141,0.1208,-0.091312968,-0.228656652,0.0460307148,0.2888377368,0.0471832865,0.5304921872,0.5484415371,1.4625049799,1-stearoyl-2-arachidonoyl-GPC (18:0/20:4),Lipid,Phosphatidylcholine (PC)
S100001870,0.1243,0.3614,-0.648989345,-1.087327382,-0.210651308,0.0834019462,-0.687848212,0.8546521045,1.0566172842,2.0800486679,1-palmitoyl-2-linoleoyl-GPE (16:0/18:2),Lipid,Phosphatidylethanolamine (PE)
S100001876,0.0614,0.2502,-0.050725861,-0.227185529,0.1257338066,0.3121749088,0.0016963844,0.6226534331,0.5235551415,1.43749321,sphinganine-1-phosphate,Lipid,Sphingolipid Synthesis
S100001882,0.0511,0.2233,-0.143446572,-0.383944977,0.0970518318,0.3738930186,-0.049260842,0.7970468787,0.7463632625,1.6775587155,glycosyl-N-stearoyl-sphingosine (d18:1/18:0),Lipid,Hexosylceramides (HCER)
S100001925,0.4626,0.707,-0.411451183,-0.774860506,-0.048041859,-0.12640699,-0.765821038,0.5130070569,0.4112318428,1.3298207948,cyclo(leu-pro),Peptide,Dipeptide
S100001946,0.0414,0.2053,-0.491249367,-0.991763459,0.0092647255,0.6386414167,-0.242006714,1.5192895474,1.6300878299,3.0953184215,cyclo(gly-pro),Peptide,Dipeptide
S100001948,0.2078,0.4837,0.1246767723,-0.113222359,0.3625759033,-0.198609277,-0.617189749,0.2199711954,-0.46640318,0.7237667919,succinylcarnitine (C4-DC),Energy,TCA Cycle
S100001950,0.5822,0.7795,-0.18068269,-0.463487658,0.1021222771,-0.34643057,-0.844022286,0.1511611458,-0.239123644,0.8472598186,"bilirubin (E,E)*",Cofactors and Vitamins,Hemoglobin and Porphyrin Metabolism
S100001956,0.2265,0.4906,-0.039887445,-0.283057116,0.2032822255,0.2769469159,-0.150907003,0.7048008351,0.4570953616,1.3727751682,N-methylproline,Amino Acid,Urea cycle; Arginine and Proline Metabolism
S100001977,0.9378,0.9741,-0.262025244,-0.618327984,0.0942774965,-0.23250992,-0.859420025,0.3944001844,0.0425816103,1.0299552175,beta-cryptoxanthin,Cofactors and Vitamins,Vitamin A Metabolism
S100001990,0.0201,0.1411,-0.112901828,-0.346864494,0.1210608378,0.4964161841,0.0847618716,0.9080704966,0.8790600748,1.8391766752,taurocholenate sulfate*,Lipid,Secondary Bile Acid Metabolism
S100002009,0.6707,0.8484,0.2492854612,-0.174327878,0.6728988003,0.4409199114,-0.30442233,1.1862621526,0.2764700711,1.2112276721,"5alpha-pregnan-3beta,20beta-diol monosulfate (1)",Lipid,Progestin Steroids
S100002060,0.4503,0.7006,-0.084874669,-0.376405883,0.2066565447,0.1501595587,-0.362785876,0.6631049934,0.3390827151,1.2649520647,1-docosahexaenoyl-GPE (22:6)*,Lipid,Lysophospholipid
S100002070,0.2091,0.4837,-0.066601111,-0.414195435,0.2809932125,-0.537522588,-1.149110346,0.0740651707,-0.679396078,0.6244266089,2-hydroxyglutarate,Lipid,"Fatty Acid, Dicarboxylate"
S100002102,0.0013,0.0339,-0.049200189,-0.150148827,0.0517484492,0.3344636377,0.1568458031,0.5120814724,0.5535098998,1.467651973,N-acetyl-beta-alanine,Nucleotide,"Pyrimidine Metabolism, Uracil containing"
S100002103,0.8114,0.9215,-0.012159836,-0.165164457,0.1408447852,-0.050959665,-0.320169334,0.2182500048,-0.055976321,0.9619432429,5-methylthioribose**,Amino Acid,"Methionine, Cysteine, SAM and Taurine Metabolism"
S100002106,0.9639,0.9817,0.0204232366,-0.090974274,0.1318207474,0.0257818471,-0.170220645,0.2217843396,0.0077308407,1.0053729934,"sphingomyelin (d18:1/18:1, d18:2/18:0)",Lipid,Sphingomyelins
S100002107,0.4004,0.6643,-0.012720354,-0.117669581,0.092228873,0.0816677532,-0.102989067,0.266324573,0.1361732541,1.0989861876,palmitoyl sphingomyelin (d18:1/16:0),Lipid,Sphingomyelins
S100002113,0.0042,0.0703,-0.262691226,-0.499192154,-0.026190298,0.5172993677,0.1011790156,0.9334197198,1.1252885613,2.1814517457,cysteine sulfinic acid,Amino Acid,"Methionine, Cysteine, SAM and Taurine Metabolism"
S100002122,0.1903,0.4633,-0.02249239,-0.420953926,0.3759691451,-0.586174591,-1.287262556,0.1149133742,-0.813221515,0.5691096252,3-hydroxyhippurate,Xenobiotics,Benzoate Metabolism
S100002129,0.9176,0.968,-0.076278616,-0.389748672,0.2371914389,-0.041827097,-0.593373642,0.5097194477,0.0497030358,1.0350518469,pregnenolone sulfate,Lipid,Pregnenolone Steroids
S100002154,0.0291,0.1703,-0.079346943,-0.427861122,0.2691672373,0.7673260761,0.1541198432,1.380532309,1.2214909653,2.3318758247,ergothioneine,Xenobiotics,Food Component/Plant
S100002167,0.064,0.2559,-0.1974282,-0.782257418,0.3874010184,0.9924793129,-0.036520201,2.0214788272,1.7166736677,3.2867772083,12-HETE,Lipid,Eicosanoid
S100002171,0.6657,0.8484,0.0659469342,-0.376476517,0.508370385,0.2693279578,-0.509110434,1.0477663494,0.2934167941,1.2255393386,1-margaroyl-GPE (17:0)*,Lipid,Lysophospholipid
S100002173,0.7466,0.8893,0.0056794342,-0.128227815,0.1395866831,0.0516834133,-0.183924675,0.2872915015,0.0663697125,1.0470785774,1-pentadecanoyl-GPC (15:0)*,Lipid,Lysophospholipid
S100002183,0.7222,0.8801,-0.356762369,-0.819975129,0.1064503912,-0.531874954,-1.346891869,0.2831419602,-0.252634059,0.8393625153,S-methylmethionine,Amino Acid,"Methionine, Cysteine, SAM and Taurine Metabolism"
S100002185,0.3594,0.6241,-0.072432712,-0.235875516,0.0910100925,-0.23283237,-0.52040789,0.054743149,-0.231407792,0.8518032904,indole-3-carboxylate,Amino Acid,Tryptophan Metabolism
S100002196,0.3929,0.6593,-0.090321572,-0.390910596,0.2102674516,0.1843654317,-0.344517103,0.7132479664,0.3962895781,1.3161186702,13-HODE + 9-HODE,Lipid,"Fatty Acid, Monohydroxy"
S100002249,0.4588,0.707,-0.045933748,-0.510516406,0.4186489096,0.3215368155,-0.495890417,1.1389640477,0.5301479598,1.4440772895,N-acetyl-cadaverine,Amino Acid,Lysine Metabolism
S100002253,0.2654,0.5342,0.2309858689,-0.230465826,0.6924375642,-0.321561439,-1.133479783,0.4903569046,-0.797157261,0.5754820117,cinnamoylglycine,Xenobiotics,Food Component/Plant
S100002254,0.0941,0.3137,-0.063136254,-0.20792325,0.081650743,0.2015430776,-0.053207787,0.4562939426,0.3818515586,1.3030130732,stearoyl ethanolamide,Lipid,Endocannabinoid
S100002259,0.5753,0.7767,-0.883297135,-1.508853837,-0.257740433,-0.509928123,-1.610587124,0.5907308772,0.5386576215,1.4526202748,cis-4-decenoylcarnitine (C10:1),Lipid,"Fatty Acid Metabolism (Acyl Carnitine, Monounsaturated)"
S100002284,0.3792,0.647,0.0998497872,-0.138070378,0.3377699528,-0.124063491,-0.542680974,0.2945539907,-0.323038577,0.7993844551,"2S,3R-dihydroxybutyrate",Lipid,"Fatty Acid, Dihydroxy"
S100002300,0.0261,0.1622,0.0608369591,-0.1768034,0.298477318,-0.529068134,-0.9471933,-0.110942968,-0.851053153,0.5543798965,5-methyl-2'-deoxycytidine,Nucleotide,"Pyrimidine Metabolism, Cytidine containing"
S100002356,0.4246,0.6829,-0.119772696,-0.437805491,0.1982600991,0.1516117423,-0.407962885,0.7111863697,0.3915249836,1.3117792719,(16 or 17)-methylstearate (a19:0 or i19:0),Lipid,"Fatty Acid, Branched"
S100002367,0.1047,0.3341,-0.071985006,-0.351981857,0.208011845,0.4232165947,-0.069434276,0.9158674658,0.7144248937,1.6408289982,"2R,3R-dihydroxybutyrate",Lipid,"Fatty Acid, Dihydroxy"
S100002397,0.0055,0.0831,-0.117896048,-0.27127582,0.0354837241,0.3709044204,0.1010346773,0.6407741636,0.7051900116,1.6303593787,alpha-ketoglutaramate*,Amino Acid,Glutamate Metabolism
S100002417,0.7752,0.9056,0.1543258898,-0.329521066,0.6381728454,0.3011690773,-0.55015344,1.1524915947,0.2118499384,1.1581723329,"2,3-dihydroxyisovalerate",Xenobiotics,Food Component/Plant
S100002458,0.4696,0.7115,0.0675700493,-0.176102932,0.3112430308,0.2556773521,-0.173062136,0.6844168403,0.271381473,1.206963019,3-methylglutaconate,Amino Acid,"Leucine, Isoleucine and Valine Metabolism"
S100002462,0.6391,0.826,0.0229578901,-0.201475021,0.2473908014,0.1349960876,-0.259890743,0.5298829187,0.1616369519,1.1185555859,5-(galactosylhydroxy)-lysine,Amino Acid,Lysine Metabolism
S100002466,0.2179,0.4859,0.0706535678,-0.143101767,0.2844089026,-0.213266368,-0.58936614,0.1628334045,-0.409609883,0.752826917,cysteinylglycine disulfide*,Amino Acid,Glutathione Metabolism
S100002470,0.145,0.3988,-0.664904516,-1.031785643,-0.298023389,-0.084960248,-0.730482888,0.5605623928,0.8366827198,1.7859388944,2-arachidonoyl-GPI (20:4)*,Lipid,Lysophospholipid
S100002528,0.2129,0.4845,0.0862646257,-0.076336,0.2488652512,-0.132171281,-0.418264998,0.1539224358,-0.315136399,0.8037749944,sulfate*,Xenobiotics,Chemical
S100002613,0.0108,0.1108,-0.463078065,-0.928007906,0.0018517757,0.8790243371,0.0609862402,1.6970624339,1.9362444803,3.8270811178,pantoate,Cofactors and Vitamins,Pantothenate and CoA Metabolism
S100002619,0.0266,0.164,-0.086481066,-0.27213023,0.0991680986,0.3724594448,0.0458121195,0.6991067701,0.6621111986,1.582396564,sedoheptulose,Carbohydrate,Pentose Metabolism
S100002749,0.6974,0.8642,-0.027703977,-0.203548023,0.1481400688,-0.100417114,-0.409812459,0.2089782317,-0.104902881,0.9298675369,S-methylcysteine,Amino Acid,"Methionine, Cysteine, SAM and Taurine Metabolism"
S100002769,0.2191,0.4859,-0.059781404,-0.389949916,0.2703871079,-0.497123071,-1.078050336,0.0838041944,-0.630950654,0.645750762,argininate*,Amino Acid,Urea cycle; Arginine and Proline Metabolism
S100002781,0.6491,0.8328,-0.065677044,-0.321551121,0.1901970324,-0.189592579,-0.639799738,0.2606145805,-0.178772326,0.8834544596,11-dehydrocorticosterone,Lipid,Corticosteroids
S100002784,0.5084,0.7423,-0.054834233,-0.401069207,0.2914007409,-0.299091696,-0.908287695,0.3101043031,-0.352389031,0.7832859411,2-oxoarginine*,Amino Acid,Urea cycle; Arginine and Proline Metabolism
S100002868,0.1548,0.4136,0.0746488694,-0.128936853,0.2782345918,-0.239145193,-0.597351662,0.1190612768,-0.452709137,0.7306694852,1-behenoyl-GPC (22:0),Lipid,Lysophospholipid
S100002869,0.556,0.7708,0.171638679,-0.185969798,0.5292471557,-0.052762094,-0.681969625,0.5764454382,-0.323741882,0.7989948551,1-erucoyl-GPC (22:1)*,Lipid,Lysophospholipid
S100002871,0.0222,0.1467,-0.129303902,-0.331111706,0.0725039017,0.3869445815,0.0318663371,0.7420228259,0.7447891272,1.6757293169,1-adrenoyl-GPC (22:4)*,Lipid,Lysophospholipid
S100002873,0.1135,0.3459,0.1361220485,-0.058581563,0.3308256599,-0.199367491,-0.541946,0.1432110182,-0.484009095,0.714987986,1-lignoceroyl-GPC (24:0),Lipid,Lysophospholipid
S100002874,0.1859,0.4585,0.1608477916,-0.112350416,0.4340459993,-0.229666253,-0.710354998,0.2510224923,-0.563392675,0.6767089267,1-nervonoyl-GPC (24:1n9)*,Lipid,Lysophospholipid
S100002875,0.9757,0.9866,0.0125767176,-0.129706578,0.1548600128,0.0171777404,-0.233167894,0.2675233749,0.0066378729,1.0046116238,1-(1-enyl-palmitoyl)-GPC (P-16:0)*,Lipid,Lysoplasmalogen
S100002910,0.5591,0.7708,0.0833693537,-0.251395898,0.4181346058,-0.125045844,-0.714061015,0.4639693265,-0.300679573,0.81186988,1-methyl-5-imidazoleacetate,Amino Acid,Histidine Metabolism
S100002912,0.0455,0.2146,-0.235381208,-0.469287956,-0.001474459,0.2814994783,-0.130056448,0.6930554043,0.7457012022,1.6767890517,tauroursodeoxycholate,Lipid,Secondary Bile Acid Metabolism
S100002913,0.005,0.079,-1.544323578,-1.960902466,-1.12774469,-0.199567298,-0.932532512,0.5333979164,1.9400732168,3.837251213,ursocholate,Lipid,Secondary Bile Acid Metabolism
S100002914,0.9044,0.9623,-0.074774031,-0.579234419,0.4296863573,-0.139125975,-1.026717563,0.7484656131,-0.09284023,0.9376749325,3-(4-hydroxyphenyl)propionate,Xenobiotics,Benzoate Metabolism
S100002927,0.462,0.707,0.0053185483,-0.23248568,0.2431227764,0.1920992941,-0.226314198,0.6105127858,0.2694676557,1.2053629752,S-methylcysteine sulfoxide,Amino Acid,"Methionine, Cysteine, SAM and Taurine Metabolism"
S100002945,0.7764,0.9056,-0.117327546,-0.520005716,0.2853506229,0.0042324561,-0.704274622,0.7127395344,0.1753740129,1.1292571222,(14 or 15)-methylpalmitate (a17:0 or i17:0),Lipid,"Fatty Acid, Branched"
S100002951,0.5809,0.7795,0.0496201823,-0.129932738,0.2291731031,-0.055967379,-0.371888442,0.2599536843,-0.152330651,0.8997956824,eicosanedioate (C20-DC),Lipid,"Fatty Acid, Dicarboxylate"
S100002952,0.5112,0.7444,-0.026952749,-0.197401521,0.1434960225,0.092481621,-0.207420808,0.3923840501,0.1723073734,1.1268592859,docosadioate (C22-DC),Lipid,"Fatty Acid, Dicarboxylate"
S100002953,0.5316,0.7582,0.0500076191,-0.165275152,0.2652903906,-0.093562496,-0.472349774,0.2852247812,-0.207127893,0.8662600599,16-hydroxypalmitate,Lipid,"Fatty Acid, Monohydroxy"
S100002989,0.0027,0.0522,-0.136885663,-0.504354046,0.2305827186,1.1423637252,0.4958078164,1.788919634,1.845566749,3.5939410599,oleoyl-linoleoyl-glycerol (18:1/18:2) [1],Lipid,Diacylglycerol
S100002990,0.0032,0.0569,-0.194884359,-0.613752479,0.223983761,1.2386902626,0.5016971735,1.9756833517,2.0682109975,4.1936631902,oleoyl-linoleoyl-glycerol (18:1/18:2) [2],Lipid,Diacylglycerol
S100003000,0.0174,0.1368,-0.054342731,-0.21380451,0.1051190474,0.3718115469,0.0912405913,0.6523825025,0.6148106635,1.5313570116,1-(1-enyl-palmitoyl)-GPE (P-16:0)*,Lipid,Lysoplasmalogen
S100003001,0.0155,0.1274,-0.029055159,-0.226895098,0.1687847798,0.5103547934,0.1622579565,0.8584516303,0.7782040634,1.7149946352,1-(1-enyl-stearoyl)-GPE (P-18:0)*,Lipid,Lysoplasmalogen
S100003008,0.3783,0.647,-0.117244993,-0.46647703,0.2319870433,0.2120197287,-0.402449564,0.8264890212,0.4750285814,1.3899457559,2-stearoyl-GPI (18:0)*,Lipid,Lysophospholipid
S100003109,0.1716,0.4412,0.0707074005,-0.534452628,0.6758674286,-0.824287764,-1.889059078,0.2404835494,-1.291205086,0.4086095743,2-oxindole-3-acetate,Xenobiotics,Food Component/Plant
S100003119,0.002,0.0425,0.226301355,0.0204925433,0.4321101666,-0.518952794,-0.881070761,-0.156834828,-1.075174465,0.4746136619,N-oleoyltaurine,Lipid,Endocannabinoid
S100003151,0.3826,0.6492,0.1379711342,-0.087316594,0.363258862,-0.072509522,-0.468900392,0.3238813474,-0.3036594,0.8101947269,linoleoylcarnitine (C18:2)*,Lipid,"Fatty Acid Metabolism (Acyl Carnitine, Polyunsaturated)"
S100003152,0.1215,0.3575,-0.757410125,-1.376598236,-0.138222013,0.285105745,-0.804347802,1.3745592918,1.5040324756,2.8363439178,N-methyl-GABA,Amino Acid,Glutamate Metabolism
S100003169,0.3513,0.615,-0.243978925,-0.508558462,0.0206006117,0.0201835329,-0.445340771,0.4857078372,0.3811058683,1.3023397547,isoleucylglycine,Peptide,Dipeptide
S100003239,0.8352,0.9283,-0.016834246,-0.236793444,0.2031249524,0.0317877591,-0.355227631,0.4188031492,0.0701467251,1.0498234475,N-palmitoyltaurine,Lipid,Endocannabinoid
S100003240,0.0077,0.0954,-0.076355915,-0.27736047,0.1246486389,0.5338515425,0.1801866053,0.8875164798,0.8803432736,1.8408132506,N-stearoyltaurine,Lipid,Endocannabinoid
S100003258,0.9354,0.9741,0.0836929952,-0.154279903,0.3216658931,0.1041707226,-0.314539542,0.5228809867,0.0295431158,1.0206888346,2-O-methylascorbic acid,Cofactors and Vitamins,Ascorbate and Aldarate Metabolism
S100003260,0.8053,0.9186,-0.104354277,-0.309010304,0.1003017491,-0.05075698,-0.410846636,0.3093326752,0.0773245546,1.0550596409,carboxyethyl-GABA,Amino Acid,Glutamate Metabolism
S100003397,0.2657,0.5342,0.0361542975,-0.34173934,0.4140479354,-0.416012505,-1.080911518,0.2488865079,-0.652338804,0.6362480331,trimethylamine N-oxide,Lipid,Phospholipid Metabolism
S100003415,0.0749,0.281,-0.242702102,-0.492352354,0.0069481506,0.2445991519,-0.194657268,0.6838555717,0.7030271023,1.6279169517,N6-methyllysine,Amino Acid,Lysine Metabolism
S100003425,0.9365,0.9741,0.0142662615,-0.196241782,0.2247743055,0.0320799691,-0.338306236,0.4024661747,0.0256997476,1.017973318,cis-urocanate,Amino Acid,Histidine Metabolism
S100003429,0.827,0.9241,-0.050132645,-1.282683544,1.1824182533,0.2360597393,-1.93259777,2.404717249,0.4128883339,1.3313485614,equol sulfate,Xenobiotics,Food Component/Plant
S100003432,0.9297,0.9741,-0.558412046,-0.92280881,-0.194015283,-0.592556058,-1.233707493,0.0485953773,-0.049259397,0.9664323169,dihydroferulate,Xenobiotics,Food Component/Plant
S100003434,0.3011,0.5722,-0.179843633,-0.510764637,0.1510773705,0.1874018477,-0.394849418,0.769653113,0.5298232344,1.4437522895,imidazole propionate,Amino Acid,Histidine Metabolism
S100003674,0.8608,0.9401,-0.090473478,-0.328109074,0.1471621189,-0.134729549,-0.552846335,0.2833872381,-0.063848014,0.9567089408,prolylglycine,Peptide,Dipeptide
S100003686,0.5552,0.7708,-0.073924691,-0.305057138,0.1572077569,0.0713950802,-0.335279499,0.4780696596,0.2096521129,1.1564092973,N-palmitoylglycine,Lipid,Fatty Acid Metabolism (Acyl Glycine)
S100003695,0.0077,0.0954,-0.084740991,-0.414728125,0.245246142,0.917437877,0.336829745,1.4980460091,1.4458384835,2.724211064,mannonate*,Xenobiotics,Food Component/Plant
S100003868,0.0336,0.1819,-0.783475142,-1.11324806,-0.453702224,-0.005075945,-0.585307169,0.5751552784,1.1229926613,2.1779829516,glycohyodeoxycholate,Lipid,Secondary Bile Acid Metabolism
S100003892,0.8582,0.9398,0.0142597051,-0.263537097,0.292056507,0.0670037176,-0.421776195,0.5557836304,0.0760935252,1.0541597588,lanthionine,Amino Acid,"Methionine, Cysteine, SAM and Taurine Metabolism"
S100003901,0.3265,0.5955,-0.081208263,-0.446732656,0.2843161299,0.3033221954,-0.33981329,0.9464576803,0.5547601855,1.4689244385,2-stearoyl-GPE (18:0)*,Lipid,Lysophospholipid
S100003926,0.0808,0.2923,0.0267365902,-0.439062264,0.4925354446,0.9168167402,0.0972496256,1.7363838549,1.2841142184,2.4353248348,(R)-3-hydroxybutyrylcarnitine,Lipid,"Fatty Acid Metabolism (Acyl Carnitine, Hydroxy)"
S100003940,0.0274,0.1658,-0.256798656,-0.632815618,0.1192183065,0.6678562126,0.0062591865,1.3294532388,1.3339949933,2.5209980343,N-octanoylglycine,Lipid,Fatty Acid Metabolism (Acyl Glycine)
S100004037,0.0347,0.1846,0.1283312661,-0.163407335,0.4200698676,-0.555466558,-1.068776888,-0.042156228,-0.98651173,0.5046965992,felinylglycine*,Peptide,Dipeptide
S100004038,0.3893,0.6542,-0.041791113,-0.345298346,0.2617161206,-0.321340847,-0.855357935,0.2126762406,-0.403305015,0.7561241217,N-acetylfelinine*,Amino Acid,Felinine Metabolism
S100004046,0.0189,0.1388,0.0323293161,-0.377199693,0.4418583247,-1.045926364,-1.766487406,-0.325365322,-1.555594123,0.3401884058,N-acetylcarnosine,Amino Acid,Histidine Metabolism
S100004054,0.0815,0.2923,-0.155370068,-0.432206077,0.1214659414,0.3724655621,-0.114623848,0.859554972,0.7615058454,1.6952591665,margaroylcarnitine (C17)*,Lipid,"Fatty Acid Metabolism (Acyl Carnitine, Long Chain Saturated)"
S100004059,0.0063,0.0903,-0.2171401,-0.56471057,0.1304303697,0.8705928364,0.259047049,1.4821386238,1.5692669136,2.9675388424,histidine betaine (hercynine)*,Xenobiotics,Food Component/Plant
S100004088,0.0108,0.1108,-0.184864767,-0.403041405,0.033311871,0.4452559231,0.0613769243,0.8291349219,0.909071995,1.8778372023,retinal,Cofactors and Vitamins,Vitamin A Metabolism
S100004089,0.1653,0.4316,-0.036358066,-0.286333149,0.2136170174,0.339027898,-0.100800057,0.7788558529,0.5415674682,1.4555530968,2-hydroxydecanoate,Lipid,"Fatty Acid, Monohydroxy"
S100004110,0.0278,0.1672,-0.257272645,-0.595950182,0.0814048926,0.5731477641,-0.022751023,1.1690465508,1.1980434059,2.2942830748,3-methyl catechol sulfate (2),Xenobiotics,Benzoate Metabolism
S100004111,0.052,0.2246,-0.058814861,-0.671262112,0.5536323904,-1.370996442,-2.448589532,-0.293403353,-1.89307786,0.2692320635,4-methylcatechol sulfate,Xenobiotics,Benzoate Metabolism
S100004112,0.0186,0.1388,-0.389302791,-0.800808807,0.0222032242,0.6974216736,-0.026617887,1.421461234,1.5678119963,2.9645476718,3-methyl catechol sulfate (1),Xenobiotics,Benzoate Metabolism
S100004208,0.6866,0.8568,0.133345042,-0.579569228,0.846259312,-0.17265287,-1.427016392,1.0817106512,-0.44146167,0.7363881569,guaiacol sulfate,Xenobiotics,Benzoate Metabolism
S100004227,0.096,0.3148,0.0495058517,-0.248458945,0.3474706486,-0.491842902,-1.016108143,0.0324223398,-0.781001162,0.5819627985,2-aminooctanoate,Lipid,"Fatty Acid, Amino"
S100004251,0.2071,0.4837,-0.190434467,-0.584867778,0.2039988435,0.3463427324,-0.347657623,1.0403430877,0.7744058041,1.7104854168,dimethylmalonic acid,Lipid,"Fatty Acid, Dicarboxylate"
S100004262,0.8117,0.9215,0.0742794165,-0.173753945,0.3223127775,0.0114884392,-0.424923081,0.4478999591,-0.090588232,0.9391397547,tridecanedioate (C13-DC),Lipid,"Fatty Acid, Dicarboxylate"
S100004284,0.0737,0.2797,-0.010702145,-0.123540187,0.102135896,-0.231902126,-0.430439213,-0.033365038,-0.319124115,0.8015563687,dimethyl sulfone,Xenobiotics,Chemical
S100004295,0.3418,0.6104,-0.010341013,-0.77138012,0.7506980951,-0.785548169,-2.124586726,0.5534903875,-1.11838752,0.4606083531,2-piperidinone,Xenobiotics,Food Component/Plant
S100004299,0.485,0.7255,-0.844048804,-1.171581453,-0.516516156,-0.600008273,-1.17629777,-0.023718776,0.3520760641,1.2763960633,N-acetyl-1-methylhistidine*,Amino Acid,Histidine Metabolism
S100004318,0.5576,0.7708,-0.119934556,-0.477692013,0.2378229015,0.1036434586,-0.525826202,0.7331131196,0.3225548926,1.2505431968,indolin-2-one,Xenobiotics,Food Component/Plant
S100004321,0.2008,0.4758,-0.258924083,-1.070054841,0.5522066753,0.8608750013,-0.566299172,2.2880491745,1.6155285852,3.0642384868,"2,8-quinolinediol sulfate",Xenobiotics,Food Component/Plant
S100004322,0.099,0.3208,0.3346214653,-0.137890298,0.8071332285,-0.515895932,-1.347274324,0.31548246,-1.227037231,0.4271938459,2-aminophenol sulfate,Xenobiotics,Food Component/Plant
S100004326,0.856,0.9395,0.043354294,-0.331511511,0.4182200994,-0.028895202,-0.688466783,0.6306763779,-0.10423399,0.9302987607,3-acetylphenol sulfate,Xenobiotics,Chemical
S100004327,0.0513,0.2233,-0.619223999,-1.192766914,-0.045681084,0.6132969919,-0.395844416,1.6224384001,1.7781519219,3.4298653069,1-stearoyl-GPS (18:0)*,Lipid,Lysophospholipid
S100004328,0.7536,0.8939,0.0573454908,-0.091041285,0.2057322665,0.0078305258,-0.253254104,0.2689151559,-0.071434995,0.9516909159,"sphingomyelin (d18:1/14:0, d16:1/16:0)*",Lipid,Sphingomyelins
S100004329,0.7246,0.8801,0.0298597099,-0.103981305,0.1637007244,0.080005122,-0.155486428,0.3154966716,0.0723445373,1.051423975,"sphingomyelin (d18:2/16:0, d18:1/16:1)*",Lipid,Sphingomyelins
S100004396,0.0431,0.209,-0.082937149,-0.443695014,0.2778207159,0.7240293541,0.0892805145,1.3587781937,1.164206572,2.2410992967,3-hydroxyadipate,Lipid,"Fatty Acid, Dicarboxylate"
S100004418,0.4784,0.7197,0.0885693393,-0.452248883,0.6293875617,0.4977110707,-0.45385166,1.4492738019,0.590266747,1.5055250856,4-hydroxyphenylacetylglycine,Peptide,Acetylated Peptides
S100004434,0.2124,0.4844,0.4146960656,-0.069545231,0.8989373621,-0.236539648,-1.088556003,0.6154767074,-0.939534534,0.5214010762,1-methyl-beta-carboline-3-carboxylic acid,Xenobiotics,Food Component/Plant
S100004442,0.0001,0.0009,-0.308377704,-0.598303038,-0.01845237,1.6441933385,1.1340734294,2.1543132477,2.8169645604,7.0467818876,1-arachidonoyl-GPA (20:4),Lipid,Lysophospholipid
S100004488,0.265,0.5342,-0.104461361,-0.303372351,0.0944496289,0.1339010389,-0.216080298,0.4838823762,0.3438842521,1.269169056,N-monomethylarginine,Amino Acid,Urea cycle; Arginine and Proline Metabolism
S100004499,0.0037,0.063,-0.014433454,-0.354567948,0.325701039,1.1255180834,0.5270558015,1.7239803653,1.6446024303,3.1266168385,6-oxopiperidine-2-carboxylate,Amino Acid,Lysine Metabolism
S100004523,0.2303,0.4945,-0.111112893,-0.462046876,0.2398210906,0.3423393608,-0.275124485,0.9598032067,0.6541933173,1.573735753,N-delta-acetylornithine,Amino Acid,Urea cycle; Arginine and Proline Metabolism
S100004542,0.2531,0.5226,0.083503642,-0.149158946,0.3161662304,-0.202563806,-0.611930648,0.2068030366,-0.412708088,0.7512119466,2-aminoheptanoate,Lipid,"Fatty Acid, Amino"
S100004549,0.0411,0.2053,-0.125609284,-0.396013934,0.1447953663,0.4856676177,0.0098941008,0.9614411346,0.8818861548,1.8427829499,5-methylnorleucine,Amino Acid,"Leucine, Isoleucine and Valine Metabolism"
S100004552,0.4679,0.711,-0.285461333,-0.858253412,0.2873307459,-0.729374578,-1.7371949,0.2784457439,-0.640431437,0.6415210736,1-eicosapentaenoyl-GPE (20:5)*,Lipid,Lysophospholipid
S100004555,0.1975,0.4721,-0.770772152,-1.128567402,-0.412976903,-1.268525801,-1.898061957,-0.638989645,-0.718106721,0.6078946721,benzoylcarnitine*,Xenobiotics,Chemical
S100004601,0.5484,0.7697,-0.323766489,-0.627588868,-0.019944109,-0.129441139,-0.664012722,0.4051304434,0.280352218,1.2144913528,1H-indole-7-acetic acid,Xenobiotics,Bacterial/Fungal
S100004606,0.0206,0.1411,-0.856543509,-1.405056488,-0.308030531,0.565730282,-0.399371273,1.5308318374,2.0519073456,4.1465380918,1-linoleoyl-GPS (18:2)*,Lipid,Lysophospholipid
S100004634,0.9335,0.9741,0.1138411748,-0.116317855,0.344000205,0.134249876,-0.270711988,0.5392117399,0.029443532,1.0206183827,3-methoxytyramine sulfate,Amino Acid,Tyrosine Metabolism
S100004635,0.8015,0.9164,-0.090740165,-0.32296186,0.141481531,-0.028690974,-0.437282072,0.3799001226,0.0895180588,1.0640146824,methionine sulfone,Amino Acid,"Methionine, Cysteine, SAM and Taurine Metabolism"
S100005350,0.5169,0.7479,-0.152556543,-0.402048774,0.0969356874,0.0198779413,-0.419100441,0.4588563239,0.248770376,1.1881939732,1-linolenoyl-GPC (18:3)*,Lipid,Lysophospholipid
S100005351,0.8909,0.9538,-0.078934058,-0.573826626,0.4159585101,-0.151024529,-1.02178166,0.7197326021,-0.104004565,0.9304467135,1-eicosapentaenoyl-GPC (20:5)*,Lipid,Lysophospholipid
S100005352,0.3051,0.5746,0.0772678131,-0.100764873,0.2553004997,-0.118637407,-0.431883638,0.194608823,-0.28263149,0.8220901483,1-eicosenoyl-GPC (20:1)*,Lipid,Lysophospholipid
S100005353,0.4474,0.7002,0.0439955896,-0.077194794,0.1651859732,-0.054343817,-0.267576744,0.1588891097,-0.141873774,0.9063412333,1-nonadecanoyl-GPC (19:0),Lipid,Lysophospholipid
S100005371,0.9547,0.9792,-0.308198316,-0.67453063,0.0581339968,-0.330308034,-0.974865044,0.3142489762,-0.03189758,0.9781329109,1-dihomo-linolenoyl-GPE (20:3n3 or 6)*,Lipid,Lysophospholipid
S100005372,0.1244,0.3614,-0.039197852,-0.336839329,0.2584436245,0.4579761654,-0.065720198,0.9816725294,0.7172704899,1.644068591,1-(1-enyl-oleoyl)-GPE (P-18:1)*,Lipid,Lysoplasmalogen
S100005373,0.0014,0.0355,-0.140714548,-0.36886775,0.087438653,0.7179500165,0.3165173828,1.1193826503,1.2387911094,2.360006952,fructosyllysine,Amino Acid,Lysine Metabolism
S100005376,0.9063,0.9626,0.3114414281,-0.390041747,1.0129246029,0.3991640337,-0.835086622,1.6334146895,0.1265569681,1.0916852526,1-eicosenoyl-GPE (20:1)*,Lipid,Lysophospholipid
S100005384,0.0068,0.0927,-0.000645437,-0.185106705,0.1838158308,0.569655455,0.2450982182,0.8942126917,0.8227702687,1.7687991889,O-sulfo-tyrosine,Xenobiotics,Chemical
S100005389,0.4173,0.6793,-0.812301307,-1.564610998,-0.059991615,-0.15999371,-1.483672972,1.1636855511,0.9410809342,1.9199662279,ferulic acid 4-sulfate,Xenobiotics,Food Component/Plant
S100005391,0.0308,0.1748,0.0923587649,-0.636237826,0.8209553557,-1.657381183,-2.939337547,-0.375424819,-2.524341146,0.1738191396,3-(3-hydroxyphenyl)propionate sulfate,Xenobiotics,Benzoate Metabolism
S100005463,0.0021,0.0434,-0.624685125,-0.906957866,-0.342412385,0.3909461765,-0.105709092,0.8876014454,1.4652462426,2.7611059386,N-acetylmethionine sulfoxide,Amino Acid,"Methionine, Cysteine, SAM and Taurine Metabolism"
S100005466,0.0917,0.3067,0.0258911836,-0.136164172,0.1879465393,0.324415407,0.0392810855,0.6095497286,0.4306794168,1.3478681869,N-acetyltaurine,Amino Acid,"Methionine, Cysteine, SAM and Taurine Metabolism"
S100005716,0.5343,0.76,-0.865764793,-1.198539531,-0.532990056,-0.645273389,-1.230786274,-0.059760504,0.3181018559,1.2466892088,1-oleoyl-GPG (18:1)*,Lipid,Lysophospholipid
S100005717,0.6656,0.8484,-0.053075869,-0.263401713,0.1572499746,0.0436537487,-0.326411878,0.4137193753,0.13955134,1.1015624905,1-palmitoyl-GPG (16:0)*,Lipid,Lysophospholipid
S100005814,0.1374,0.3836,0.0064790442,-0.227639874,0.240597962,-0.371024998,-0.782954233,0.0409042379,-0.544623209,0.6855704307,N-linoleoyltaurine*,Lipid,Endocannabinoid
S100005815,0.098,0.3188,-0.095001696,-0.42237485,0.2323714579,-0.685976521,-1.26198539,-0.109967652,-0.852596449,0.5537871762,N-linolenoyltaurine*,Lipid,Endocannabinoid
S100005817,0.6736,0.8498,-0.061489149,-0.358427819,0.2354495208,0.0715609639,-0.45089882,0.5940207482,0.1919507383,1.1423072414,N-arachidonoyltaurine,Lipid,Endocannabinoid
S100005829,0.0554,0.2331,0.0271818865,-0.203265178,0.2576289506,-0.458914225,-0.864382881,-0.05344557,-0.70128845,0.6150226934,N-myristoyltaurine*,Lipid,Endocannabinoid
S100005831,0.0081,0.098,0.2203374542,-0.044951849,0.4856267571,-0.579438569,-1.046211698,-0.112665441,-1.153832903,0.4494296145,N-palmitoleoyltaurine*,Lipid,Endocannabinoid
S100005934,0.344,0.6104,0.1919518614,-0.197474091,0.5813778139,-0.202864803,-0.888054775,0.4823251701,-0.569600043,0.6738035604,5-hydroxymethylcytidine,Nucleotide,"Pyrimidine Metabolism, Cytidine containing"
S100005946,0.0545,0.2308,-0.290542768,-0.617256071,0.0361705351,0.40164343,-0.17320444,0.9764912999,0.9986135954,1.9980789584,2-keto-3-deoxy-gluconate,Xenobiotics,Food Component/Plant
S100005972,0.4872,0.7268,-0.032554905,-0.609497004,0.5443871928,0.3952079028,-0.619914325,1.4103301305,0.6171312821,1.5338222278,alpha-CEHC sulfate,Cofactors and Vitamins,Tocopherol Metabolism
S100005985,0.0137,0.1205,0.1069673253,-0.078112943,0.2920475938,-0.407802398,-0.733448758,-0.082156037,-0.742655727,0.597638201,"sphingomyelin (d18:2/14:0, d18:1/14:1)*",Lipid,Sphingomyelins
S100005986,0.7461,0.8893,-0.112685,-0.348615901,0.1232459007,-0.031457727,-0.446575124,0.383659669,0.1171861836,1.0846173726,"sphingomyelin (d18:1/24:1, d18:2/24:0)*",Lipid,Sphingomyelins
S100005996,0.0015,0.0363,-0.287606554,-0.699488072,0.1242749638,-1.819711987,-2.544412238,-1.095011735,-2.21036091,0.2160802456,octadecenedioylcarnitine (C18:1-DC)*,Lipid,"Fatty Acid Metabolism (Acyl Carnitine, Dicarboxylate)"
S100005998,0.0043,0.0706,0.4236203225,0.1498006897,0.6974399553,-0.476995936,-0.958778071,0.0047861988,-1.29931461,0.406319185,octadecanedioylcarnitine (C18-DC)*,Lipid,"Fatty Acid Metabolism (Acyl Carnitine, Dicarboxylate)"
S100006051,0.0425,0.2089,0.1679138689,-0.094581865,0.430409603,-0.421131318,-0.882989198,0.0407265615,-0.849812571,0.5548568162,myristoleoylcarnitine (C14:1)*,Lipid,"Fatty Acid Metabolism (Acyl Carnitine, Monounsaturated)"
S100006082,0.6812,0.8532,0.0885077497,-0.362205182,0.5392206814,-0.108477481,-0.901501108,0.6845461459,-0.284189616,0.8212027617,4-hydroxychlorothalonil,Xenobiotics,Chemical
S100006089,0.0429,0.209,-0.221656222,-0.470260462,0.0269480182,0.3349478431,-0.102468131,0.7723638172,0.8030099241,1.7447374133,isoeugenol sulfate,Xenobiotics,Food Component/Plant
S100006095,0.8965,0.9568,-0.187314653,-0.941219085,0.5665897786,-0.083122749,-1.409607934,1.2433624367,0.1503171436,1.1098134124,4-hydroxycinnamate sulfate,Amino Acid,Tyrosine Metabolism
S100006098,0.3093,0.5772,-0.708086621,-1.515260359,0.0990871175,0.1724143024,-1.247797545,1.5926261502,1.2702943153,2.4121076844,3-hydroxypyridine sulfate,Xenobiotics,Chemical
S100006103,0.5562,0.7708,-0.149604707,-0.666957802,0.3677483878,-0.474018533,-1.384294674,0.436257607,-0.468030218,0.7229510044,3-hydroxyindolin-2-one sulfate,Xenobiotics,Food Component/Plant
S100006104,0.877,0.9486,0.1140154502,-0.229561326,0.4575922266,0.1704940156,-0.434024919,0.7750129505,0.0814813462,1.0581039345,m-tyramine sulfate,Amino Acid,Tyrosine Metabolism
S100006106,0.2137,0.4853,-0.371041465,-1.059207967,0.3171250365,0.5517091773,-0.659110963,1.7625293179,1.3312477762,2.5162020526,maltol sulfate,Xenobiotics,Food Component/Plant
S100006108,0.9791,0.9866,-0.114872743,-0.758314466,0.5285689797,-0.096974963,-1.229102428,1.0351525025,0.0258210393,1.0180589057,phenylacetylcarnitine,Peptide,Acetylated Peptides
S100006115,0.6065,0.8023,-0.046926493,-0.239326474,0.145473487,-0.152460076,-0.490985376,0.1860652237,-0.152252776,0.8998442532,arabonate/xylonate,Carbohydrate,Pentose Metabolism
S100006116,0.3082,0.5772,0.2011360895,-0.856015771,1.25828795,1.3569856585,-0.503059492,3.2170308087,1.6675384412,3.1767211153,methyl-4-hydroxybenzoate sulfate,Xenobiotics,Benzoate Metabolism
S100006121,0.057,0.2365,0.1608157372,-0.223978063,0.5456095377,-0.645493443,-1.322533204,0.0315463172,-1.163258256,0.4465029907,1-dihomo-linolenylglycerol (20:3),Lipid,Monoacylglycerol
S100006123,0.87,0.9458,0.2766980268,-0.242763759,0.796159813,0.3669835297,-0.547002826,1.280969885,0.1302544473,1.0944867182,N-acetylhistamine,Amino Acid,Histidine Metabolism
S100006125,0.305,0.5746,-0.186431953,-0.304939037,-0.067924869,-0.055981016,-0.264492712,0.1525306796,0.1882009199,1.139342039,vanillic alcohol sulfate,Amino Acid,Tyrosine Metabolism
S100006126,0.9984,0.9984,-0.312227559,-1.038032935,0.4135778174,-0.310635208,-1.587680466,0.9664100491,0.002297276,1.0015936188,4-vinylguaiacol sulfate,Xenobiotics,Food Component/Plant
S100006129,0.4426,0.6979,-0.005484939,-0.144519523,0.1335496454,0.1085465438,-0.136083026,0.3531761132,0.1645126547,1.1207874098,vanillactate,Amino Acid,Tyrosine Metabolism
S100006171,0.1344,0.3803,0.5459951185,0.0244641556,1.0675260814,-0.301669756,-1.219296801,0.6159572897,-1.22292191,0.4284141658,eugenol sulfate,Xenobiotics,Food Component/Plant
S100006203,0.2083,0.4837,-3.762099744,-4.150358568,-3.37384092,-3.235127626,-3.91826405,-2.551991201,0.7602600626,1.6937959236,acesulfame,Xenobiotics,Food Component/Plant
S100006260,0.3001,0.5722,-0.238120134,-0.736858055,0.2606177865,0.316591954,-0.560931026,1.1941149335,0.8002803785,1.7414395313,6-hydroxyindole sulfate,Xenobiotics,Chemical
S100006262,0.1148,0.3473,-0.060192938,-0.670282205,0.5498963287,-1.107471281,-2.180915528,-0.034027035,-1.510903272,0.3508914569,4-methoxyphenol sulfate,Amino Acid,Tyrosine Metabolism
S100006263,0.9074,0.9626,-0.056380196,-0.29566926,0.1829088679,-0.026823335,-0.447849376,0.3942027065,0.0426415373,1.0299980009,"2,4-dichlorophenol sulfate",Xenobiotics,Chemical
S100006290,0.536,0.7607,0.0568990158,-0.087148453,0.2009464841,-0.03813533,-0.291585005,0.215314344,-0.13710558,0.9093417015,"sphingomyelin (d18:1/20:0, d16:1/22:0)*",Lipid,Sphingomyelins
S100006292,0.0363,0.1908,0.0507253995,-0.098438502,0.1998893015,-0.295721986,-0.55817396,-0.033270012,-0.499817925,0.7071960271,"sphingomyelin (d18:1/20:1, d18:2/20:0)*",Lipid,Sphingomyelins
S100006293,0.0168,0.1356,0.1502384578,-0.047424326,0.3479012417,-0.380899174,-0.728684309,-0.033114039,-0.766269627,0.5879357348,"sphingomyelin (d18:1/20:2, d18:2/20:1, d16:1/22:2)*",Lipid,Sphingomyelins
S100006294,0.7263,0.8801,-0.041107551,-0.209915382,0.1277002799,-0.1039473,-0.400962516,0.1930679149,-0.090658595,0.9390939521,behenoyl sphingomyelin (d18:1/22:0)*,Lipid,Sphingomyelins
S100006295,0.0956,0.3148,0.0659084542,-0.125657905,0.2574748135,-0.282619713,-0.619678267,0.0544388413,-0.502819858,0.7057260365,"sphingomyelin (d18:1/22:1, d18:2/22:0, d16:1/24:1)*",Lipid,Sphingomyelins
S100006296,0.0022,0.0441,0.057662529,-0.100673993,0.2159990506,-0.507632593,-0.786223674,-0.229041513,-0.815548469,0.5681924359,"sphingomyelin (d18:1/22:2, d18:2/22:1, d16:1/24:2)*",Lipid,Sphingomyelins
S100006298,0.9582,0.9798,-0.020152278,-0.173530694,0.1332261385,-0.028683119,-0.298550477,0.2411842385,-0.012307403,0.9915054428,lignoceroyl sphingomyelin (d18:1/24:0),Lipid,Sphingomyelins
S100006314,0.726,0.8801,0.0520768679,-0.087131528,0.1912852634,0.1039612028,-0.140974185,0.3488965906,0.0748532726,1.0532539107,"sphingomyelin (d17:1/16:0, d18:1/15:0, d16:1/17:0)*",Lipid,Sphingomyelins
S100006361,0.0627,0.2536,0.2527305021,-0.056289418,0.5617504222,-0.379316637,-0.923033226,0.1643999519,-0.911851273,0.5315026267,dopamine 3-O-sulfate,Amino Acid,Tyrosine Metabolism
S100006363,0.1861,0.4585,0.1297168567,-0.804522262,1.0639559754,1.464376165,-0.179405591,3.1081579211,1.9255063653,3.7987015398,daidzein sulfate (2),Xenobiotics,Food Component/Plant
S100006367,0.351,0.615,0.0065461181,-0.265866026,0.2789582626,0.2786955652,-0.200610112,0.7580012422,0.3926286577,1.3127831783,3-hydroxyhexanoate,Lipid,"Fatty Acid, Monohydroxy"
S100006369,0.4463,0.6998,-0.552299066,-0.998354448,-0.106243683,-0.189431877,-0.974260606,0.5953968515,0.5235066935,1.4374449375,N-carbamoylalanine,Amino Acid,Alanine and Aspartate Metabolism
S100006370,0.0085,0.098,0.0130851839,-0.244496337,0.2706667045,-0.758109483,-1.211320867,-0.304898098,-1.112598721,0.4624602523,3beta-hydroxy-5-cholestenoate,Lipid,Sterol
S100006374,0.3734,0.6399,-0.357649012,-1.224412987,0.5091149626,0.4681367676,-1.056923338,1.9931968726,1.1913570492,2.2836745256,"1,2,3-benzenetriol sulfate (2)",Xenobiotics,Chemical
S100006375,0.4298,0.687,-0.160764471,-0.876205798,0.5546768553,0.4428442588,-0.815965586,1.7016541039,0.8708233215,1.8287062142,3-methoxycatechol sulfate (1),Xenobiotics,Benzoate Metabolism
S100006376,0.3803,0.6474,-0.023371088,-0.455204341,0.408462166,-0.428816892,-1.188621967,0.3309881834,-0.584934651,0.666679536,3-methoxycatechol sulfate (2),Xenobiotics,Benzoate Metabolism
S100006378,0.4027,0.6661,-0.139129686,-0.578290368,0.3000309958,0.2538737733,-0.518823819,1.0265713653,0.5669841422,1.4814235145,N-acetylkynurenine (2),Amino Acid,Tryptophan Metabolism
S100006379,0.9132,0.9648,0.0867590372,-0.119935337,0.293453411,0.1106791574,-0.252996944,0.474355259,0.0345094387,1.024208501,C-glycosyltryptophan,Amino Acid,Tryptophan Metabolism
S100006430,0.2091,0.4837,-0.043082657,-0.227607856,0.141442541,0.2069261347,-0.117743587,0.5315958563,0.3606864443,1.2840367058,arabitol/xylitol,Carbohydrate,Pentose Metabolism
S100006435,0.2167,0.4859,-0.121669582,-0.275242511,0.0319033468,0.0828677879,-0.187341812,0.353077388,0.2950850492,1.2269573063,N-acetylglucosamine/N-acetylgalactosamine,Carbohydrate,Aminosugar Metabolism
S100006614,0.4396,0.6952,0.0182926844,-0.39328023,0.4298655992,-0.321560427,-1.045717696,0.4025968421,-0.490304398,0.7118748815,adipoylcarnitine (C6-DC),Lipid,"Fatty Acid Metabolism (Acyl Carnitine, Dicarboxylate)"
S100006627,0.2907,0.5654,0.0617856796,-0.209461421,0.3330327799,-0.245923174,-0.723178971,0.2313326227,-0.443930037,0.7351293171,suberoylcarnitine (C8-DC),Lipid,"Fatty Acid Metabolism (Acyl Carnitine, Dicarboxylate)"
S100006633,0.4136,0.6756,-0.038004056,-0.51586373,0.4398556175,0.3796646584,-0.461123314,1.2204526305,0.6025685836,1.5184175619,4-hydroxyphenylacetate sulfate,Amino Acid,Tyrosine Metabolism
S100006634,0.8809,0.9495,-0.080371964,-0.445994982,0.2852510541,-0.138589043,-0.781898057,0.5047199715,-0.083989491,0.9434451232,3-hydroxyphenylacetate sulfate,Amino Acid,Tyrosine Metabolism
S100006641,0.079,0.2909,-0.482225711,-0.725910191,-0.238541231,-0.013569179,-0.442328899,0.4151905406,0.6761284549,1.5978460959,glycochenodeoxycholate 3-sulfate,Lipid,Primary Bile Acid Metabolism
S100006644,0.0112,0.1108,-0.964691045,-1.591483644,-0.337898446,0.8353188241,-0.267514721,1.9381523697,2.5968653118,6.0497071697,taurodeoxycholic acid 3-sulfate,Lipid,Secondary Bile Acid Metabolism
S100006726,0.1871,0.4588,-0.124855916,-0.407475831,0.1577640002,0.2779302141,-0.219335906,0.7751963339,0.5810975519,1.4959869103,linoleoyl ethanolamide,Lipid,Endocannabinoid
S100006730,0.4581,0.707,0.212010594,-0.213651396,0.6376725838,-0.125199918,-0.874146733,0.6237468982,-0.486491933,0.7137585696,indoleacetylglycine,Amino Acid,Tryptophan Metabolism
S100006759,0.0796,0.2909,0.0331181898,-0.148466099,0.2147024784,-0.315312964,-0.634808192,0.0041822648,-0.502679897,0.7057945047,cyclo(met-pro),Peptide,Dipeptide
S100008903,0.2207,0.4859,0.0462099617,-0.134081573,0.2265014968,-0.191748247,-0.508968892,0.1254723989,-0.343301127,0.7882356321,"1,2-dilinoleoyl-GPC (18:2/18:2)",Lipid,Phosphatidylcholine (PC)
S100008904,0.0151,0.1259,-0.0528414,-0.138784345,0.0331015462,0.1822595718,0.0310440601,0.3334750835,0.3391790055,1.2650364947,1-stearoyl-2-oleoyl-GPC (18:0/18:1),Lipid,Phosphatidylcholine (PC)
S100008914,0.0177,0.137,-0.057453242,-0.243897282,0.1289907984,0.43943863,0.1113927307,0.7674845293,0.7168634393,1.6436047891,1-palmitoyl-2-arachidonoyl-GPC (16:0/20:4n6),Lipid,Phosphatidylcholine (PC)
S100008915,0.0496,0.2223,-0.054702182,-0.279977439,0.1705730759,0.4332535414,0.0368846131,0.8296224698,0.7039713017,1.6289827219,1-palmitoyl-2-docosahexaenoyl-GPC (16:0/22:6),Lipid,Phosphatidylcholine (PC)
S100008916,0.0437,0.2109,-0.096698777,-0.289556356,0.0961588022,0.3333775839,-0.005952855,0.672708023,0.6204690332,1.5373749145,1-stearoyl-2-docosahexaenoyl-GPC (18:0/22:6),Lipid,Phosphatidylcholine (PC)
S100008919,0.2658,0.5342,-0.052409726,-0.252011655,0.1471922036,0.1863728974,-0.164824139,0.537569934,0.3444905063,1.2697025027,1-(1-enyl-stearoyl)-2-oleoyl-GPE (P-18:0/18:1),Lipid,Plasmalogen
S100008920,0.7981,0.9164,0.0680297116,-0.08416473,0.2202241528,0.1094154675,-0.158368701,0.3771996362,0.0597070247,1.0422540836,"sphingomyelin (d18:1/17:0, d17:1/18:0, d19:1/16:0)",Lipid,Sphingomyelins
S100008921,0.0206,0.1411,-0.1691033,-0.349978956,0.0117723573,0.3000400773,-0.018208323,0.6182884775,0.6768308232,1.598624188,1-palmitoyl-2-stearoyl-GPC (16:0/18:0),Lipid,Phosphatidylcholine (PC)
S100008928,0.6271,0.8146,0.1746338781,-0.128467031,0.4777347871,0.0178746783,-0.515427486,0.5511768432,-0.22615572,0.8549098965,2-hydroxybutyrate/2-hydroxyisobutyrate,Amino Acid,Glutathione Metabolism
S100008929,0.5798,0.7793,-0.051496471,-0.266689151,0.1636962099,0.0754130968,-0.303215667,0.4540418605,0.1830918036,1.1353143438,2-methylcitrate/homocitrate,Energy,TCA Cycle
S100008930,0.5668,0.7727,0.016640235,-0.240229757,0.2735102272,0.1733968601,-0.278562599,0.6253563192,0.2261520056,1.1697109009,oleate/vaccenate (18:1),Lipid,Long Chain Monounsaturated Fatty Acid
S100008932,0.7069,0.8708,0.2997499601,-0.117132366,0.7166322866,0.1330522932,-0.600446818,0.866551404,-0.240493897,0.8464554842,phenylacetyltaurine,Peptide,Acetylated Peptides
S100008933,0.4943,0.7299,-0.097010904,-0.322550762,0.1285289531,0.0674605206,-0.329373968,0.464295009,0.237282109,1.1787698855,3-hydroxystearate,Lipid,"Fatty Acid, Monohydroxy"
S100008934,0.1191,0.3541,0.1013764874,-0.122528027,0.3252810018,-0.278273349,-0.672230472,0.1156837747,-0.547718936,0.6841009147,2-hydroxylaurate,Lipid,"Fatty Acid, Monohydroxy"
S100008952,0.4119,0.675,-0.368200742,-0.728099394,-0.00830209,-0.052512301,-0.685749367,0.5807247644,0.4554421483,1.3712029785,1-palmitoleoylglycerol (16:1)*,Lipid,Monoacylglycerol
S100008954,0.0296,0.1714,-0.066301708,-0.189258852,0.0566554356,0.2315305879,0.0151890692,0.4478721067,0.4296811767,1.3469358826,palmitoyl dihydrosphingomyelin (d18:0/16:0)*,Lipid,Dihydrosphingomyelins
S100008955,0.7778,0.9058,0.0050983642,-0.159503022,0.1696997501,0.0544690841,-0.235144945,0.3440831131,0.0712268927,1.0506097605,tricosanoyl sphingomyelin (d18:1/23:0)*,Lipid,Sphingomyelins
S100008956,0.2397,0.5049,0.1002656941,-0.064797498,0.2653288863,-0.10866917,-0.399095742,0.1817574008,-0.301429293,0.811448088,"sphingomyelin (d18:2/23:0, d18:1/23:1, d17:1/24:1)*",Lipid,Sphingomyelins
S100008957,0.3426,0.6104,0.012682873,-0.164559986,0.1899257324,-0.167563806,-0.479420346,0.1442927331,-0.260040991,0.8350641928,"sphingomyelin (d18:2/24:1, d18:1/24:2)*",Lipid,Sphingomyelins
S100008976,0.0135,0.1205,-0.193315713,-0.510424199,0.1237927724,0.6908774757,0.132929159,1.2488257923,1.275621129,2.4210302895,1-stearoyl-2-linoleoyl-GPE (18:0/18:2)*,Lipid,Phosphatidylethanolamine (PE)
S100008977,0.0006,0.0206,-0.216104614,-0.423654143,-0.008555085,0.64058932,0.2754085838,1.0057700563,1.2359480901,2.3553608289,1-stearoyl-2-arachidonoyl-GPE (18:0/20:4),Lipid,Phosphatidylethanolamine (PE)
S100008980,0.4557,0.7069,-0.046714873,-0.117607009,0.0241772621,0.0097516401,-0.114982164,0.1344854438,0.0814639589,1.0580911824,1-stearoyl-2-linoleoyl-GPC (18:0/18:2)*,Lipid,Phosphatidylcholine (PC)
S100008984,0.6592,0.8427,-0.006854022,-0.14196278,0.1282547359,-0.070254401,-0.307976529,0.1674677271,-0.091467412,0.9385676157,1-palmitoyl-2-palmitoleoyl-GPC (16:0/16:1)*,Lipid,Phosphatidylcholine (PC)
S100008989,0.9512,0.979,-0.182377074,-0.587700448,0.2229462996,-0.208734827,-0.921896108,0.504426455,-0.038026199,0.9739865812,1-palmitoyl-2-eicosapentaenoyl-GPC (16:0/20:5)*,Lipid,Phosphatidylcholine (PC)
S100008990,0.0003,0.0122,-0.304148916,-0.518051808,-0.090246024,0.6471845651,0.2708251681,1.0235439622,1.3724840953,2.5891599539,1-palmitoyl-2-arachidonoyl-GPE (16:0/20:4)*,Lipid,Phosphatidylethanolamine (PE)
S100008991,0.1455,0.3988,-0.110904535,-0.391339748,0.1695306793,0.3317762814,-0.161645883,0.825198446,0.6386534178,1.5568753252,1-palmitoyl-2-docosahexaenoyl-GPE (16:0/22:6)*,Lipid,Phosphatidylethanolamine (PE)
S100008992,0.0142,0.1208,-0.116754903,-0.341543033,0.1080332274,0.5048899063,0.1093780721,0.9004017405,0.8968438832,1.8619881394,1-stearoyl-2-docosahexaenoyl-GPE (18:0/22:6)*,Lipid,Phosphatidylethanolamine (PE)
S100008993,0.1264,0.3625,-0.091815552,-0.272430664,0.0887995604,0.2082002306,-0.109589744,0.5259902057,0.4328312814,1.3498801117,1-palmitoyl-2-arachidonoyl-GPI (16:0/20:4)*,Lipid,Phosphatidylinositol (PI)
S100008994,0.2799,0.5542,0.0424254325,-0.098718853,0.1835697178,-0.12142004,-0.369761601,0.1269215206,-0.236379051,0.8488731857,1-stearoyl-2-linoleoyl-GPI (18:0/18:2),Lipid,Phosphatidylinositol (PI)
S100008998,0.5854,0.7828,-0.019183767,-0.317497747,0.2791302142,0.1541549206,-0.370724705,0.6790345466,0.2500748645,1.1892688271,gamma-tocopherol/beta-tocopherol,Cofactors and Vitamins,Tocopherol Metabolism
S100008999,0.0586,0.2406,-0.169165416,-0.389697472,0.0513666398,0.2897467054,-0.09827662,0.6777700311,0.6620702417,1.5823516418,1-(1-enyl-stearoyl)-2-arachidonoyl-GPE (P-18:0/20:4)*,Lipid,Plasmalogen
S100009000,0.5362,0.7607,-0.158655929,-0.486032943,0.1687210857,0.057241811,-0.518773851,0.6332574725,0.3114745986,1.2409754702,1-(1-enyl-palmitoyl)-2-docosahexaenoyl-GPE (P-16:0/22:6)*,Lipid,Plasmalogen
S100009002,0.9227,0.9699,-0.065793853,-0.221497084,0.0899093774,-0.081851197,-0.355809036,0.1921066417,-0.023165851,0.9840708879,1-(1-enyl-palmitoyl)-2-arachidonoyl-GPE (P-16:0/20:4)*,Lipid,Plasmalogen
S100009004,0.3032,0.5746,-0.242430819,-0.519952399,0.0350907621,0.0642010438,-0.424094621,0.5524967083,0.4423762672,1.3588406356,1-(1-enyl-stearoyl)-2-docosahexaenoyl-GPE (P-18:0/22:6)*,Lipid,Plasmalogen
S100009005,0.4936,0.7299,-0.037424596,-0.284974096,0.2101249037,0.143409117,-0.292151056,0.5789692896,0.2608879013,1.1982159153,1-(1-enyl-palmitoyl)-2-oleoyl-GPE (P-16:0/18:1)*,Lipid,Plasmalogen
S100009007,0.0288,0.1702,0.0997530526,-0.113578178,0.3130842832,-0.419572396,-0.794925963,-0.04421883,-0.74922825,0.5949217177,1-(1-enyl-palmitoyl)-2-oleoyl-GPC (P-16:0/18:1)*,Lipid,Plasmalogen
S100009008,0.8093,0.921,0.0054612215,-0.255740265,0.2666627078,0.0724583141,-0.387122353,0.5320389816,0.0966563732,1.0692923693,1-(1-enyl-palmitoyl)-2-docosahexaenoyl-GPC (P-16:0/22:6)*,Lipid,Plasmalogen
S100009009,0.1771,0.4476,0.0420499902,-0.179760405,0.2638603857,-0.281633113,-0.671905661,0.1086394355,-0.466976007,0.7234794746,1-(1-enyl-palmitoyl)-2-linoleoyl-GPC (P-16:0/18:2)*,Lipid,Plasmalogen
S100009014,0.5312,0.7582,-0.022346217,-0.309857469,0.2651650339,0.1695821527,-0.336290209,0.6754545147,0.2768941079,1.2115837283,1-(1-enyl-palmitoyl)-2-arachidonoyl-GPC (P-16:0/20:4)*,Lipid,Plasmalogen
S100009015,0.9215,0.9697,0.0871834203,-0.159473932,0.3338407725,0.0613735726,-0.372616878,0.4953640227,-0.037235739,0.9745203793,1-(1-enyl-stearoyl)-2-docosahexaenoyl-GPC (P-18:0/22:6)*,Lipid,Plasmalogen
S100009019,0.5643,0.7723,-0.018370865,-0.31306954,0.2763278096,0.1626491787,-0.355869363,0.6811677201,0.2611567196,1.1984392004,1-stearyl-2-arachidonoyl-GPC (O-18:0/20:4)*,Lipid,Plasmalogen
S100009025,0.1892,0.4616,0.0622823149,-0.103389889,0.2279545185,-0.172711249,-0.464209368,0.1187868705,-0.339024049,0.7905759382,"sphingomyelin (d18:1/21:0, d17:1/22:0, d16:1/23:0)*",Lipid,Sphingomyelins
S100009026,0.2861,0.5606,0.0238605064,-0.184365156,0.2320861688,0.2624152243,-0.10395516,0.6287856088,0.3441617086,1.2694131638,behenoyl dihydrosphingomyelin (d18:0/22:0)*,Lipid,Dihydrosphingomyelins
S100009027,0.0001,0.0083,-0.14550672,-0.345699929,0.0546864901,0.8159778271,0.4637404405,1.1682152137,1.3871289873,2.6155765379,"sphingomyelin (d18:0/18:0, d19:0/17:0)*",Lipid,Dihydrosphingomyelins
S100009028,0.0001,0.0044,-0.249199362,-0.468891458,-0.029507266,0.9306900368,0.5441446092,1.3172354643,1.7022205849,3.2540142861,N-palmitoyl-sphinganine (d18:0/16:0),Lipid,Dihydroceramides
S100009035,0.2428,0.5094,0.0280462243,-0.138414649,0.1945070978,-0.181242199,-0.474127973,0.1116435741,-0.301939371,0.8111612438,1-pentadecanoyl-2-linoleoyl-GPC (15:0/18:2)*,Lipid,Phosphatidylcholine (PC)
S100009036,0.5616,0.7709,-0.025708311,-0.223410966,0.1719943439,0.0965636712,-0.251291616,0.4444189585,0.1764011822,1.1300614164,1-margaroyl-2-oleoyl-GPC (17:0/18:1)*,Lipid,Phosphatidylcholine (PC)
S100009037,0.771,0.903,0.0433768178,-0.098555056,0.1853086917,-0.000531063,-0.250258377,0.24919625,-0.063345682,0.9570421151,1-margaroyl-2-linoleoyl-GPC (17:0/18:2)*,Lipid,Phosphatidylcholine (PC)
S100009038,0.7168,0.8768,-0.000107095,-0.150181286,0.1499670959,0.05777803,-0.206275586,0.3218316456,0.0835105829,1.059593268,myristoyl dihydrosphingomyelin (d18:0/14:0)*,Lipid,Dihydrosphingomyelins
S100009042,0.3463,0.6104,-0.245773,-0.768441157,0.2768951577,0.2815613632,-0.638066561,1.2011892875,0.7607826701,1.6944096021,5-hydroxyindole sulfate,Amino Acid,Tryptophan Metabolism
S100009043,0.2787,0.5536,-0.216042894,-0.598301448,0.1662156595,0.228853383,-0.443725643,0.9014324092,0.6418496528,1.5603283458,7-hydroxyindole sulfate,Amino Acid,Tryptophan Metabolism
S100009045,0.0679,0.2674,-0.007657474,-0.38385067,0.3685357221,0.7460556103,0.0841485031,1.4079627175,1.0873781289,2.1248752276,phenylacetylglutamate,Peptide,Acetylated Peptides
S100009051,0.0815,0.2923,-0.060841198,-0.160280595,0.0385981992,0.1287225365,-0.046239808,0.3036848809,0.2734826592,1.2087221584,1-stearoyl-2-dihomo-linolenoyl-GPC (18:0/20:3n3 or 6)*,Lipid,Phosphatidylcholine (PC)
S100009052,0.0123,0.1189,-0.92486562,-1.259494779,-0.590236462,0.0226146315,-0.566161084,0.6113903473,1.3669250609,2.5792025242,palmitoyl-linoleoyl-glycerol (16:0/18:2) [1]*,Lipid,Diacylglycerol
S100009055,0.2969,0.5708,-0.876659217,-1.168929197,-0.584389237,-0.549393446,-1.06363873,-0.035148161,0.4721447059,1.3871700988,palmitoyl-linoleoyl-glycerol (16:0/18:2) [2]*,Lipid,Diacylglycerol
S100009066,0.0372,0.1936,0.0250965824,-0.116328708,0.1665218729,-0.301660393,-0.550496379,-0.052824407,-0.471410668,0.7212590056,1-palmitoyl-2-oleoyl-GPI (16:0/18:1)*,Lipid,Phosphatidylinositol (PI)
S100009067,0.6796,0.8532,0.1731546534,-0.103208101,0.449517408,0.0517270462,-0.434529679,0.537983771,-0.175183007,0.8856551661,1-stearoyl-2-docosahexaenoyl-GPI (18:0/22:6)*,Lipid,Phosphatidylinositol (PI)
S100009069,0.4486,0.7004,-0.473032746,-0.720849942,-0.225215549,-0.272489716,-0.708520897,0.1635414652,0.2893224343,1.2220661961,1-(1-enyl-palmitoyl)-2-linoleoyl-GPE (P-16:0/18:2)*,Lipid,Plasmalogen
S100009075,0.4925,0.7295,-0.034505065,-0.244316647,0.1753065165,-0.188137098,-0.557297888,0.1810236909,-0.221644172,0.8575875268,1-palmitoleoyl-2-linoleoyl-GPC (16:1/18:2)*,Lipid,Phosphatidylcholine (PC)
S100009078,0.6508,0.834,-0.63151795,-1.100638737,-0.162397163,-0.405536982,-1.230948994,0.4198750305,0.3260216222,1.2535518077,1-oleoyl-2-linoleoyl-GPE (18:1/18:2)*,Lipid,Phosphatidylethanolamine (PE)
S100009082,0.0002,0.0101,-0.30053095,-0.692566165,0.0915042658,1.5219155993,0.8321346617,2.2116965368,2.6292345986,6.1869766903,1-linoleoyl-GPA (18:2)*,Lipid,Lysophospholipid
S100009122,0.2149,0.4859,-0.073995887,-0.315223247,0.1672314731,0.2485558703,-0.175880578,0.6729923187,0.4653438205,1.3806463474,1-pentadecanoyl-2-arachidonoyl-GPC (15:0/20:4)*,Lipid,Phosphatidylcholine (PC)
S100009123,0.9528,0.979,0.0226330194,-0.289221845,0.3344878835,0.0030178015,-0.545686835,0.5517224381,-0.028298778,0.9805759088,1-pentadecanoyl-2-docosahexaenoyl-GPC (15:0/22:6)*,Lipid,Phosphatidylcholine (PC)
S100009124,0.2506,0.5185,-0.006474242,-0.227211405,0.214262922,0.2663872912,-0.121996919,0.6547715017,0.3936559804,1.3137183255,1-margaroyl-2-arachidonoyl-GPC (17:0/20:4)*,Lipid,Phosphatidylcholine (PC)
S100009126,0.9102,0.9635,-0.033580619,-0.286623273,0.2194620356,-0.063906317,-0.509131625,0.3813189904,-0.043750735,0.9701295126,1-arachidoyl-2-arachidonoyl-GPC (20:0/20:4)*,Lipid,Phosphatidylcholine (PC)
S100009130,0.9375,0.9741,-0.027683555,-0.255825331,0.2004582215,-0.04667041,-0.448082941,0.3547421215,-0.027392242,0.9811922598,1-oleoyl-2-docosahexaenoyl-GPC (18:1/22:6)*,Lipid,Phosphatidylcholine (PC)
S100009131,0.749,0.8912,-0.119016811,-0.301290202,0.0632565796,-0.057017885,-0.37772558,0.2636898104,0.0894455437,1.0639612025,1-linoleoyl-2-arachidonoyl-GPC (18:2/20:4n6)*,Lipid,Phosphatidylcholine (PC)
S100009134,0.0137,0.1205,0.1078530621,-0.095196371,0.3109024949,-0.456673304,-0.813936178,-0.099410429,-0.814439388,0.5686294054,1-palmityl-2-linoleoyl-GPC (O-16:0/18:2)*,Lipid,Plasmalogen
S100009139,0.7548,0.8939,-0.212091848,-0.487241852,0.063058156,-0.120719078,-0.604841983,0.3634038276,0.1318230422,1.0956773648,1-myristoyl-2-arachidonoyl-GPC (14:0/20:4)*,Lipid,Phosphatidylcholine (PC)
S100009141,0.0833,0.2941,-0.079606709,-0.259906143,0.1006927239,0.2620097986,-0.055224743,0.5792443407,0.4928484419,1.4072205361,1-stearoyl-2-docosapentaenoyl-GPC (18:0/22:5n3)*,Lipid,Phosphatidylcholine (PC)
S100009142,0.0006,0.0209,-0.268032969,-0.532647829,-0.003418109,0.8190980026,0.353511548,1.2846844572,1.5683984618,2.9657530257,1-stearoyl-2-docosapentaenoyl-GPC (18:0/22:5n6)*,Lipid,Phosphatidylcholine (PC)
S100009146,0.0046,0.0739,-0.182532529,-0.367901812,0.0028367529,0.4223475543,0.0961926777,0.7485024309,0.8726574971,1.8310326251,1-stearoyl-2-adrenoyl-GPC (18:0/22:4)*,Lipid,Phosphatidylcholine (PC)
S100009147,0.1836,0.4571,-0.047700529,-0.210754271,0.1153532131,0.186639187,-0.100251782,0.4735301562,0.3380807459,1.2640738452,1-stearyl-GPC (O-18:0)*,Lipid,Lysoplasmalogen
S100009153,0.1773,0.4476,-0.219940027,-0.391884152,-0.047995901,0.0309018993,-0.271631586,0.3334353846,0.3618884031,1.2851069266,1-stearoyl-2-meadoyl-GPC (18:0/20:3n9)*,Lipid,Phosphatidylcholine (PC)
S100009162,0.1744,0.4453,0.033608584,-0.124925254,0.1921424218,-0.19927816,-0.478216416,0.0796600961,-0.33598455,0.7922432949,1-(1-enyl-palmitoyl)-2-palmitoyl-GPC (P-16:0/16:0)*,Lipid,Plasmalogen
S100009181,0.9891,0.9919,-0.019226735,-0.200685098,0.1622316284,-0.021863177,-0.341136842,0.2974104882,-0.003803581,0.9973670306,1-stearoyl-2-oleoyl-GPI (18:0/18:1)*,Lipid,Phosphatidylinositol (PI)
S100009184,0.9482,0.979,-0.025130272,-0.375991882,0.3257313382,-0.000910786,-0.618247292,0.6164257203,0.0349413321,1.0245151598,1-stearoyl-2-dihomo-linolenoyl-GPI (18:0/20:3n3 or 6)*,Lipid,Phosphatidylinositol (PI)
S100009198,0.0077,0.0954,-0.117469737,-0.303758094,0.0688186207,0.4488076009,0.1210356234,0.7765795783,0.8169655067,1.7616966275,1-stearyl-GPE (O-18:0)*,Lipid,Lysoplasmalogen
S100009217,0.467,0.711,-0.485362727,-0.772830643,-0.197894811,-0.26215601,-0.767952125,0.2436401039,0.3220192233,1.2500789593,"1,2-dilinoleoyl-GPE (18:2/18:2)*",Lipid,Phosphatidylethanolamine (PE)
S100009225,0.4316,0.6888,-0.117424693,-0.323474474,0.0886250881,0.0557297439,-0.306812205,0.4182716925,0.249809047,1.1890497237,1-(1-enyl-stearoyl)-2-linoleoyl-GPE (P-18:0/18:2)*,Lipid,Plasmalogen
S100009227,0.1913,0.4644,0.1306664697,-0.114583829,0.3759167687,-0.215425548,-0.646940306,0.2160892097,-0.499305238,0.7074473863,1-linoleoyl-GPG (18:2)*,Lipid,Lysophospholipid
S100009231,0.4089,0.672,0.0468878869,-0.107058338,0.2008341121,-0.089049965,-0.359916375,0.1818164453,-0.196116865,0.8728968797,gamma-glutamylserine,Peptide,Gamma-glutamyl Amino Acid
S100009232,0.0192,0.1388,0.1177370663,-0.089278006,0.3247521387,-0.425934824,-0.790175191,-0.061694457,-0.78435274,0.5806123885,thioproline,Xenobiotics,Chemical
S100009233,0.596,0.7959,-0.012724565,-0.656047455,0.6305983247,-0.375999229,-1.507917609,0.7559191513,-0.524094555,0.6953954076,palmitoylcholine,Lipid,Fatty Acid Metabolism (Acyl Choline)
S100009240,0.3166,0.585,0.3028498339,-0.122675937,0.7283756049,-0.154259682,-0.902966822,0.5944474589,-0.659469631,0.6331110008,phenylacetylalanine,Peptide,Acetylated Peptides
S100009271,0.3621,0.6277,0.0811120829,-0.218343476,0.3805676418,0.3733237692,-0.153564449,0.9002119872,0.4215723506,1.3393865173,(S)-3-hydroxybutyrylcarnitine,Lipid,"Fatty Acid Metabolism (Acyl Carnitine, Hydroxy)"
S100009272,0.0589,0.2407,-0.104501468,-0.309125079,0.1001221425,0.3208125749,-0.039220046,0.6808451959,0.6135984612,1.5300708528,glycosyl-N-palmitoyl-sphingosine (d18:1/16:0),Lipid,Hexosylceramides (HCER)
S100009328,0.0764,0.2856,-0.558940931,-1.21512407,0.097242209,0.7148777422,-0.439668083,1.8694235669,1.8377318823,3.5744762891,furaneol sulfate,Xenobiotics,Food Component/Plant
S100009329,0.9758,0.9866,0.0643576098,-0.26175818,0.3904733994,0.0748663103,-0.498930242,0.6486628627,0.0151608501,1.0105641108,ascorbic acid 2-sulfate,Cofactors and Vitamins,Ascorbate and Aldarate Metabolism
S100009331,0.3852,0.6513,-0.11266643,-0.79201086,0.5666779993,-0.743891399,-1.939189216,0.4514064192,-0.910665131,0.5319397924,oleoylcholine,Lipid,Fatty Acid Metabolism (Acyl Choline)
S100009332,0.8306,0.9251,-0.036222489,-0.713492877,0.6410478985,-0.190208417,-1.381856985,1.0014401507,-0.222154734,0.8572840851,arachidonoylcholine,Lipid,Fatty Acid Metabolism (Acyl Choline)
S100009333,0.8781,0.9487,-0.370720045,-0.990648713,0.2492086236,-0.269681221,-1.360437768,0.8210753261,0.14576821,1.1063195925,docosahexaenoylcholine,Lipid,Fatty Acid Metabolism (Acyl Choline)
S100009335,0.9456,0.9778,-0.264433587,-0.707923154,0.1790559796,-0.296559015,-1.076873224,0.4837551934,-0.046347196,0.9683851116,dihomo-linolenoyl-choline,Lipid,Fatty Acid Metabolism (Acyl Choline)
S100009336,0.9374,0.9741,-0.220999792,-0.696844667,0.2548450838,-0.181296054,-1.018539014,0.6559469055,0.0572803848,1.0405024664,eicosapentaenoylcholine,Lipid,Fatty Acid Metabolism (Acyl Choline)
S100009337,0.5202,0.7503,-0.225061466,-0.927127958,0.4770050267,0.2563099221,-0.978967073,1.4915869176,0.6944721139,1.6182921872,caffeic acid sulfate,Xenobiotics,Food Component/Plant
S100009343,0.046,0.2156,0.0035225029,-0.290515203,0.2975602091,-0.644715483,-1.162071059,-0.127359907,-0.935209727,0.5229664397,1-linoleoyl-2-linolenoyl-GPC (18:2/18:3)*,Lipid,Phosphatidylcholine (PC)
S100009345,0.085,0.2946,0.0367859611,-0.162214261,0.2357861829,-0.338078977,-0.688217317,0.0120593633,-0.540815787,0.6873821119,1-palmitoleoyl-2-linolenoyl-GPC (16:1/18:3)*,Lipid,Phosphatidylcholine (PC)
S100009393,0.9086,0.9629,-0.114086493,-0.746144061,0.5179710746,-0.191159078,-1.303256269,0.9209381123,-0.111192236,0.9258226505,hexadecatrienoate (16:3n3),Lipid,Long Chain Polyunsaturated Fatty Acid (n3 and n6)
S100009394,0.7696,0.9023,0.00193629,-0.370923806,0.3747963856,-0.114158151,-0.770200711,0.5418844084,-0.167488875,0.8903911297,hexadecadienoate (16:2n6),Lipid,Long Chain Polyunsaturated Fatty Acid (n3 and n6)
S100009406,0.0661,0.2633,0.0406999285,-0.17089526,0.2522951168,-0.386244291,-0.758543313,-0.013945269,-0.615950308,0.652499948,palmitoleoylcarnitine (C16:1)*,Lipid,"Fatty Acid Metabolism (Acyl Carnitine, Monounsaturated)"
S100009407,0.9836,0.9893,-0.042390814,-0.369054556,0.284272928,-0.049521322,-0.62428199,0.5252393458,-0.010287148,0.9928948539,pimeloylcarnitine/3-methyladipoylcarnitine (C7-DC),Lipid,"Fatty Acid Metabolism (Acyl Carnitine, Dicarboxylate)"
S100009413,0.7411,0.8868,-0.061584787,-0.477885776,0.3547162014,-0.207801104,-0.940277358,0.5246751503,-0.210945555,0.8639707917,4-acetamidobenzoate,Xenobiotics,Chemical
S100010834,0.7389,0.8852,-0.150181776,-0.494387687,0.1940241361,-0.028205842,-0.633831732,0.5774200485,0.1759740749,1.1297269133,3-methylglutarate/2-methylglutarate,Lipid,"Fatty Acid, Dicarboxylate"
S100010861,0.1063,0.335,-0.200986502,-0.712379341,0.3104063366,-1.100959478,-2.000748624,-0.201170332,-1.29838655,0.406580647,"trans-3,4-methyleneheptanoylglycine",Lipid,Fatty Acid Metabolism (Acyl Glycine)
S100010866,0.359,0.6241,0.0429486675,-0.152173233,0.2380705685,-0.148726781,-0.492041266,0.1945877027,-0.27652922,0.8255747662,2-hydroxyoleate,Lipid,"Fatty Acid, Monohydroxy"
S100010895,0.9563,0.9796,0.0506260912,-0.117289554,0.2185417366,0.0603892401,-0.235056186,0.3558346661,0.0140852465,1.0098109639,2'-O-methylcytidine,Nucleotide,"Pyrimidine Metabolism, Cytidine containing"
S100010896,0.8505,0.9354,0.0978175172,-0.117788266,0.3134233007,0.1409897743,-0.238365838,0.520345387,0.0622844011,1.044117736,2'-O-methyluridine,Nucleotide,"Pyrimidine Metabolism, Uracil containing"
S100010900,0.6445,0.8289,-0.018861628,-0.321181227,0.2834579702,-0.16734237,-0.699269829,0.3645850895,-0.214212429,0.8620166082,phenylacetylserine,Peptide,Acetylated Peptides
S100010922,0.0174,0.1368,-0.57252496,-0.865966928,-0.279082992,0.2118773222,-0.30443006,0.7281847045,1.1316532824,2.1910968913,linoleoyl-arachidonoyl-glycerol (18:2/20:4) [1]*,Lipid,Diacylglycerol
S100010923,0.0064,0.0906,-0.364404954,-0.685578717,-0.043231191,0.637365572,0.0722644526,1.2024666914,1.4452493696,2.7230988796,linoleoyl-arachidonoyl-glycerol (18:2/20:4) [2]*,Lipid,Diacylglycerol
S100010930,0.0843,0.2941,-0.298747466,-0.67168117,0.0741862369,0.4052961717,-0.2508759,1.061468243,1.0157202652,2.0219120802,palmitoleoyl-linoleoyl-glycerol (16:1/18:2) [1]*,Lipid,Diacylglycerol
S100010936,0.0005,0.0185,-0.747334195,-1.087347384,-0.407321005,0.6864243556,0.0881755062,1.284673205,2.0684763503,4.1944345955,oleoyl-arachidonoyl-glycerol (18:1/20:4) [1]*,Lipid,Diacylglycerol
S100010937,0.0001,0.0058,-0.714208673,-0.955840857,-0.472576489,0.5248527676,0.0997040371,0.9500014981,1.7875877959,3.4523716883,oleoyl-arachidonoyl-glycerol (18:1/20:4) [2]*,Lipid,Diacylglycerol
S100010940,0.0675,0.2669,-0.593654916,-1.008564824,-0.178745008,0.2389075007,-0.491121165,0.9689361668,1.2011336697,2.2992027137,"diacylglycerol (16:1/18:2 [2], 16:0/18:3 [1])*",Lipid,Diacylglycerol
S100010941,0.1005,0.3239,-0.236384123,-0.754255178,0.2814869329,0.6912389071,-0.219948578,1.6024263924,1.338277145,2.5284918792,linoleoyl-linoleoyl-glycerol (18:2/18:2) [1]*,Lipid,Diacylglycerol
S100010942,0.0085,0.098,-0.384181499,-0.802247336,0.0338843385,0.8684309323,0.13284945,1.6040124146,1.8071377421,3.4994731578,linoleoyl-linoleoyl-glycerol (18:2/18:2) [2]*,Lipid,Diacylglycerol
S100010951,0.0627,0.2536,0.0520848953,-0.068516347,0.1726861373,-0.19457949,-0.40677583,0.0176168497,-0.355861485,0.7814028998,1-oleoyl-2-arachidonoyl-GPI (18:1/20:4)*,Lipid,Phosphatidylinositol (PI)
S100010955,0.1528,0.4113,0.323298227,-0.24622174,0.8928181942,-0.559022683,-1.561085766,0.4430404009,-1.272920001,0.4138213544,perfluorooctanesulfonate (PFOS),Xenobiotics,Chemical
S100010957,0.0202,0.1411,0.0724200581,-0.025246298,0.1700864137,-0.181738299,-0.353581,-0.009895597,-0.366673001,0.7755689759,5-hydroxymethyl-2'-deoxycytidine,Nucleotide,"Pyrimidine Metabolism, Cytidine containing"
S100010962,0.4046,0.6682,-0.012224432,-0.558092624,0.5336437603,0.4742471083,-0.48620098,1.4346951962,0.7018300782,1.6265668066,1-palmityl-GPE (O-16:0)*,Lipid,Lysoplasmalogen
S100010966,0.9748,0.9866,-0.070530779,-0.260670541,0.1196089838,-0.064156718,-0.398705193,0.270391757,0.0091958255,1.006394418,1-palmityl-2-stearoyl-GPC (O-16:0/18:0)*,Lipid,Plasmalogen
S100015586,0.0061,0.0903,0.0649954343,-0.077711787,0.2077026554,-0.382926609,-0.634018136,-0.131835083,-0.646214911,0.6389544926,1-palmityl-2-palmitoyl-GPC (O-16:0/16:0)*,Lipid,Plasmalogen
S100015624,0.5323,0.7582,-0.823320577,-1.282168541,-0.364472613,-0.517817222,-1.325154335,0.2895198898,0.440748174,1.3573080377,N-behenoyl-sphingadienine (d18:2/22:0)*,Lipid,Ceramides
S100015637,0.0156,0.1277,-0.217813325,-0.455056857,0.0194302078,0.4279497138,0.0105227589,0.8453766686,0.931639133,1.9074419255,2-hydroxybehenate,Lipid,"Fatty Acid, Monohydroxy"
S100015638,0.1246,0.3614,-0.101612821,-0.345677154,0.1424515111,0.3058277943,-0.123600271,0.7352558595,0.5878125558,1.5029661904,2-hydroxynervonate*,Lipid,"Fatty Acid, Monohydroxy"
S100015640,0.9394,0.9748,-0.297081644,-0.556188285,-0.037975003,-0.318005378,-0.773900193,0.1378894367,-0.030186567,0.9792936486,N-palmitoylserine,Lipid,Endocannabinoid
S100015641,0.5989,0.7978,-0.042822777,-0.272287412,0.1866418575,-0.1713668,-0.575106884,0.2323732835,-0.185449825,0.8793748487,N-oleoylserine,Lipid,Endocannabinoid
S100015656,0.8274,0.9241,-0.146660731,-0.481574451,0.1882529895,-0.069054442,-0.65833084,0.5202219564,0.1119622079,1.0806970923,hydroxystearate sulfate,Lipid,"Fatty Acid, Monohydroxy"
S100015666,0.0105,0.1108,-0.13989917,-0.304649384,0.0248510447,0.3380034223,0.0481275314,0.6278793131,0.6894676996,1.6126883871,glycerophosphoserine*,Lipid,Phospholipid Metabolism
S100015723,0.116,0.3476,-0.167284015,-0.33035942,-0.004208611,0.1116578595,-0.175271225,0.398586944,0.4024280594,1.3217305157,hexadecasphingosine (d16:1)*,Lipid,Sphingosines
S100015727,0.6443,0.8289,-0.484753956,-0.906083972,-0.06342394,-0.277721552,-1.019046315,0.4636032115,0.2986846235,1.2300224296,"ceramide (d16:1/24:1, d18:1/22:1)*",Lipid,Ceramides
S100015731,0.715,0.8765,-0.06784156,-0.280732121,0.1450490004,0.0148429721,-0.359735241,0.3894211853,0.1192885649,1.0861990939,N-palmitoyl-heptadecasphingosine (d17:1/16:0)*,Lipid,Ceramides
S100015735,0.7188,0.8781,-0.522356668,-0.749968675,-0.294744661,-0.609523013,-1.010003423,-0.209042604,-0.125754454,0.9165246234,"ceramide (d18:1/14:0, d16:1/16:0)*",Lipid,Ceramides
S100015737,0.3589,0.6241,-0.016293988,-0.261381278,0.2287933027,0.2245119574,-0.206715989,0.655739904,0.3474095429,1.2722741204,"ceramide (d18:1/17:0, d17:1/18:0)*",Lipid,Ceramides
S100015744,0.1695,0.4394,-0.089805224,-0.322579321,0.1429688724,0.2561608475,-0.153402192,0.6657238872,0.4991235359,1.4133546622,"ceramide (d18:2/24:1, d18:1/24:2)*",Lipid,Ceramides
S100015745,0.3939,0.6599,-0.03850808,-0.274310929,0.1972947685,-0.253546237,-0.668438327,0.161345854,-0.310234482,0.8065106662,"glycosyl ceramide (d18:2/24:1, d18:1/24:2)*",Lipid,Hexosylceramides (HCER)
S100015752,0.7632,0.8984,-0.399296495,-0.710581748,-0.088011241,-0.299586872,-0.847289286,0.2481155426,0.143850579,1.1048500487,glycosyl-N-(2-hydroxynervonoyl)-sphingosine (d18:1/24:1(2OH))*,Lipid,Hexosylceramides (HCER)
S100015759,0.5591,0.7708,-0.102915823,-0.79982198,0.5939903335,-0.536728207,-1.762925658,0.6894692443,-0.625858975,0.6480338258,stearoylcholine*,Lipid,Fatty Acid Metabolism (Acyl Choline)
S100015760,0.373,0.6399,-0.065097553,-0.753802334,0.6236072275,-0.721759022,-1.933526257,0.4900082141,-0.947362244,0.5185797427,linoleoylcholine*,Lipid,Fatty Acid Metabolism (Acyl Choline)
S100015762,0.0177,0.137,-0.397939602,-0.704880311,-0.090998894,0.4200509143,-0.120007329,0.9601091573,1.1801108618,2.2659418869,docosatrienoate (22:3n6)*,Lipid,Long Chain Polyunsaturated Fatty Acid (n3 and n6)
S100015772,0.4078,0.6713,-0.189008517,-0.364266843,-0.01375019,-0.344131914,-0.652496693,-0.035767135,-0.223795756,0.8563095047,1-cerotoyl-GPC (26:0)*,Lipid,Lysophospholipid
S100015776,0.1132,0.3459,-3.945334301,-4.602131211,-3.288537391,-2.812667955,-3.968293701,-1.657042209,1.6340921204,3.1039216055,ondansetron,Xenobiotics,Drug - Gastrointestinal
S100015786,0.0447,0.213,-0.024870155,-0.148656311,0.0989160014,0.2498484005,0.0320482446,0.4676485563,0.3963350977,1.3161601967,"sphingomyelin (d18:0/20:0, d16:0/22:0)*",Lipid,Dihydrosphingomyelins
S100015787,0.4444,0.6996,0.1222908215,-0.043170734,0.2877523772,-0.012892307,-0.304019794,0.2782351793,-0.19502803,0.8735559237,"sphingomyelin (d18:1/19:0, d19:1/18:0)*",Lipid,Sphingomyelins
S100015788,0.628,0.8148,0.0891612889,-0.046808367,0.2251309446,0.0190369727,-0.220199894,0.2582738394,-0.101168003,0.9322779155,sphingomyelin (d18:2/18:1)*,Lipid,Sphingomyelins
S100015789,0.002,0.0425,0.0379156839,-0.141471981,0.2173033485,-0.61070654,-0.926336837,-0.295076244,-0.935764066,0.5227655345,sphingomyelin (d18:2/24:2)*,Lipid,Sphingomyelins
S100015790,0.0034,0.0591,0.1453970417,-0.018036395,0.3088304785,-0.409044642,-0.69660368,-0.121485605,-0.799890268,0.5743928644,"sphingomyelin (d18:2/21:0, d16:2/23:0)*",Lipid,Sphingomyelins
S100015791,0.0146,0.1233,0.1889670759,0.0238393414,0.3540948103,-0.265504767,-0.556044899,0.0250353659,-0.655664273,0.634783145,sphingomyelin (d18:2/23:1)*,Lipid,Sphingomyelins
S100015792,0.5172,0.7479,-0.004676928,-0.221893301,0.2125394443,0.1453535725,-0.236835852,0.5275429965,0.2164482597,1.1618696803,"sphingomyelin (d18:1/25:0, d19:0/24:1, d20:1/23:0, d19:1/24:0)*",Lipid,Sphingomyelins
S100015793,0.1196,0.3547,0.1630698531,0.0041134031,0.322026303,-0.106050997,-0.385732833,0.1736308397,-0.388259316,0.7640509146,"sphingomyelin (d17:2/16:0, d18:2/15:0)*",Lipid,Sphingomyelins
S100015797,0.9512,0.979,-0.053847558,-0.588842213,0.4811470969,-0.088628783,-1.029945023,0.8526874557,-0.050178701,0.9658166894,heneicosapentaenoate (21:5n3),Lipid,Long Chain Polyunsaturated Fatty Acid (n3 and n6)
S100015831,0.0213,0.1439,0.2052164816,-0.046010207,0.45644317,-0.442393602,-0.88442374,-0.000363463,-0.934303856,0.5232949147,linolenoylcarnitine (C18:3)*,Lipid,"Fatty Acid Metabolism (Acyl Carnitine, Polyunsaturated)"
S100015832,0.0009,0.0252,-0.236860478,-0.485501948,0.0117809909,0.7469117171,0.3094302387,1.1843931956,1.4192832678,2.6745260724,behenoylcarnitine (C22)*,Lipid,"Fatty Acid Metabolism (Acyl Carnitine, Long Chain Saturated)"
S100015833,0.0054,0.0831,0.0305122303,-0.171521884,0.2325463444,0.6749645269,0.3194880925,1.0304409613,0.9297481323,1.9049433994,arachidoylcarnitine (C20)*,Lipid,"Fatty Acid Metabolism (Acyl Carnitine, Long Chain Saturated)"
S100015834,0.6965,0.8642,-0.00707899,-0.207212888,0.1930549086,0.0759428747,-0.276190154,0.4280759036,0.1197752318,1.0865655652,lignoceroylcarnitine (C24)*,Lipid,"Fatty Acid Metabolism (Acyl Carnitine, Long Chain Saturated)"
S100015835,0.3452,0.6104,0.0105250441,-0.220670638,0.2417207257,-0.223296808,-0.630082647,0.1834890308,-0.337333626,0.791502808,cerotoylcarnitine (C26)*,Lipid,"Fatty Acid Metabolism (Acyl Carnitine, Long Chain Saturated)"
S100015836,0.1996,0.4739,0.1259392021,-0.022407174,0.2742855779,-0.079452215,-0.340465762,0.1815613322,-0.296317179,0.814328512,ximenoylcarnitine (C26:1)*,Lipid,"Fatty Acid Metabolism (Acyl Carnitine, Monounsaturated)"
S100015837,0.6864,0.8568,0.1391526607,-0.130770172,0.4090754932,0.0232162978,-0.451709467,0.4981420623,-0.167260816,0.8905318924,arachidonoylcarnitine (C20:4),Lipid,"Fatty Acid Metabolism (Acyl Carnitine, Polyunsaturated)"
S100015838,0.2601,0.533,-0.054872568,-0.230265272,0.1205201354,0.1575144424,-0.151086772,0.4661156563,0.3064096868,1.2366263798,eicosenoylcarnitine (C20:1)*,Lipid,"Fatty Acid Metabolism (Acyl Carnitine, Monounsaturated)"
S100015839,0.8412,0.932,0.0726350988,-0.134040835,0.2793110327,0.1166421069,-0.24700155,0.4802857639,0.0634886924,1.0449896783,dihomo-linoleoylcarnitine (C20:2)*,Lipid,"Fatty Acid Metabolism (Acyl Carnitine, Polyunsaturated)"
S100015840,0.0003,0.0145,0.1313291473,-0.149862367,0.4125206612,-1.090217616,-1.584970481,-0.595464751,-1.762319457,0.2947738688,dihomo-linolenoylcarnitine (C20:3n3 or 6)*,Lipid,"Fatty Acid Metabolism (Acyl Carnitine, Polyunsaturated)"
S100015841,0.5784,0.7785,-0.144070968,-0.3708886,0.0827466638,-0.009812016,-0.408894733,0.3892707007,0.1936947246,1.1436889421,erucoylcarnitine (C22:1)*,Lipid,"Fatty Acid Metabolism (Acyl Carnitine, Monounsaturated)"
S100015842,0.006,0.0897,0.1488668664,0.0060628468,0.2916708859,-0.300606394,-0.551868236,-0.049344552,-0.648452843,0.6379641042,pentadecanoylcarnitine (C15)*,Lipid,"Fatty Acid Metabolism (Acyl Carnitine, Long Chain Saturated)"
S100015845,0.7167,0.8768,0.0012433843,-0.224085695,0.2265724637,-0.085695048,-0.482158676,0.3107685792,-0.125425646,0.9167335348,docosahexaenoylcarnitine (C22:6)*,Lipid,"Fatty Acid Metabolism (Acyl Carnitine, Polyunsaturated)"
S100015846,0.0572,0.2365,-0.163650936,-0.396841333,0.0695394609,0.3245882704,-0.085707244,0.7348837849,0.7043802816,1.6294445767,nervonoylcarnitine (C24:1)*,Lipid,"Fatty Acid Metabolism (Acyl Carnitine, Monounsaturated)"
S100015850,0.1114,0.3429,-0.402337162,-0.555873055,-0.248801269,-0.136147745,-0.406292181,0.1339966916,0.3840301517,1.304982221,adrenoylcarnitine (C22:4)*,Lipid,"Fatty Acid Metabolism (Acyl Carnitine, Polyunsaturated)"
S100015851,0.7343,0.8835,-0.164993477,-0.397933864,0.0679469104,-0.249052945,-0.658908571,0.1608026806,-0.121272178,0.9193765804,docosapentaenoylcarnitine (C22:5n3)*,Lipid,"Fatty Acid Metabolism (Acyl Carnitine, Polyunsaturated)"
S100015882,0.5036,0.7395,-0.025474022,-0.268062853,0.2171148098,0.1476060521,-0.279225888,0.5744379918,0.2497017639,1.1889613057,"glycosyl ceramide (d18:1/20:0, d16:1/22:0)*",Lipid,Hexosylceramides (HCER)
S100015962,0.0071,0.0942,-0.280599432,-0.559638208,-0.001560655,0.5770546133,0.0860894622,1.0680197645,1.2373332373,2.3576233225,"N,N,N-trimethyl-5-aminovalerate",Amino Acid,Lysine Metabolism
S100015965,0.0262,0.1622,0.0068421739,-0.474076687,0.4877610348,-1.185943184,-2.032113756,-0.339772611,-1.72082552,0.3033750781,ethyl alpha-glucopyranoside,Xenobiotics,Food Component/Plant
S100015966,0.8498,0.9354,-0.220178339,-0.777676781,0.3373201023,-0.332347955,-1.313259318,0.6485634082,-0.161826548,0.8938926264,carotene diol (1),Cofactors and Vitamins,Vitamin A Metabolism
S100015967,0.8794,0.9492,-0.338475132,-0.78465966,0.1077093961,-0.410400987,-1.195456945,0.3746549716,-0.103767074,0.9305998925,carotene diol (2),Cofactors and Vitamins,Vitamin A Metabolism
S100015968,0.4236,0.6823,-0.181890526,-0.641944794,0.2781637425,-0.57532913,-1.384788719,0.2341304594,-0.567611923,0.6747327423,carotene diol (3),Cofactors and Vitamins,Vitamin A Metabolism
S100016019,0.1775,0.4476,0.0362892138,-0.09387562,0.1664540473,-0.153482129,-0.382505485,0.0755412275,-0.273782175,0.8271482458,1-palmitoyl-2-pentadecanoyl-GPC (16:0/15:0)*,Lipid,Phosphatidylcholine (PC)
S100016038,0.3186,0.585,0.0036104969,-0.189389773,0.1966107662,-0.202811279,-0.542392779,0.136770222,-0.297803672,0.8134898939,(N(1) + N(8))-acetylspermidine,Amino Acid,Polyamine Metabolism
S100016069,0.0173,0.1368,0.1726841536,-0.138853108,0.4842214157,-0.66052734,-1.20867316,-0.11238152,-1.20207009,0.4346511629,5-dodecenoylcarnitine (C12:1),Lipid,"Fatty Acid Metabolism (Acyl Carnitine, Monounsaturated)"
S100019761,0.1267,0.3625,-0.164954801,-0.487480355,0.1575707543,0.3703121053,-0.197167475,0.9377916856,0.7722269106,1.707904031,N-palmitoyl-phytosphingosine (t18:0/16:0),Lipid,Dihydroceramides
S100019800,0.3454,0.6104,-0.239024872,-0.475168248,-0.002881495,-0.00033051,-0.415821754,0.4151607338,0.3443631716,1.2695904416,3-hydroxypalmitoylcarnitine,Lipid,"Fatty Acid Metabolism (Acyl Carnitine, Hydroxy)"
S100019801,0.9067,0.9626,0.0636883273,-0.175987187,0.3033638416,0.0338612935,-0.387844702,0.4555672893,-0.043031314,0.9706134024,3-hydroxyoleoylcarnitine,Lipid,"Fatty Acid Metabolism (Acyl Carnitine, Hydroxy)"
S100019816,0.5304,0.7582,-0.101845692,-0.439934361,0.2362429781,-0.327969179,-0.922831861,0.266893502,-0.326227235,0.7976195992,isocaproylglycine,Lipid,Fatty Acid Metabolism (Acyl Glycine)
S100019884,0.0223,0.1467,-0.336459294,-0.568528855,-0.104389732,0.2568869481,-0.151436471,0.6652103677,0.8560176805,1.8100351079,trans-2-hexenoylglycine,Lipid,Fatty Acid Metabolism (Acyl Glycine)
S100019892,0.015,0.1259,-0.157762237,-0.3362377,0.0207132261,0.3310162543,0.0169909647,0.6450415438,0.7051583051,1.6303235483,2-hydroxyarachidate*,Lipid,"Fatty Acid, Monohydroxy"
S100019893,0.1136,0.3459,-0.055688975,-0.314880877,0.2035029269,0.3906813159,-0.065363514,0.8467261459,0.6439762055,1.5626299875,3-hydroxyarachidate*,Lipid,"Fatty Acid, Monohydroxy"
S100019957,0.6717,0.8484,-0.030295751,-0.289643927,0.2290524247,0.0866388269,-0.369680965,0.5429586188,0.1687009361,1.1240458902,N-stearoylserine*,Lipid,Endocannabinoid
S100019958,0.8717,0.9458,-0.098456754,-0.377521229,0.180607722,-0.05057085,-0.541581218,0.4404395189,0.0690847564,1.0490509561,N-linoleoylserine*,Lipid,"Fatty Acid, Amide"
S100019960,0.7285,0.8806,-0.020512451,-0.209096099,0.1680711975,-0.090106998,-0.42191751,0.2417035142,-0.100403708,0.9327719382,2-hydroxyheptanoate*,Lipid,"Fatty Acid, Monohydroxy"
S100019966,0.9441,0.9778,-0.130904401,-0.357550487,0.0957416853,-0.147772548,-0.546553432,0.2510083357,-0.024335593,0.9832733232,3-hydroxyoleate*,Lipid,"Fatty Acid, Monohydroxy"
S100019968,0.9571,0.9796,-0.140239421,-0.583781941,0.3033030986,-0.114904345,-0.895311724,0.6655030342,0.036550789,1.0256587369,lyxonate,Carbohydrate,Pentose Metabolism
S100019969,0.1653,0.4316,0.077592699,-0.087707713,0.2428931107,-0.170649014,-0.46149297,0.120194942,-0.358137088,0.780171343,heptadecanedioate (C17-DC),Lipid,"Fatty Acid, Dicarboxylate"
S100019970,0.7125,0.8755,0.1360381732,-0.043243483,0.3153198289,0.0657697173,-0.249674058,0.3812134928,-0.101375953,0.9321435469,nonadecanedioate (C19-DC),Lipid,"Fatty Acid, Dicarboxylate"
S100019972,0.2347,0.5005,0.0658369556,-0.469178772,0.6008526833,-0.618822504,-1.56017582,0.3225308119,-0.987754807,0.5042619218,dodecenedioate (C12:1-DC)*,Lipid,"Fatty Acid, Dicarboxylate"
S100019975,0.319,0.585,0.0011487435,-0.16659712,0.1688946067,-0.178108339,-0.473255035,0.1170383579,-0.258613303,0.8358909791,hexadecenedioate (C16:1-DC)*,Lipid,"Fatty Acid, Dicarboxylate"
S100019978,0.1379,0.3839,0.0638499604,-0.14054993,0.2682498507,-0.265322493,-0.624961481,0.0943164942,-0.474895466,0.7195189224,octadecenedioate (C18:1-DC),Lipid,"Fatty Acid, Dicarboxylate"
S100019982,0.8196,0.9221,0.0349514851,-0.156852346,0.226755316,0.0814313594,-0.256045023,0.4189077417,0.0670562841,1.0475769956,octadecadienedioate (C18:2-DC)*,Lipid,"Fatty Acid, Dicarboxylate"
S100020005,0.4926,0.7295,0.1150722287,-0.199135949,0.4292804061,-0.11497516,-0.667820421,0.4378701011,-0.331888227,0.7944959514,methylnaphthyl sulfate (1)*,Xenobiotics,Chemical
S100020006,0.1544,0.4135,-1.301455165,-1.936759194,-0.666151137,-0.321177761,-1.438987057,0.7966315356,1.4142413505,2.6651954772,methylnaphthyl sulfate (2)*,Xenobiotics,Chemical
S100020205,0.312,0.5801,0.0829645896,-0.085899204,0.2518283828,-0.100200326,-0.397314006,0.1969133543,-0.264251115,0.8326308308,hydroxyasparagine**,Amino Acid,Alanine and Aspartate Metabolism
S100020207,0.2104,0.4837,-0.241115029,-1.152228282,0.6699982231,0.9898026429,-0.613289448,2.5928947341,1.7758388217,3.4243705452,genistein sulfate*,Xenobiotics,Food Component/Plant
S100020208,0.7588,0.8947,-0.101956397,-0.575011665,0.3710988715,-0.256353896,-1.088688579,0.5759807859,-0.222748507,0.8569313237,perfluorooctanoate (PFOA),Xenobiotics,Chemical
S100020217,0.6063,0.8023,0.0042840927,-0.150733468,0.1593016534,-0.080782704,-0.353534115,0.1919687076,-0.122725445,0.9184509331,"N,N,N-trimethyl-alanylproline betaine (TMAP)",Amino Acid,Urea cycle; Arginine and Proline Metabolism
S100020219,0.4554,0.7069,0.0846201862,-0.076178588,0.2454189598,-0.04354399,-0.326467371,0.239379392,-0.184901821,0.8797089405,3-formylindole,Xenobiotics,Food Component/Plant
S100020227,0.136,0.3815,-0.279608831,-0.495388196,-0.063829467,0.06956442,-0.310096606,0.4492254459,0.5037505182,1.4178948213,pyroglutamylalanine*,Peptide,Modified Peptides
S100020241,0.5007,0.7362,0.0267024381,-0.164616042,0.2180209183,-0.110748745,-0.447371159,0.2258736691,-0.19830014,0.8715768968,gamma-glutamylcitrulline*,Peptide,Gamma-glutamyl Amino Acid
S100020254,0.1509,0.408,-0.212834748,-0.61741851,0.191749015,-0.842747759,-1.554607705,-0.130887814,-0.908772378,0.5326381322,glycine conjugate of C10H14O2 (1)*,Partially Characterized Molecules,Partially Characterized Molecules
S100020272,0.6242,0.8139,-0.388271867,-1.059958731,0.2834149977,-0.738549694,-1.920374124,0.4432747352,-0.505344085,0.7044923351,dihydroferulic acid sulfate,Xenobiotics,Food Component/Plant
S100020276,0.0193,0.1388,0.0155424807,-0.178430994,0.2095159556,-0.493483309,-0.834777152,-0.152189466,-0.734368983,0.6010808727,"sphingomyelin (d17:1/14:0, d16:1/15:0)*",Lipid,Sphingomyelins
S100020343,0.0873,0.2951,0.196821531,-0.062998947,0.4566420088,-0.288843859,-0.745994659,0.1683069421,-0.700667049,0.6152876545,tetradecadienoate (14:2)*,Lipid,Long Chain Polyunsaturated Fatty Acid (n3 and n6)
S100020361,0.0744,0.2803,-0.169903145,-0.5789172,0.2391109089,0.6300101224,-0.089644864,1.349665109,1.1540309046,2.2253479108,3-amino-2-piperidone,Amino Acid,Urea cycle; Arginine and Proline Metabolism
S100020372,0.2911,0.5654,-0.034016232,-0.299413635,0.2313811711,0.2668492163,-0.200114113,0.7338125456,0.4340570901,1.3510275462,3-indoleglyoxylic acid,Xenobiotics,Food Component/Plant
S100020377,0.7975,0.9164,-0.092837597,-0.443158563,0.2574833683,-0.188374957,-0.804760206,0.4280102927,-0.137831274,0.9088844058,ethyl beta-glucopyranoside,Xenobiotics,Food Component/Plant
S100020378,0.4143,0.6757,-0.020374581,-0.370673008,0.3299238449,0.2853163105,-0.331029281,0.9016619022,0.4410187338,1.3575626081,2-hydroxysebacate,Lipid,"Fatty Acid, Dicarboxylate"
S100020409,0.2198,0.4859,0.1068970886,-0.215634983,0.4294291596,-0.319686114,-0.88717716,0.2478049313,-0.615429471,0.6527355539,ascorbic acid 3-sulfate*,Cofactors and Vitamins,Ascorbate and Aldarate Metabolism
S100020414,0.29,0.5654,0.0957566751,-0.07513614,0.2666494905,-0.098413824,-0.399097542,0.2022698949,-0.280128816,0.8235174836,6-bromotryptophan,Amino Acid,Tryptophan Metabolism
S100020417,0.5375,0.7615,0.0273762785,-0.103710104,0.1584626612,0.1135504093,-0.117094401,0.3441952196,0.1243229911,1.0899961136,"N6,N6-dimethyllysine",Amino Acid,Lysine Metabolism
S100020478,0.875,0.9474,-0.016122126,-0.272105311,0.2398610589,-0.058897486,-0.509296619,0.3915016476,-0.061711799,0.9581265997,dodecadienoate (12:2)*,Lipid,"Fatty Acid, Dicarboxylate"
S100020487,0.7057,0.8702,-0.013026956,-0.252922837,0.2268689258,0.0833360009,-0.338757728,0.5054297302,0.1390223599,1.1011586645,N-acetyl-isoputreanine,Amino Acid,Polyamine Metabolism
S100020515,0.0777,0.2885,-0.017342766,-0.513669878,0.4789843445,0.9416195069,0.0683383159,1.8149006978,1.3834901162,2.6089876522,2-naphthol sulfate,Xenobiotics,Chemical
S100020519,0.2823,0.5563,-0.277168686,-0.818657469,0.2643200976,0.3482119409,-0.604530633,1.3009545151,0.9022335284,1.8689571965,"(2,4 or 2,5)-dimethylphenol sulfate",Xenobiotics,Food Component/Plant
S100020536,0.0547,0.2309,0.1099323693,-0.307129339,0.5269940772,-0.772727699,-1.506542429,-0.038912969,-1.273409303,0.4136810272,4-ethylcatechol sulfate,Xenobiotics,Benzoate Metabolism
S100020547,0.2254,0.4897,-0.642955815,-1.26683328,-0.019078351,0.1719124584,-0.925791944,1.2696168609,1.1756064176,2.2588780993,21-hydroxypregnanolone monosulfate (1),Lipid,Pregnenolone Steroids
S100020578,0.0408,0.2053,0.0757256375,-0.304201742,0.4556530171,-0.784749698,-1.453227054,-0.116272343,-1.2414035,0.422960986,4-allylcatechol sulfate,Xenobiotics,Benzoate Metabolism
S100020610,0.3378,0.6077,-0.091836865,-0.938946437,0.7552727073,0.7782841377,-0.712194298,2.2687625729,1.255319255,2.3871996927,triclosan sulfate,Xenobiotics,Drug - Antibiotic
S100020715,0.4112,0.6748,-0.114709461,-0.556592456,0.3271735345,-0.502941539,-1.280429005,0.274545928,-0.560100494,0.6782549168,heptadecatrienoate (17:3)*,Lipid,Long Chain Polyunsaturated Fatty Acid (n3 and n6)
S100020743,0.8133,0.9215,-0.022380491,-0.210836471,0.166075488,-0.069688588,-0.401274469,0.2618972925,-0.068251156,0.9537934918,1-nonadecenoyl-GPC (19:1)*,Lipid,Lysophospholipid
S100020778,0.1253,0.3625,-0.065614639,-0.276272689,0.145043411,-0.416581483,-0.787231622,-0.045931345,-0.506338126,0.704007095,1-tricosanoyl-GPC (23:0)*,Lipid,Lysophospholipid
S100020779,0.0494,0.2223,0.0299243867,-0.165067365,0.2249161384,-0.392851912,-0.735937401,-0.049766424,-0.60993727,0.6552251912,1-heneicosanoyl-GPC (21:0)*,Lipid,Lysophospholipid
S100020822,0.725,0.8801,-0.034542133,-0.867694329,0.7986100626,0.2771036846,-1.188816926,1.7430242955,0.4496098759,1.3656709111,dihydrocaffeate sulfate (2),Xenobiotics,Food Component/Plant
S100020837,0.2031,0.48,-0.14239218,-0.858734481,0.5739501201,-1.126288784,-2.386683881,0.1341063133,-1.41946275,0.3738515059,"2,6-dihydroxybenzoic acid",Xenobiotics,Drug - Topical Agents
S100020842,0.1649,0.4316,0.1747651253,-0.09093349,0.4404637405,-0.224667619,-0.692160927,0.2428256896,-0.576259639,0.6707003969,"N,N-dimethyl-5-aminovalerate",Amino Acid,Lysine Metabolism
S100020845,0.0095,0.1054,-0.396773152,-0.7779336,-0.015612704,0.7267470049,0.0561000817,1.3973939281,1.6208969583,3.0756619816,tauroursodeoxycholic acid sulfate (2),Lipid,Secondary Bile Acid Metabolism
S100020853,0.8436,0.9327,-0.108140115,-0.678470924,0.4621906946,-0.227683894,-1.231173644,0.7758058557,-0.172465218,0.8873251605,4-acetylcatechol sulfate (1),Xenobiotics,Food Component/Plant
S100020866,0.558,0.7708,-0.270990302,-0.940054052,0.3980734478,-0.688710766,-1.865919859,0.4884983275,-0.602643241,0.6585462903,dimethylguanidino valeric acid (DMGV)*,Amino Acid,Urea cycle; Arginine and Proline Metabolism
S100020893,0.2284,0.4929,0.0247431051,-0.175594484,0.2250806943,0.2847105811,-0.06778084,0.6372020019,0.3750537884,1.296887906,"2,3-dihydroxy-5-methylthio-4-pentenoate (DMTPA)*",Amino Acid,"Methionine, Cysteine, SAM and Taurine Metabolism"
S100020973,0.4985,0.735,0.0460596653,-0.645823747,0.7379430777,0.5457194996,-0.671640498,1.7630794967,0.7208567651,1.6481605277,5-hydroxy-2-methylpyridine sulfate,Xenobiotics,Chemical
S100020975,0.0322,0.1782,-0.573840587,-1.206123637,0.0584424631,0.931680864,-0.180813059,2.0441747875,2.1720083315,4.5065029386,3-hydroxy-2-methylpyridine sulfate,Xenobiotics,Chemical
S100020992,0.284,0.5579,-0.181997119,-0.595915836,0.2319215985,0.2943059323,-0.433978746,1.0225906103,0.6871600495,1.6101108876,cyclo(pro-sulfo-tyr)*,Peptide,Dipeptide
S100021000,0.6922,0.8617,0.0077197597,-0.146054637,0.1614941569,0.0724801066,-0.198083975,0.3430441877,0.0934294313,1.066903307,hydroxypalmitoyl sphingomyelin (d18:1/16:0(OH))**,Lipid,Sphingomyelins
S100021014,0.0131,0.1193,0.0721154137,-0.192647229,0.3368780562,-0.669615577,-1.135462053,-0.203769101,-1.070091622,0.4762887502,branched-chain fatty acid 18:0 (1)**,Lipid,"Fatty Acid, Branched"
S100021015,0.263,0.5342,0.2925241902,-0.221873464,0.8069218445,-0.326616189,-1.231692269,0.5784598911,-0.893230755,0.5384070646,branched-chain fatty acid 18:0 (2)**,Lipid,"Fatty Acid, Branched"
S100021092,0.3408,0.6104,-0.20746046,-1.014448525,0.5995276047,0.616263853,-0.803621305,2.0361490108,1.1883829816,2.2789716559,glycitein sulfate (2),Xenobiotics,Food Component/Plant
S100021093,0.0009,0.0252,-1.190510518,-1.767243161,-0.613777875,1.0854845046,0.0707308107,2.1002381985,3.2835667318,9.7376033264,taurochenodeoxycholic acid 3-sulfate,Lipid,Secondary Bile Acid Metabolism
S100021097,0.0795,0.2909,0.127321185,-0.31092379,0.5655661596,-0.714086911,-1.485173327,0.0569995054,-1.213895287,0.4311030614,branched-chain fatty acid 16:0**,Lipid,"Fatty Acid, Branched"
S100021105,0.9735,0.9866,-0.007688259,-0.271339922,0.2559634045,0.0016048171,-0.462286905,0.4654965396,0.0134070744,1.0093363905,eicosenedioate (C20:1-DC)*,Lipid,"Fatty Acid, Dicarboxylate"
S100021107,0.002,0.0425,-1.213369598,-1.574727773,-0.852011422,0.0932815822,-0.542523496,0.7290866603,1.8850991773,3.6937831614,glu-gly-asn-val**,Peptide,Polypeptide
S100021123,0.5542,0.7708,-0.060616456,-0.276925631,0.15569272,0.0757396184,-0.304853604,0.4563328408,0.1967202319,1.1460899139,"hydroxy-N6,N6,N6-trimethyllysine*",Amino Acid,Lysine Metabolism
S100021131,0.4489,0.7004,0.1164862645,-0.134058182,0.3670307105,-0.086157193,-0.526986935,0.354672549,-0.292352711,0.8165693314,undecenoylcarnitine (C11:1),Lipid,"Fatty Acid Metabolism (Acyl Carnitine, Monounsaturated)"
S100021138,0.0737,0.2797,0.0837401022,-0.211931248,0.3794114528,-0.495836973,-1.016066925,0.0243929791,-0.836152972,0.5601352115,4-methylnonanoylcarnitine,Lipid,"Fatty Acid Metabolism (Acyl Carnitine, Medium Chain)"
S100021141,0.2206,0.4859,-0.376913952,-0.571031042,-0.182796863,-0.120631191,-0.462177723,0.22091534,0.3697378684,1.2921180369,3-hydroxydecanoylcarnitine,Lipid,"Fatty Acid Metabolism (Acyl Carnitine, Hydroxy)"
S100021162,0.3672,0.6339,-0.019641283,-0.180743273,0.1414607062,0.135868641,-0.147588245,0.4193255269,0.2243533966,1.1682535301,palmitoyl-sphingosine-phosphoethanolamine (d18:1/16:0),Lipid,Ceramide PEs
S100021198,0.4225,0.6815,0.0506058885,-0.317001644,0.4182134209,0.3657686058,-0.281032136,1.0125693478,0.4546836893,1.370482294,picolinoylglycine,Lipid,Fatty Acid Metabolism (Acyl Glycine)
S100021208,0.5551,0.7708,-0.235798799,-0.835256151,0.3636585541,-0.612823265,-1.667560794,0.4419142644,-0.543931328,0.6858992923,4-vinylcatechol sulfate,Xenobiotics,Benzoate Metabolism
S100021220,0.258,0.5296,0.0895237855,-0.26393873,0.4429863011,0.5195225508,-0.102390215,1.1414353169,0.6203570862,1.5372556254,succinoyltaurine,Amino Acid,"Methionine, Cysteine, SAM and Taurine Metabolism"
S100021223,0.3708,0.6375,0.0804891791,-0.214667926,0.375646284,0.3632359006,-0.156089243,0.8825610439,0.4079172928,1.3267690771,hexanoyltaurine,Lipid,Endocannabinoid
S100021232,0.5137,0.7471,-0.061796328,-0.455337866,0.3317452102,-0.335875687,-1.028306979,0.3565556051,-0.395412933,0.7602717381,isocaproyltaurine,Lipid,Endocannabinoid
S100021233,0.2391,0.5049,0.0101163319,-0.324413763,0.3446464267,0.4341339684,-0.154467446,1.022735383,0.6117281415,1.5280885438,azeloyltaurine,Lipid,Endocannabinoid
S100021261,0.4131,0.6756,-0.480215329,-0.88349868,-0.076931979,-0.127327746,-0.836899633,0.5822441408,0.5091091665,1.4231711463,leucylhydroxyproline*,Peptide,Dipeptide Derivative
S100021262,0.6122,0.8045,-0.26670664,-0.598850968,0.0654376879,-0.445980644,-1.030384332,0.1384230447,-0.258637716,0.8358768348,isoleucylhydroxyproline*,Peptide,Dipeptide Derivative
S100021324,0.9703,0.9863,-0.014610094,-0.30958864,0.2803684527,-0.002936669,-0.521947641,0.5160743024,0.0168411911,1.0117418245,"3,5-dichloro-2,6-dihydroxybenzoic acid",Xenobiotics,Chemical
S100021360,0.0031,0.0569,-0.455403939,-0.892867201,-0.017940677,1.0474788038,0.2777678003,1.8171898073,2.1682014803,4.4946272676,n-propanol glucuronide,Xenobiotics,Chemical
S100021363,0.855,0.9394,-0.254136174,-0.801279467,0.293007119,-0.147930427,-1.110622039,0.8147611848,0.1532225043,1.1120506539,vanillic acid glycine,Xenobiotics,Food Component/Plant
S100021372,0.3043,0.5746,-0.10668379,-0.378213185,0.1648456052,0.1926243736,-0.285128117,0.6703768642,0.431810403,1.3489252488,2-hydroxy-4-(methylthio)butanoic acid,Amino Acid,"Methionine, Cysteine, SAM and Taurine Metabolism"
S100021374,0.0564,0.2352,-0.571124454,-1.036055271,-0.106193638,-1.547801006,-2.36584082,-0.729761193,-1.409046418,0.3765605008,branched chain 14:0 dicarboxylic acid**,Lipid,"Fatty Acid, Dicarboxylate"
S100021467,0.4387,0.6948,-0.194345932,-0.626227955,0.2375360914,0.1629795278,-0.596911357,0.9228704127,0.5155116686,1.4295010391,pentose acid*,Partially Characterized Molecules,Partially Characterized Molecules
S100021478,0.1922,0.4644,0.0670998518,-0.287759522,0.4219592255,0.5668420937,-0.057528427,1.1912126139,0.7209756541,1.6482963541,1-methyl-5-imidazolelactate,Amino Acid,Histidine Metabolism
S100021502,0.4293,0.687,-0.463905733,-0.800963387,-0.126848078,-0.748576309,-1.341624933,-0.155527686,-0.410692829,0.7522620263,(2 or 3)-decenoate (10:1n7 or n8),Lipid,Medium Chain Fatty Acid
S100021503,0.0076,0.0954,-0.440646034,-0.908948683,0.0276566159,0.9863310398,0.1623585295,1.8103035501,2.0586927474,4.1660863649,N-carbamoylputrescine,Amino Acid,Polyamine Metabolism
S100021666,0.0204,0.1411,0.0220769444,-0.438861627,0.4830155158,-1.175267219,-1.986282728,-0.36425171,-1.727402486,0.3019951978,"branched-chain, straight-chain, or cyclopropyl 10:1 fatty acid (1)*",Partially Characterized Molecules,Partially Characterized Molecules
S100021707,0.7793,0.9066,-0.091652303,-0.3608974,0.177592795,-0.011459917,-0.485193216,0.4622733815,0.1156931569,1.0834954965,"3-bromo-5-chloro-2,6-dihydroxybenzoic acid*",Xenobiotics,Chemical
S100021727,0.0945,0.314,-0.32554799,-0.717363267,0.0662672865,-1.040897036,-1.730290994,-0.351503078,-1.032030521,0.4890213913,"cis-3,4-methyleneheptanoate",Lipid,"Fatty Acid, Branched"
S100021728,0.1464,0.3992,0.2082083614,-0.100614592,0.5170313153,-0.278129402,-0.821499431,0.2652406277,-0.701637079,0.6148740905,"cis-3,4-methyleneheptanoylcarnitine",Lipid,"Fatty Acid Metabolism (Acyl Carnitine, Medium Chain)"
S100021784,0.8847,0.951,-0.184551994,-0.424586975,0.0554829873,-0.147578262,-0.569916735,0.2747602106,0.0533418192,1.0376657627,4-chlorobenzoic acid,Xenobiotics,Chemical
S100021839,0.4587,0.707,-0.153737178,-0.660490934,0.3530165778,-0.554673126,-1.446299865,0.336953613,-0.578428304,0.6696929549,2-methoxyhydroquinone sulfate (1),Xenobiotics,Benzoate Metabolism
S100021918,0.742,0.8868,-0.039218742,-0.23791491,0.1594774252,0.0303333753,-0.319269985,0.3799367358,0.1003424954,1.0720279315,"2,4-di-tert-butylphenol",Xenobiotics,Chemical
S100021992,0.0195,0.1388,0.0377130654,-0.385565089,0.4609912194,-1.071077599,-1.815830087,-0.326325112,-1.599646794,0.3299577494,"cis-3,4-methyleneheptanoylglycine",Lipid,Fatty Acid Metabolism (Acyl Glycine)
S100022004,0.8194,0.9221,-0.137666272,-0.321373369,0.0460408263,-0.093097761,-0.416328045,0.2301325232,0.0642987691,1.0455766072,"bilirubin degradation product, C16H18N2O5 (2)**",Partially Characterized Molecules,Partially Characterized Molecules
S100022005,0.2622,0.5342,-0.58727865,-1.074788194,-0.099769107,0.0004103234,-0.857356471,0.8581771174,0.8478559679,1.7998241644,"bilirubin degradation product, C17H18N2O4 (1)**",Partially Characterized Molecules,Partially Characterized Molecules
S100022006,0.265,0.5342,-0.33210735,-0.7453925,0.0811778001,0.1631659795,-0.564003945,0.8903359042,0.7145283762,1.6409466967,"bilirubin degradation product, C17H18N2O4 (2)**",Partially Characterized Molecules,Partially Characterized Molecules
S100022007,0.2116,0.4837,-0.384039291,-0.787424503,0.0193459208,0.1593941676,-0.550356943,0.8691452781,0.7840087559,1.7219088271,"bilirubin degradation product, C17H18N2O4 (3)**",Partially Characterized Molecules,Partially Characterized Molecules
S100022009,0.6015,0.7992,-0.149720077,-0.450785771,0.1513456162,0.0177032661,-0.512017963,0.5474244954,0.2415408273,1.1822546591,"bilirubin degradation product, C17H20N2O5 (2)**",Partially Characterized Molecules,Partially Characterized Molecules
S100022041,0.671,0.8484,0.0243209913,-0.128413246,0.1770552291,0.0933548129,-0.175379121,0.3620887467,0.099594752,1.0714724474,"N,N-dimethyl-pro-pro",Peptide,Modified Peptides
S100022120,0.0129,0.1193,-0.055938251,-0.316002176,0.2041256742,0.6742428053,0.2166636616,1.131821949,1.053428589,2.0754563483,oxindolylalanine,Amino Acid,Tryptophan Metabolism
S100022172,0.4218,0.6815,0.0927721733,-0.385946149,0.5714904953,-0.31827206,-1.160570813,0.524026692,-0.593011478,0.6629576059,perfluorohexanesulfonate (PFHxS),Xenobiotics,Chemical
S1001,0.2576,0.5296,-0.105791044,-0.378072763,0.1664906748,0.2257614094,-0.253314786,0.7048376044,0.4783290806,1.393129219,trans-4-hydroxyproline,Amino Acid,Urea cycle; Arginine and Proline Metabolism
S1002,0.1585,0.4223,-0.020353678,-0.171272428,0.1305650712,0.210123528,-0.055416078,0.4756631335,0.3325083224,1.259200765,allantoin,Nucleotide,"Purine Metabolism, (Hypo)Xanthine/Inosine containing"
S1004,0.2505,0.5185,-0.049242302,-0.344362779,0.2458781745,0.3156121396,-0.203648557,0.8348728358,0.5263736936,1.4403043446,xanthine,Nucleotide,"Purine Metabolism, (Hypo)Xanthine/Inosine containing"
S1021,0.7049,0.8702,0.0132641145,-0.084139539,0.110667768,-0.025965576,-0.197346056,0.145414904,-0.05659648,0.9615298296,5-oxoproline,Amino Acid,Glutathione Metabolism
S1022,0.2971,0.5708,0.0722893118,-0.11705672,0.2616353433,-0.139622939,-0.472774855,0.1935289769,-0.305724753,0.8090356867,picolinate,Amino Acid,Tryptophan Metabolism
S1023,0.2379,0.5041,0.0726888031,-0.147106009,0.2924836148,-0.206647048,-0.593373203,0.1800791061,-0.402996447,0.756285861,sarcosine,Amino Acid,"Glycine, Serine and Threonine Metabolism"
S1024,0.0563,0.2352,-0.153300583,-0.362467712,0.0558665464,0.286233144,-0.081793739,0.6542600275,0.6341131282,1.5519834018,pantothenate,Cofactors and Vitamins,Pantothenate and CoA Metabolism
S1025,0.8288,0.9241,0.0156101427,-0.252858634,0.2840789198,0.0772986499,-0.395068723,0.5496660225,0.0889977035,1.0636309798,pipecolate,Amino Acid,Lysine Metabolism
S1026,0.3794,0.647,-0.09412637,-0.376895772,0.1886430324,0.1718524415,-0.325676698,0.6693815808,0.3837263121,1.3047074134,phosphoethanolamine,Lipid,Phospholipid Metabolism
S1049,0.2643,0.5342,-0.078313324,-0.255184446,0.0985577982,0.1339741197,-0.177228353,0.4451765926,0.3062660424,1.2365032592,5-methylcytosine,Nucleotide,"Pyrimidine Metabolism, Cytidine containing"
S1052,0.0088,0.1002,-0.027199535,-0.127611166,0.0732120949,0.271979684,0.0953067075,0.4486526606,0.4316243761,1.3487513241,glycerate,Carbohydrate,"Glycolysis, Gluconeogenesis, and Pyruvate Metabolism"
S1053,0.2461,0.5122,0.0244633296,-0.063447274,0.1123739331,-0.08527377,-0.23995135,0.0694038107,-0.158317169,0.8960696819,3-ureidopropionate,Nucleotide,"Pyrimidine Metabolism, Uracil containing"
S1082,0.1775,0.4476,-0.021841374,-0.229911097,0.1862283487,0.2815133015,-0.084582709,0.6476093123,0.4376482862,1.3543947501,N-acetylleucine,Amino Acid,"Leucine, Isoleucine and Valine Metabolism"
S1083,0.1128,0.3459,-0.000494613,-0.124215854,0.1232266272,0.2130878252,-0.004598112,0.4307737621,0.3081343247,1.2381055615,N-acetylmethionine,Amino Acid,"Methionine, Cysteine, SAM and Taurine Metabolism"
S1084,0.8815,0.9495,-0.014196459,-0.111123552,0.0827306333,-0.029548929,-0.200090907,0.140993048,-0.022148932,0.9847647784,N-acetylvaline,Amino Acid,"Leucine, Isoleucine and Valine Metabolism"
S1087,0.2437,0.5094,-0.186883087,-0.552660546,0.1788943723,0.2720529251,-0.371527827,0.9156336771,0.6621047089,1.582389446,erucate (22:1n9),Lipid,Long Chain Monounsaturated Fatty Acid
S1090,0.0528,0.2257,0.0882358735,-0.176245816,0.3527175626,-0.476256038,-0.94160818,-0.010903896,-0.814389681,0.5686489974,"bilirubin (Z,Z)",Cofactors and Vitamins,Hemoglobin and Porphyrin Metabolism
S1094,0.0711,0.2747,0.0466174027,-0.150120556,0.2433553615,-0.34283368,-0.688991597,0.0033242374,-0.561859145,0.677428625,thyroxine,Amino Acid,Tyrosine Metabolism
S1099,0.1464,0.3992,-0.09864349,-0.319502383,0.1222154023,0.2491596017,-0.139438789,0.6377579927,0.501773796,1.4159534097,guanosine,Nucleotide,"Purine Metabolism, Guanine containing"
S1102,0.9331,0.9741,0.0143692061,-0.143576945,0.172315357,0.0002896115,-0.277614617,0.2781938397,-0.020312561,0.9860190593,gamma-glutamyltyrosine,Peptide,Gamma-glutamyl Amino Acid
S1104,0.6108,0.8045,-0.228657548,-0.661872171,0.2045570749,-0.463386613,-1.225622189,0.2988489638,-0.338642458,0.790785072,methyl indole-3-acetate,Xenobiotics,Food Component/Plant
S1105,0.8578,0.9398,-0.042494585,-0.165698253,0.0807090841,-0.065943924,-0.2827192,0.1508313521,-0.033830246,0.9768234598,alpha-tocopherol,Cofactors and Vitamins,Tocopherol Metabolism
S111,0.0131,0.1193,-0.02602016,-0.210895491,0.1588551708,0.4919993213,0.1667135458,0.8172850968,0.747344137,1.6786996594,3-hydroxyisobutyrate,Amino Acid,"Leucine, Isoleucine and Valine Metabolism"
S1110,0.6122,0.8045,-0.002621409,-0.089602926,0.0843601078,0.0443209321,-0.108721932,0.197363796,0.0677234826,1.0480615772,N-acetylalanine,Amino Acid,Alanine and Aspartate Metabolism
S1113,0.1866,0.4587,-0.024783607,-0.234827762,0.1852605474,0.2749027917,-0.094667206,0.6444727898,0.4323560815,1.3494355567,4-acetamidobutanoate,Amino Acid,Polyamine Metabolism
S1114,0.0874,0.2951,0.0645557667,-0.442112914,0.5712244474,1.0113450464,0.1198679962,1.9028220966,1.3659281985,2.5774209821,3-aminoisobutyrate,Nucleotide,"Pyrimidine Metabolism, Thymine containing"
S112,0.1082,0.3392,0.0174439321,-0.21405715,0.2489450145,0.4225595176,0.0152363301,0.8298827051,0.5844582461,1.4994758076,3-hydroxy-3-methylglutarate,Lipid,Mevalonate Metabolism
S1123,0.0316,0.1771,-1.109594624,-1.773171783,-0.446017464,0.4759057381,-0.69164977,1.6434612458,2.287393509,4.8817333995,chenodeoxycholate,Lipid,Primary Bile Acid Metabolism
S1124,0.0405,0.2053,0.1325792209,0.0178992044,0.2472592373,-0.127517102,-0.329295121,0.0742609174,-0.375239675,0.7709773197,citrate,Energy,TCA Cycle
S1128,0.217,0.4859,-0.058717256,-0.251802359,0.1343678465,0.1982473222,-0.141483442,0.5379780859,0.370721523,1.2929993259,2-aminobutyrate,Amino Acid,Glutathione Metabolism
S1134,0.1003,0.3239,0.1390572888,-0.036943551,0.3150581286,-0.176457395,-0.486128617,0.133213827,-0.45519147,0.7294133603,urate,Nucleotide,"Purine Metabolism, (Hypo)Xanthine/Inosine containing"
S1135,0.329,0.5981,-0.304184287,-0.674413522,0.0660449485,0.0832237374,-0.568189857,0.7346373324,0.5589116356,1.4731574529,ursodeoxycholate,Lipid,Secondary Bile Acid Metabolism
S1136,0.0002,0.0104,-0.982129602,-1.387331872,-0.576927333,0.8708260029,0.1578778032,1.5837742027,2.6732498628,6.3786444448,valerate (5:0),Lipid,Short Chain Fatty Acid
S1137,0.7586,0.8947,-0.00315322,-0.241904457,0.2355980182,-0.081151975,-0.501231718,0.3389277683,-0.112528417,0.924965578,oleoyl ethanolamide,Lipid,Endocannabinoid
S1140,0.1512,0.408,0.0017877025,-0.110393784,0.1139691893,-0.172718186,-0.370100075,0.0246637022,-0.25175878,0.8398719085,gamma-glutamylglutamine,Peptide,Gamma-glutamyl Amino Acid
S1141,0.328,0.5973,0.0640008061,-0.23916062,0.3671622326,-0.253895573,-0.787304217,0.279513072,-0.458627529,0.7276781875,4-hydroxyphenylpyruvate,Amino Acid,Tyrosine Metabolism
S1143,0.0001,0.003,-0.288894465,-0.499139201,-0.078649728,0.9302165575,0.5602936376,1.3001394774,1.7588054261,3.384177937,butyrate/isobutyrate (4:0),Lipid,Short Chain Fatty Acid
S1162,0.124,0.3614,-0.052315833,-0.308061969,0.2034303026,0.3752990799,-0.074682968,0.825281128,0.6169179144,1.5335953996,N-acetylneuraminate,Carbohydrate,Aminosugar Metabolism
S1206,0.2395,0.5049,-0.005939873,-0.228108601,0.2162288551,-0.287302731,-0.678205761,0.103600299,-0.4059208,0.7547544171,isocitrate,Energy,TCA Cycle
S1215,0.918,0.968,-0.187768822,-0.559301269,0.1837636259,-0.228381586,-0.882088166,0.4253249939,-0.058591834,0.960200882,N-acetylglucosaminylasparagine,Carbohydrate,Aminosugar Metabolism
S1221,0.0023,0.0441,-0.237436065,-0.511999156,0.0371270262,0.7398171682,0.256726928,1.2229074085,1.4098783934,2.6571476443,creatine,Amino Acid,Creatine Metabolism
S1231,0.4365,0.6925,-0.048474428,-0.310409085,0.2134602281,0.1692764594,-0.291594212,0.6301471306,0.3141481261,1.2432773136,dihomo-linoleate (20:2n6),Lipid,Long Chain Polyunsaturated Fatty Acid (n3 and n6)
S1235,0.3449,0.6104,-0.069722875,-0.179685095,0.0402393442,0.0415635254,-0.151913591,0.2350406416,0.1605523387,1.1177149756,gamma-glutamylhistidine,Peptide,Gamma-glutamyl Amino Acid
S1239,0.1853,0.4585,0.0116307143,-0.16561481,0.1888762386,0.2653361198,-0.046525109,0.5771973482,0.3660195304,1.2887920773,2-hydroxystearate,Lipid,"Fatty Acid, Monohydroxy"
S1242,0.5046,0.7399,-0.038646533,-0.141128588,0.0638355219,0.0342987326,-0.146017129,0.2146145947,0.1052377728,1.075671659,N1-methyladenosine,Nucleotide,"Purine Metabolism, Adenine containing"
S1254,0.172,0.4412,0.0808273993,-0.110290528,0.2719453268,-0.201530121,-0.537799665,0.1347394226,-0.407355795,0.7540040643,glycerol,Lipid,Glycerolipid Metabolism
S1256,0.0002,0.0109,-0.149472344,-0.268211643,-0.030733045,0.3865591719,0.1776388969,0.5954794468,0.7733300093,1.7092104104,choline,Lipid,Phospholipid Metabolism
S1258,0.681,0.8532,0.0647488426,-0.164245112,0.2937427973,0.1648812184,-0.23803071,0.5677931468,0.1444604819,1.1053172256,anthranilate,Amino Acid,Tryptophan Metabolism
S1261,0.2238,0.4877,-0.235613286,-0.875732347,0.4045057747,0.6035389883,-0.522742296,1.7298202723,1.210640825,2.3144041655,12-HHTrE,Lipid,Eicosanoid
S1268,0.0031,0.0569,-0.034902772,-0.20673665,0.1369311056,0.5541363085,0.2517968031,0.8564758139,0.8498037604,1.8022557604,gamma-glutamylleucine,Peptide,Gamma-glutamyl Amino Acid
S1308,0.1503,0.4076,-0.30857335,-1.021590331,0.4044436321,0.8032162851,-0.451327956,2.0577605266,1.6039733927,3.03979365,thromboxane B2,Lipid,Eicosanoid
S1312,0.0836,0.2941,-0.199959156,-0.477491053,0.0775727404,0.3253637969,-0.162950018,0.8136776121,0.7578808193,1.6910048754,nicotinamide ribonucleotide (NMN),Cofactors and Vitamins,Nicotinate and Nicotinamide Metabolism
S1342,0.0687,0.2682,0.0302762528,-0.109187201,0.169739707,-0.248369591,-0.493753751,-0.00298543,-0.402000977,0.7568078841,3-methoxytyrosine,Amino Acid,Tyrosine Metabolism
S136,0.0189,0.1388,-0.287917231,-1.090507664,0.5146732006,1.8266368989,0.4144893196,3.2387844782,3.0506567576,8.2858905156,cholate,Lipid,Primary Bile Acid Metabolism
S144,0.2193,0.4859,-0.051918041,-0.345689743,0.241853661,0.3370900522,-0.179797492,0.8539775965,0.5612200466,1.4755164926,4-hydroxyphenylacetate,Amino Acid,Phenylalanine Metabolism
S1442,0.2827,0.5563,0.0287688402,-0.173759899,0.2312975797,0.2624829218,-0.0938638,0.6188296435,0.3371781466,1.2632832447,beta-hydroxyisovalerate,Amino Acid,"Leucine, Isoleucine and Valine Metabolism"
S1489,0.5654,0.7723,-0.068780811,-0.253964595,0.1164029737,0.0446293756,-0.28119912,0.3704578713,0.1636163137,1.1200912851,palmitoyl ethanolamide,Lipid,Endocannabinoid
S1506,0.3881,0.6533,-0.169180403,-0.437245879,0.0988850729,0.0783241262,-0.393333643,0.5499818954,0.3570735567,1.2808251633,N-linoleoylglycine,Lipid,Fatty Acid Metabolism (Acyl Glycine)
S1518,0.0394,0.203,-0.042592665,-0.232930843,0.1477455119,0.3918221071,0.0569245237,0.7267196905,0.6267280379,1.5440591685,N-palmitoyl-sphingosine (d18:1/16:0),Lipid,Ceramides
S1526,0.1029,0.3296,-0.201865894,-0.583646456,0.1799146668,0.4769231575,-0.194814847,1.1486611621,0.9792855991,1.9714889155,1-palmitoyl-2-oleoyl-GPE (16:0/18:1),Lipid,Phosphatidylethanolamine (PE)
S1528,0.0485,0.2223,0.0943344399,-0.047603298,0.2362721776,-0.214751185,-0.464488815,0.0349864457,-0.445916298,0.7341179088,1-palmitoyl-2-linoleoyl-GPI (16:0/18:2),Lipid,Phosphatidylinositol (PI)
S1537,0.1415,0.392,-0.033143507,-0.117565155,0.0512781407,0.1015022597,-0.047036547,0.2500410669,0.1942527799,1.1441314231,1-palmitoyl-2-linoleoyl-GPC (16:0/18:2),Lipid,Phosphatidylcholine (PC)
S1538,0.6813,0.8532,0.009050492,-0.134381475,0.1524824595,0.071726074,-0.180640635,0.3240927825,0.0904217512,1.0646813813,stearoyl sphingomyelin (d18:1/18:0),Lipid,Sphingomyelins
S1539,0.0111,0.1108,-0.033317905,-0.112923236,0.0462874257,0.1955574481,0.0554928883,0.335622008,0.3301973375,1.2571853255,1-palmitoyl-2-oleoyl-GPC (16:0/18:1),Lipid,Phosphatidylcholine (PC)
S1547,0.0281,0.1672,-0.132861736,-0.341959297,0.076235826,0.3787227627,0.0108182828,0.7466272425,0.7380604187,1.6679319376,N-stearoyl-sphingosine (d18:1/18:0)*,Lipid,Ceramides
S158,0.8859,0.9513,0.0018024368,-0.136456336,0.1400612097,0.0228824863,-0.220382053,0.2661470253,0.0304120828,1.0213038032,"5,6-dihydrothymine",Nucleotide,"Pyrimidine Metabolism, Thymine containing"
S1628,0.0109,0.1108,-1.378303817,-1.886120687,-0.870486948,0.0869426059,-0.806554668,0.9804398796,2.1139037485,4.328609779,glycochenodeoxycholate,Lipid,Primary Bile Acid Metabolism
S1629,0.0015,0.0363,-1.33408226,-2.082227285,-0.585937236,1.4657516269,0.1494000453,2.7821032086,4.0393064647,16.441915335,taurochenodeoxycholate,Lipid,Primary Bile Acid Metabolism
S1648,0.0017,0.0379,-1.447672532,-2.154149716,-0.741195348,1.1588997655,-0.084137785,2.4019373161,3.7604889276,13.552517151,taurocholate,Lipid,Primary Bile Acid Metabolism
S1668,0.0063,0.0903,-1.78688553,-2.557016107,-1.016754952,0.6210202487,-0.734014632,1.9760551295,3.4738737255,11.110668562,taurodeoxycholate,Lipid,Secondary Bile Acid Metabolism
S171,0.1087,0.3396,-0.041258738,-0.299564212,0.2170467355,0.4100574942,-0.044427677,0.8645426652,0.6511116908,1.5703778084,hypoxanthine,Nucleotide,"Purine Metabolism, (Hypo)Xanthine/Inosine containing"
S172,0.023,0.1496,-0.284825612,-0.579102561,0.0094513378,0.4631540291,-0.054622492,0.98093055,1.0791065182,2.1127272335,guanine,Nucleotide,"Purine Metabolism, Guanine containing"
S179,0.8987,0.9582,-0.04136245,-0.412732475,0.3300075749,-0.091575811,-0.74499661,0.5618449881,-0.072442567,0.9510264907,"9,10-DiHOME",Lipid,"Fatty Acid, Dihydroxy"
S180,0.6983,0.8642,-0.034695975,-0.283386695,0.2139947461,0.0678355074,-0.369732628,0.5054036432,0.1479216606,1.1079721825,linoleate (18:2n6),Lipid,Long Chain Polyunsaturated Fatty Acid (n3 and n6)
S181,0.6132,0.8045,0.1196504285,-0.106420098,0.3457209555,0.2413332765,-0.156434918,0.6391014714,0.1755512413,1.1293958548,laurate (12:0),Lipid,Medium Chain Fatty Acid
S182,0.0251,0.1595,-0.221137183,-0.417652625,-0.02462174,0.2703881729,-0.075378229,0.6161545749,0.7091211927,1.6348079823,quinolinate,Cofactors and Vitamins,Nicotinate and Nicotinamide Metabolism
S1869,0.9689,0.9859,-0.0864804,-0.393946462,0.2209856617,-0.099211079,-0.640193674,0.4417715159,-0.018366488,0.9873500131,2-hydroxyhippurate (salicylurate),Xenobiotics,Benzoate Metabolism
S189,0.3142,0.5822,-0.039526534,-0.176767577,0.0977145088,0.1086434542,-0.132830402,0.3501173099,0.213764107,1.1597100165,"N6,N6,N6-trimethyllysine",Amino Acid,Lysine Metabolism
S192,0.323,0.5911,0.1125591322,-0.081446729,0.3065649934,-0.093057158,-0.434407985,0.2482936679,-0.296641603,0.8141454116,N-acetylputrescine,Amino Acid,Polyamine Metabolism
S194,0.4738,0.7149,-0.005817857,-0.092840142,0.0812044276,-0.072348566,-0.225463161,0.0807660284,-0.095983524,0.9356341828,N-formylmethionine,Amino Acid,"Methionine, Cysteine, SAM and Taurine Metabolism"
S197,0.2478,0.5147,0.0667876811,-0.21930423,0.3528795921,0.4226074827,-0.080767568,0.9259825337,0.5133394633,1.4273503189,S-adenosylhomocysteine (SAH),Amino Acid,"Methionine, Cysteine, SAM and Taurine Metabolism"
S2029,0.7957,0.9164,-0.147680384,-0.444685413,0.1493246442,-0.065947184,-0.588523725,0.4566293576,0.1179160833,1.0851662496,azelate (C9-DC),Lipid,"Fatty Acid, Dicarboxylate"
S2050,0.7359,0.8835,0.1433475619,-0.388884316,0.6755794396,0.334247204,-0.602207964,1.2707023719,0.275409967,1.2103379791,eicosapentaenoate (EPA; 20:5n3),Lipid,Long Chain Polyunsaturated Fatty Acid (n3 and n6)
S2051,0.2161,0.4859,-0.000563306,-0.127348803,0.1262221906,0.168518058,-0.054559399,0.3915955147,0.2439328455,1.1842164877,methylsuccinate,Amino Acid,"Leucine, Isoleucine and Valine Metabolism"
S2054,0.0076,0.0954,0.1812925673,0.0219058322,0.3406793024,-0.304144727,-0.584583645,-0.023705809,-0.700337978,0.6154280146,ethylmalonate,Amino Acid,"Leucine, Isoleucine and Valine Metabolism"
S209,0.6414,0.8272,-0.897959794,-2.034146154,0.2382265654,-1.461183475,-3.460288814,0.5379218637,-0.812560011,0.5693706331,adenosine 5'-monophosphate (AMP),Nucleotide,"Purine Metabolism, Adenine containing"
S212,0.2288,0.4929,0.042733617,-0.103732778,0.1892000124,-0.147157937,-0.404863683,0.1105478083,-0.273955604,0.8270488191,5-methylthioadenosine (MTA),Amino Acid,Polyamine Metabolism
S213,0.2205,0.4859,-0.176263555,-0.381384544,0.028857434,0.0945901317,-0.266317619,0.4554978828,0.3907592705,1.3110832274,N6-methyladenosine,Nucleotide,"Purine Metabolism, Adenine containing"
S218,0.1363,0.3815,-0.098281735,-0.369593342,0.1730298718,0.3404973492,-0.136871946,0.8178666445,0.633024409,1.5508126507,allantoic acid,Nucleotide,"Purine Metabolism, (Hypo)Xanthine/Inosine containing"
S229,0.0081,0.098,-0.208275626,-0.462486567,0.0459353156,0.5578072765,0.1105263829,1.0050881701,1.1052240042,2.1513227863,arachidonate (20:4n6),Lipid,Long Chain Polyunsaturated Fatty Acid (n3 and n6)
S231,0.0073,0.0954,-0.018476659,-0.105146951,0.0681936332,0.2469098673,0.0944145988,0.3994051358,0.3828718255,1.3039348836,arginine,Amino Acid,Urea cycle; Arginine and Proline Metabolism
S232,0.9131,0.9648,0.004481157,-0.274424764,0.2833870782,0.0368072388,-0.453924155,0.5275386326,0.0466366778,1.0328542453,argininosuccinate,Amino Acid,Urea cycle; Arginine and Proline Metabolism
S234,0.0118,0.1157,-0.143836846,-0.305046322,0.017372629,0.3153007673,0.0316547614,0.5989467733,0.6623955584,1.5827084902,aspartate,Amino Acid,Alanine and Aspartate Metabolism
S235,0.0431,0.209,-0.106757553,-0.247142112,0.0336270047,0.2072645415,-0.039740289,0.4542693723,0.4530381191,1.3689199824,2-hydroxyphenylacetate,Amino Acid,Phenylalanine Metabolism
S240,0.1627,0.4291,0.1383073365,-0.042516129,0.3191308024,-0.134992995,-0.453149565,0.1831635761,-0.394289033,0.760864242,3-(4-hydroxyphenyl)lactate,Amino Acid,Tyrosine Metabolism
S241,0.8284,0.9241,-0.097061125,-0.419904118,0.2257818681,-0.171424624,-0.739462733,0.3966134842,-0.107283852,0.9283341835,phenylpyruvate,Amino Acid,Phenylalanine Metabolism
S244,0.0536,0.2281,-0.070615728,-0.343712914,0.2024814583,0.5102331812,0.0297221819,0.9907441805,0.8379878408,1.787555259,beta-alanine,Nucleotide,"Pyrimidine Metabolism, Uracil containing"
S249,0.6046,0.8023,-0.069719328,-0.2522732,0.1128345442,0.0309389885,-0.29026221,0.352140187,0.145219254,1.1058987099,carnosine,Amino Acid,Histidine Metabolism
S250,0.6779,0.8532,0.0448002837,-0.274151028,0.3637515952,-0.096136381,-0.657327126,0.4650543634,-0.203328628,0.8685443191,biliverdin,Cofactors and Vitamins,Hemoglobin and Porphyrin Metabolism
S252,0.3009,0.5722,0.0273491008,-0.072880948,0.1275791491,-0.083937985,-0.26029147,0.0924155005,-0.160553327,0.8946818617,succinate,Energy,TCA Cycle
S254,0.0112,0.1108,-0.076147597,-0.501345025,0.3490498301,1.1454579587,0.397328534,1.8935873833,1.7624042778,3.3926304219,3-hydroxybutyrate (BHBA),Lipid,Ketone Bodies
S266,0.272,0.5435,-0.043040264,-0.194289478,0.1082089498,0.1355102568,-0.130610797,0.4016313103,0.257593951,1.1954832786,cholesterol,Lipid,Sterol
S267,0.7279,0.8806,0.0078180285,-0.173279959,0.1889160158,0.0748123571,-0.243827231,0.3934519449,0.0966523857,1.0692894138,choline phosphate,Lipid,Phospholipid Metabolism
S273,0.033,0.1808,0.1269706377,-0.037015446,0.2909567213,-0.26150207,-0.550033483,0.027029342,-0.560447649,0.6780917281,cortisone,Lipid,Corticosteroids
S275,0.9324,0.9741,-0.004732219,-0.123220185,0.1137557476,-0.015405593,-0.223883651,0.1930724653,-0.015398424,0.9893833841,creatinine,Amino Acid,Creatine Metabolism
S279,0.2268,0.4906,0.043849898,-0.155469725,0.2431695211,-0.215707244,-0.566407566,0.1349930787,-0.374461801,0.7713931279,cystine,Amino Acid,"Methionine, Cysteine, SAM and Taurine Metabolism"
S282,0.3319,0.6012,-0.580369908,-0.933667188,-0.227072629,-0.212931729,-0.834553765,0.4086903062,0.5301012391,1.4440305248,cytidine 5'-monophosphate (5'-CMP),Nucleotide,"Pyrimidine Metabolism, Cytidine containing"
S297,0.0002,0.0101,-0.108462499,-0.254860241,0.0379352426,0.5689306595,0.3113457094,0.8265156096,0.9772717504,1.9687388468,sphingosine,Lipid,Sphingosines
S30,0.2116,0.4837,-0.146372502,-0.559628549,0.2668835454,0.4103729161,-0.316745803,1.137491635,0.8032138536,1.7449840548,mevalonate,Lipid,Mevalonate Metabolism
S302,0.2169,0.4859,-0.635906376,-1.223117797,-0.048694955,0.1458462779,-0.887344692,1.1790372473,1.127830677,2.1852989839,deoxycholate,Lipid,Secondary Bile Acid Metabolism
S306,0.7767,0.9056,-0.570988124,-0.95844488,-0.183531368,-0.454187829,-1.135913026,0.2275373672,0.1685072064,1.1238949598,desmosterol,Lipid,Sterol
S310,0.0838,0.2941,0.0944660937,-0.114954466,0.3038866534,-0.301595964,-0.670068755,0.0668768272,-0.571396766,0.6729649321,cystathionine,Amino Acid,"Methionine, Cysteine, SAM and Taurine Metabolism"
S313,0.0001,0.0044,-0.044685126,-0.167237921,0.0778676691,0.6198871883,0.4042571161,0.8355172605,0.9587751821,1.9436590683,sphinganine,Lipid,Sphingolipid Synthesis
S330,0.2109,0.4837,0.0486861075,-0.155853817,0.2532260322,-0.227306592,-0.587191968,0.1325787845,-0.398173298,0.7588184708,fumarate,Energy,TCA Cycle
S331,0.0466,0.216,-0.079125017,-0.26767317,0.1094231357,0.335233074,0.0034850156,0.6669811324,0.5977923632,1.5133989646,gamma-glutamylglutamate,Peptide,Gamma-glutamyl Amino Acid
S338,0.0032,0.0569,-0.044352592,-0.610074016,0.5213688314,1.8880302286,0.8926506339,2.8834098232,2.7878391127,6.9059462845,gluconate,Xenobiotics,Food Component/Plant
S339,0.7253,0.8801,-0.00898439,-0.262043853,0.2440750733,0.0855670003,-0.359687882,0.5308218824,0.1364088215,1.0991656478,glutarate (C5-DC),Lipid,"Fatty Acid, Dicarboxylate"
S340,0.5166,0.7479,-0.015413731,-0.182150292,0.1513228305,0.0999291569,-0.193441686,0.3932999998,0.1664046123,1.1222581803,glycine,Amino Acid,"Glycine, Serine and Threonine Metabolism"
S344,0.1257,0.3625,-0.301459142,-0.625842241,0.022923957,0.2384037573,-0.332344148,0.8091516626,0.7788575276,1.7157716126,guanidinoacetate,Amino Acid,Creatine Metabolism
S347,0.8729,0.946,-0.80234806,-1.260478637,-0.344217483,-0.880231546,-1.686306425,-0.074156666,-0.112362118,0.9250722047,guanosine 5'-monophosphate (5'-GMP),Nucleotide,"Purine Metabolism, Guanine containing"
S348,0.0581,0.2397,-0.670540648,-0.970208209,-0.370873087,-0.045783286,-0.573044519,0.4814779469,0.9013343476,1.8677927045,2'-deoxyguanosine,Nucleotide,"Purine Metabolism, Guanine containing"
S35,0.1165,0.3476,-0.045201582,-0.217184683,0.1267815184,0.2485090106,-0.054093051,0.5511110719,0.4237348157,1.3413956379,S-1-pyrroline-5-carboxylate,Amino Acid,Glutamate Metabolism
S355,0.6672,0.8484,-0.03170841,-0.113241586,0.0498247661,0.0055928019,-0.137863776,0.1490493799,0.0538142731,1.0380056332,histidine,Amino Acid,Histidine Metabolism
S356,0.3182,0.585,-0.04919247,-0.367174278,0.2687893377,-0.38961903,-0.949103945,0.1698658857,-0.49113171,0.7114667749,cortisol,Lipid,Corticosteroids
S358,0.2921,0.5664,0.0932026395,-0.157805168,0.3442104474,-0.190703619,-0.63234864,0.2509414017,-0.409590152,0.7528372132,hypotaurine,Amino Acid,"Methionine, Cysteine, SAM and Taurine Metabolism"
S361,0.3384,0.6077,-0.08894191,-0.286248491,0.1083646714,0.1134925464,-0.233665854,0.460650947,0.2920511858,1.2243798318,inosine,Nucleotide,"Purine Metabolism, (Hypo)Xanthine/Inosine containing"
S363,0.1162,0.3476,-0.062894065,-0.278829849,0.1530417191,0.3062357481,-0.073700497,0.6861719928,0.5325417508,1.4464753629,myo-inositol,Lipid,Inositol Metabolism
S376,0.0672,0.2664,-0.046871665,-0.197073399,0.1033300688,0.2549617786,-0.009316247,0.5192398041,0.4354536121,1.3523359676,isoleucine,Amino Acid,"Leucine, Isoleucine and Valine Metabolism"
S381,0.0274,0.1658,-0.115921364,-0.337018212,0.1051754846,0.4276568352,0.0386397639,0.8166739064,0.784217572,1.7221580748,2-aminoadipate,Amino Acid,Lysine Metabolism
S391,0.338,0.6077,0.029585045,-0.111409262,0.1705793522,-0.115181614,-0.36325929,0.1328960629,-0.208854141,0.865224162,citrulline,Amino Acid,Urea cycle; Arginine and Proline Metabolism
S397,0.0299,0.1721,0.0111883811,-0.142338514,0.1647152761,0.3821718554,0.1120432513,0.6523004595,0.5352160186,1.4491591248,leucine,Amino Acid,"Leucine, Isoleucine and Valine Metabolism"
S407,0.0209,0.1421,-0.108363078,-0.243254178,0.0265280223,0.2405758916,0.0032367298,0.4779150533,0.5034125207,1.4175626729,lysine,Amino Acid,Lysine Metabolism
S409,0.28,0.5542,-0.059991308,-0.269001949,0.1490193333,-0.302551072,-0.670302617,0.0652004719,-0.34993977,0.7846168539,malate,Energy,TCA Cycle
S415,0.5709,0.7757,0.0206469137,-0.142811398,0.1841052252,0.1193535306,-0.168249274,0.4069563348,0.1424035468,1.1037424327,methionine,Amino Acid,"Methionine, Cysteine, SAM and Taurine Metabolism"
S418,0.4724,0.7137,-0.006679609,-0.192476274,0.1791170558,0.1358335671,-0.191073283,0.4627404175,0.2056030523,1.153168275,methylmalonate (MMA),Lipid,Fatty Acid Metabolism (also BCAA Metabolism)
S424,0.6262,0.8144,-0.031553746,-0.274496799,0.2113893072,0.0944186717,-0.333036517,0.5218738602,0.1817397823,1.1342508826,palmitate (16:0),Lipid,Long Chain Saturated Fatty Acid
S432,0.0009,0.0252,-0.291618729,-0.603458732,0.0202212739,0.9390119304,0.3903334419,1.4876904188,1.7754247493,3.423387847,nicotinamide,Cofactors and Vitamins,Nicotinate and Nicotinamide Metabolism
S437,0.0412,0.2053,0.0234406334,-0.124044141,0.1709254082,-0.309825284,-0.569322855,-0.050327713,-0.480801087,0.7165796177,pelargonate (9:0),Lipid,Medium Chain Fatty Acid
S439,0.2106,0.4837,-0.092498479,-0.31697465,0.1319776922,0.2105780039,-0.184384942,0.6055409497,0.4372469384,1.3540180193,stearate (18:0),Lipid,Long Chain Saturated Fatty Acid
S444,0.0007,0.023,-0.207668498,-0.368597231,-0.046739764,0.442982873,0.1598308289,0.7261349171,0.938691506,1.9167889629,ornithine,Amino Acid,Urea cycle; Arginine and Proline Metabolism
S445,0.071,0.2747,-0.017008326,-0.218160618,0.1841439662,0.3813911897,0.02746631,0.7353160694,0.5747690052,1.489438965,orotate,Nucleotide,"Pyrimidine Metabolism, Orotate containing"
S448,0.0258,0.1622,-0.085503221,-0.300490221,0.1294837795,0.4492719561,0.0710050843,0.8275388279,0.7715174958,1.7070644117,"glutathione, oxidized (GSSG)",Amino Acid,Glutathione Metabolism
S452,0.6195,0.8098,-0.091317124,-0.480418935,0.2977846879,-0.297000494,-0.981620145,0.3876191568,-0.296738378,0.8140908008,palmitoleate (16:1n7),Lipid,Long Chain Monounsaturated Fatty Acid
S460,0.3099,0.5773,0.0023172404,-0.057879592,0.0625140724,-0.063263745,-0.1691793,0.0426518092,-0.094613363,0.9365231988,phenylalanine,Amino Acid,Phenylalanine Metabolism
S461,0.0485,0.2223,-0.056532897,-0.281451134,0.1683853392,0.4331790829,0.0374383285,0.8289198373,0.7065050452,1.6318461482,phosphate,Energy,Oxidative Phosphorylation
S480,0.4203,0.6815,0.0275575847,-0.107561669,0.1626768385,0.1439573928,-0.093783203,0.3816979882,0.1679294259,1.1234449448,proline,Amino Acid,Urea cycle; Arginine and Proline Metabolism
S482,0.4216,0.6815,-0.01324673,-0.194766454,0.1682729938,-0.169164673,-0.488546301,0.1502169552,-0.224942043,0.8556293982,lactate,Carbohydrate,"Glycolysis, Gluconeogenesis, and Pyruvate Metabolism"
S49,0.6688,0.8484,-0.075435918,-0.2392092,0.0883373633,-0.149990388,-0.438147378,0.1381666017,-0.107559364,0.928156916,putrescine,Amino Acid,Polyamine Metabolism
S491,0.0861,0.2951,-0.025019938,-0.168989035,0.1189491581,0.2451761795,-0.008135601,0.4984879597,0.3898105993,1.3102213834,pyridoxal,Cofactors and Vitamins,Vitamin B6 Metabolism
S498,0.0236,0.1525,-0.041913295,-0.283686941,0.1998603512,0.5696792271,0.144281595,0.9950768593,0.882341499,1.8433646618,retinol (vitamin A),Cofactors and Vitamins,Vitamin A Metabolism
S50,0.4465,0.6998,0.1773588407,-0.077253609,0.4319712901,-0.029678388,-0.477665729,0.4183089537,-0.298691583,0.812989383,spermidine,Amino Acid,Polyamine Metabolism
S501,0.2953,0.5695,-0.059693101,-0.436677063,0.317290861,0.3638228736,-0.299475576,1.0271213231,0.611004396,1.5273221518,salicylate,Xenobiotics,Drug - Topical Agents
S503,0.3496,0.615,-0.0994381,-0.254062384,0.0551861839,0.0554975656,-0.216561881,0.3275570117,0.2235249167,1.1675828432,serine,Amino Acid,"Glycine, Serine and Threonine Metabolism"
S504,0.1624,0.4291,0.021313067,-0.220468591,0.2630947254,-0.344427267,-0.769838996,0.0809844624,-0.527651766,0.6936829037,serotonin,Amino Acid,Tryptophan Metabolism
S512,0.0872,0.2951,-0.096375288,-0.223419495,0.0306689186,0.1411852212,-0.082347432,0.3647178744,0.3427273685,1.2681517293,taurine,Amino Acid,"Methionine, Cysteine, SAM and Taurine Metabolism"
S519,0.9629,0.9816,0.0977497006,-0.250645942,0.4461453435,0.0805237911,-0.532473877,0.6935214596,-0.024851734,0.9829216082,myristate (14:0),Lipid,Long Chain Saturated Fatty Acid
S533,0.8421,0.932,0.0963496747,-0.108659408,0.3013587573,0.1397381812,-0.220972672,0.5004490346,0.0625963831,1.0443435503,urea,Amino Acid,Urea cycle; Arginine and Proline Metabolism
S535,0.0194,0.1388,-0.099896315,-0.31564086,0.1158482302,0.4656851808,0.0860854191,0.8452849426,0.8159616188,1.7604711912,uridine,Nucleotide,"Pyrimidine Metabolism, Uracil containing"
S536,0.7442,0.8885,-0.109489254,-0.345772593,0.1267940843,-0.191442895,-0.607180401,0.2242946112,-0.118234111,0.9213146694,2'-deoxyuridine,Nucleotide,"Pyrimidine Metabolism, Uracil containing"
S537,0.7301,0.8806,-0.058725259,-0.294171103,0.1767205854,0.027658446,-0.3866055,0.4419223917,0.1246253427,1.0902245726,trans-urocanate,Amino Acid,Histidine Metabolism
S55,0.7913,0.9154,-0.020698914,-0.252111583,0.2107137546,0.0443918813,-0.362775743,0.4515595059,0.0939061675,1.0672559218,1-methylnicotinamide,Cofactors and Vitamins,Nicotinate and Nicotinamide Metabolism
S561,0.0344,0.1835,-0.060621742,-0.184661861,0.0634183769,0.2307604684,0.0125134686,0.4490074682,0.4203756702,1.3382759894,glutamate,Amino Acid,Glutamate Metabolism
S563,0.0729,0.2795,0.0125679394,-0.068757545,0.0938934234,-0.147346783,-0.29043793,-0.004255636,-0.230708177,0.8522164607,glutamine,Amino Acid,Glutamate Metabolism
S564,0.2057,0.4837,-0.055431905,-0.208144226,0.0972804158,0.1530624059,-0.115632965,0.421757777,0.3007937082,1.2318219219,threonine,Amino Acid,"Glycine, Serine and Threonine Metabolism"
S565,0.3664,0.6339,0.006090033,-0.087761721,0.0999417871,-0.084673194,-0.249804152,0.0804577645,-0.130943657,0.9132339145,tryptophan,Amino Acid,Tryptophan Metabolism
S566,0.0311,0.1748,-0.013290003,-0.199551054,0.1729710491,0.4334275398,0.1057036063,0.7611514733,0.6444771832,1.563172707,valine,Amino Acid,"Leucine, Isoleucine and Valine Metabolism"
S568,0.0797,0.2909,-0.179787849,-0.581254812,0.2216791148,0.5903199153,-0.116056062,1.2966958922,1.111030652,2.1599990113,pyridoxamine,Cofactors and Vitamins,Vitamin B6 Metabolism
S572,0.0084,0.098,-0.034833002,-0.213720561,0.1440545563,0.5017155788,0.186965212,0.8164659456,0.7740759773,1.7100944129,glucose,Carbohydrate,"Glycolysis, Gluconeogenesis, and Pyruvate Metabolism"
S62,0.4322,0.6888,0.1009180761,-0.326452697,0.5282888489,-0.257715627,-1.009669025,0.4942377703,-0.517399065,0.6986302104,"12,13-DiHOME",Lipid,"Fatty Acid, Dihydroxy"
S796,0.9727,0.9866,-0.043595081,-0.315690384,0.2285002217,-0.033688037,-0.512436235,0.4450601613,0.0142928438,1.0099562816,alpha-ketobutyrate,Amino Acid,"Methionine, Cysteine, SAM and Taurine Metabolism"
S798,0.6836,0.8551,0.8545999553,0.0867732402,1.6224266704,0.5216884344,-0.82929283,1.8726696992,-0.4802898,0.7168336161,adenosine,Nucleotide,"Purine Metabolism, Adenine containing"
S799,0.6972,0.8642,-0.001468225,-0.184548575,0.1816121258,-0.077229394,-0.399356924,0.2448981359,-0.109300264,0.9270375848,betaine,Amino Acid,"Glycine, Serine and Threonine Metabolism"
S800,0.2675,0.5366,0.0077422835,-0.182421192,0.1979057587,-0.218914371,-0.553504568,0.1156758263,-0.326996432,0.7971944484,cysteine,Amino Acid,"Methionine, Cysteine, SAM and Taurine Metabolism"
S803,0.0013,0.0339,0.0129014974,-0.198997115,0.22480011,0.8166954693,0.4438625762,1.1895283624,1.1596295771,2.234000606,mannose,Carbohydrate,"Fructose, Mannose and Galactose Metabolism"
S806,0.8381,0.9295,0.0462074884,-0.112844672,0.205259649,0.0807433795,-0.199106859,0.3605936176,0.0498247588,1.03513918,dimethylglycine,Amino Acid,"Glycine, Serine and Threonine Metabolism"
S811,0.0524,0.225,0.0622198152,-0.044524236,0.1689638662,-0.165995047,-0.353809837,0.0218197427,-0.32924445,0.7959532212,alanine,Amino Acid,Alanine and Aspartate Metabolism
S815,0.0867,0.2951,0.099187261,-0.010210573,0.2085850951,-0.105706451,-0.298190538,0.0867776361,-0.295599142,0.8147339083,tyrosine,Amino Acid,Tyrosine Metabolism
S818,0.397,0.6609,0.1736103821,-0.154720168,0.5019409324,0.4710201597,-0.106673236,1.0487135551,0.4290716112,1.3463668974,malonate,Lipid,Fatty Acid Synthesis
S821,0.4828,0.7242,0.0320500603,-0.12942114,0.1935212602,0.15299246,-0.131114047,0.4370989669,0.1744830004,1.1285599052,pseudouridine,Nucleotide,"Pyrimidine Metabolism, Uracil containing"
S823,0.0012,0.0339,0.1168389687,-0.255134281,0.4888122187,-1.301002283,-1.955484449,-0.646520117,-2.045512543,0.2422363802,pyruvate,Carbohydrate,"Glycolysis, Gluconeogenesis, and Pyruvate Metabolism"
S825,0.0162,0.1317,-0.1716442,-0.422267183,0.078978783,0.5060865334,0.0651186067,0.9470544601,0.9777587682,1.9694035559,uracil,Nucleotide,"Pyrimidine Metabolism, Uracil containing"
S827,0.9909,0.9928,0.0799730143,-0.151402895,0.3113489232,0.0827627025,-0.324340244,0.4898656489,0.0040246693,1.002793583,cytidine,Nucleotide,"Pyrimidine Metabolism, Cytidine containing"
S872,0.9012,0.9599,0.0891587075,-0.232112279,0.4104296941,0.1315084834,-0.4337637,0.6967806668,0.0610978116,1.0432593218,thymidine,Nucleotide,"Pyrimidine Metabolism, Thymine containing"
S878,0.0001,0.0058,-0.09044106,-0.234096185,0.0532140653,0.6379677441,0.3852083928,0.8907270953,1.0508717689,2.0717813727,fructose,Carbohydrate,"Fructose, Mannose and Galactose Metabolism"
S880,0.1925,0.4644,0.0924262972,-0.168205438,0.353058032,0.4592191265,0.0006409293,0.9177973237,0.5291701959,1.4430989203,adenine,Nucleotide,"Purine Metabolism, Adenine containing"
S881,0.0841,0.2941,-0.371229116,-0.808349958,0.0658917253,0.4546013485,-0.314507171,1.2237098674,1.1914215163,2.2837765743,cytosine,Nucleotide,"Pyrimidine Metabolism, Cytidine containing"
S882,0.0183,0.1388,-0.298379449,-0.471987123,-0.124771774,0.1612753275,-0.144185151,0.466735806,0.6631416663,1.5835272195,thymine,Nucleotide,"Pyrimidine Metabolism, Thymine containing"
S888,0.1724,0.4412,0.0018557474,-0.112219883,0.1159313774,0.1702509653,-0.030463644,0.3709655743,0.2429429458,1.1834042208,caprate (10:0),Lipid,Medium Chain Fatty Acid
S891,0.572,0.7758,0.0105556846,-0.344280907,0.3653922762,0.2241817121,-0.400148723,0.8485121474,0.3081972104,1.2381595305,margarate (17:0),Lipid,Long Chain Saturated Fatty Acid
S892,0.4874,0.7268,-0.004547506,-0.285245248,0.2761502358,0.2034802499,-0.29040383,0.6973643294,0.3001206119,1.2312473435,nonadecanoate (19:0),Lipid,Long Chain Saturated Fatty Acid
S893,0.1062,0.335,-0.006941277,-0.247811885,0.2339293317,0.4170418078,-0.006766941,0.8408505565,0.6116782936,1.5280357463,arachidate (20:0),Lipid,Long Chain Saturated Fatty Acid
S913,0.0633,0.2547,-0.149728833,-0.465587156,0.1661294895,0.4949644296,-0.060784241,1.0507131007,0.9300957734,1.9054024822,maltose,Carbohydrate,Glycogen Metabolism
S914,0.0399,0.2039,-0.478112407,-0.764466691,-0.191758124,0.1734099229,-0.330426769,0.677246615,0.939948035,1.9184591357,ribose,Carbohydrate,Pentose Metabolism
S917,0.4921,0.7295,-0.04449498,-0.138870746,0.0498807854,0.0246866311,-0.141366319,0.1907395815,0.0998079679,1.071630812,asparagine,Amino Acid,Alanine and Aspartate Metabolism
S92,0.4619,0.707,0.04622787,-0.154326577,0.2467823172,-0.111326856,-0.464199835,0.2415461237,-0.227303422,0.8542300639,2-oxoadipate,Amino Acid,Lysine Metabolism
S922,0.0002,0.0104,-0.665007583,-0.999415222,-0.330599944,0.8704222997,0.2820363448,1.4588082546,2.2151570769,4.6433211827,N-stearoyl-sphinganine (d18:0/18:0)*,Lipid,Dihydroceramides
S923,0.1838,0.4571,0.0163527225,-0.243716047,0.2764214924,-0.357192514,-0.814780182,0.1003951537,-0.53891186,0.6882898498,dihydroorotate,Nucleotide,"Pyrimidine Metabolism, Orotate containing"
S925,0.5703,0.7757,0.0262599379,-0.0613533,0.1138731756,0.0792408469,-0.074913522,0.2333952158,0.0764352947,1.0544095152,heptanoate (7:0),Lipid,Medium Chain Fatty Acid
S926,0.0054,0.0831,-0.070059926,-0.146100552,0.0059806996,0.1728992352,0.0391067284,0.3066917421,0.3505159775,1.2750165534,caproate (6:0),Lipid,Medium Chain Fatty Acid
S93,0.0016,0.0363,0.0949059511,-0.108560599,0.298372501,-0.661320446,-1.019317233,-0.303323659,-1.091004073,0.4694345484,alpha-ketoglutarate,Energy,TCA Cycle
S935,0.1623,0.4291,-0.599865636,-1.143574643,-0.05615663,0.2227649265,-0.733884103,1.1794139558,1.1868050336,2.2764803928,sucrose,Carbohydrate,Disaccharides and Oligosaccharides
S936,0.0001,0.0072,-0.505741679,-0.739127451,-0.272355907,0.6388311912,0.2281919168,1.0494704657,1.651269604,3.1410994136,pyridoxine (vitamin B6),Cofactors and Vitamins,Vitamin B6 Metabolism
S98,0.3302,0.5992,0.1371762543,-0.107572019,0.3819245275,-0.118275744,-0.548907195,0.3123557056,-0.368539332,0.7745663158,kynurenate,Amino Acid,Tryptophan Metabolism
S980,0.8161,0.9221,0.0440059711,-0.258257024,0.3462689664,-0.030691501,-0.562519367,0.5011363654,-0.107765673,0.928024197,pentadecanoate (15:0),Lipid,Long Chain Saturated Fatty Acid
