FeatureID,COMP_ID,SUPER_PATHWAY,SUB_PATHWAY,PATHWAY_SORTORDER,INCHIKEY,SMILES,CHEMICAL_NAME,PLOT_NAME,CAS,CHEMSPIDER,HMDB,KEGG,PUBCHEM
S100000007,15500,Lipid,Carnitine Metabolism,1949,PHIQHXFUZVPYII-ZCFIWIBFSA-N,[O-]C(C[C@@H](O)C[N+](C)(C)C)=O,carnitine,carnitine,461-05-2,10455,HMDB0000062,"C00487,C00308",288
S100000008,15778,Xenobiotics,Benzoate Metabolism,4497,WPYMKLBDIGXBTP-UHFFFAOYSA-N,OC(C1=CC=CC=C1)=O,benzoate,benzoate,65-85-0,238,HMDB0001870,C00180,243
S100000010,15749,Xenobiotics,Benzoate Metabolism,4595,XMIIGOLPHOKFCH-UHFFFAOYSA-N,OC(CCC1=CC=CC=C1)=O,3-phenylpropionate (hydrocinnamate),3-phenylpropionate (hydrocinnamate),501-52-0,10181339,HMDB0000764,C05629,107
S100000011,57745,Amino Acid,Phenylalanine Metabolism,160,WLJVXDMOQOGPHL-UHFFFAOYSA-N,O=C(O)CC1=CC=CC=C1,phenylacetate,phenylacetate,103-82-2,10181341,HMDB0000209,C07086,999
S100000014,15753,Xenobiotics,Benzoate Metabolism,4482,QIAFMBKCNZACKA-UHFFFAOYSA-N,O=C(C1=CC=CC=C1)NCC(O)=O,hippurate,hippurate,495-69-2,451,HMDB0000714,C01586,464
S100000016,15730,Lipid,"Fatty Acid, Dicarboxylate",1693,TYFQFVWCELRYAO-UHFFFAOYSA-N,OC(CCCCCCC(O)=O)=O,suberate (C8-DC),suberate (C8-DC),505-48-6,10025,HMDB0000893,C08278,10457
S100000036,15676,Amino Acid,"Leucine, Isoleucine and Valine Metabolism",399,JVQYSWDUAOAHFM-UHFFFAOYSA-N,CCC(C)C(C(O)=O)=O,3-methyl-2-oxovalerate,3-methyl-2-oxovalerate,"51829-07-3,1460-34-0",46,HMDB0000491,"C03465,C06008,C00671","439286,440877"
S100000039,18374,Amino Acid,"Methionine, Cysteine, SAM and Taurine Metabolism",446,QEFRNWWLZKMPFJ-YGVKFDHGSA-N,O=C(O)[C@@H](N)CCS(C)=O,methionine sulfoxide,methionine sulfoxide,3226-65-1,139840,HMDB0002005,C02989,158980
S100000042,15677,Amino Acid,Histidine Metabolism,74,JDHILDINMRGULE-LURJTMIESA-N,N[C@H](C(O)=O)CC1=CN=CN1C,3-methylhistidine,3-methylhistidine,368-16-1,58494,HMDB0000479,C01152,64969
S100000044,15747,Amino Acid,Histidine Metabolism,89,MYYIAHXIVFADCU-QMMMGPOBSA-N,CN1C=NC=C1C[C@@H]([C@@](O)=O)NC(CCN)=O,anserine,anserine,10030-52-1,100482,HMDB0000194,C01262,112072
S100000054,15685,Amino Acid,Lysine Metabolism,121,YSMODUONRAFBET-AKGZTFGVSA-N,N[C@@H](CCC(O)CN)C(O)=O,5-hydroxylysine,5-hydroxylysine,13204-98-3,1002,HMDB0000450,C16741,3032849
S100000092,15306,Carbohydrate,"Fructose, Mannose and Galactose Metabolism",1385,VBUYCZFBVCCYFD-NUNKFHFFSA-N,OC[C@H](O)[C@@H](O)[C@H](O)C(C(O)=O)=O,2-ketogulonate,2-ketogulonate,342385-52-8,92502,HMDB0011732,C15673,102424
S100000096,15681,Amino Acid,Guanidino and Acetamido Metabolism,571,TUHVEAJXIMEOSA-UHFFFAOYSA-N,N=C(N)NCCCC(O)=O,4-guanidinobutanoate,4-guanidinobutanoate,"463-003,463-00-3",486,HMDB0003464,C01035,500
S100000101,15704,Lipid,"Fatty Acid, Dicarboxylate",1690,WLJVNTCWHIRURA-UHFFFAOYSA-N,OC(CCCCCC(O)=O)=O,pimelate (C7-DC),pimelate (C7-DC),111-16-0,376,HMDB0000857,C02656,385
S100000112,33951,Amino Acid,Creatine Metabolism,538,DRBBFCLWYRJSJZ-UHFFFAOYSA-N,N=C(N(C)CC(O)=O)NP(O)(O)=O,creatine phosphate,creatine phosphate,"922-32-7,67-07-2",567,HMDB0001511,C02305,"9548602,587"
S100000125,15949,Nucleotide,"Pyrimidine Metabolism, Cytidine containing",4281,CKTSBUTUHBMZGZ-SHYZEUOFSA-N,[H][C@]1([H])[C@@](O)([H])[C@](CO)([H])O[C@]1(N2C(N=C(N)C=C2)=O)[H],2'-deoxycytidine,2'-deoxycytidine,951-77-9,13117,HMDB0000014,C00881,13711
S100000135,15076,Nucleotide,"Purine Metabolism, (Hypo)Xanthine/Inosine containing",4146,VGONTNSXDCQUGY-RRKCRQDMSA-N,OC[C@@H]1[C@H](C[C@H](N2C=NC3=C2N=CN=C3O)O1)O,2'-deoxyinosine,2'-deoxyinosine,890-38-0,58569,HMDB0000071,C05512,135398593
S100000257,15443,Carbohydrate,Aminosugar Metabolism,1423,AEMOLEFTQBMNLQ-QIUUJYRFSA-N,O[C@@H]1O[C@H]([C@](O)=O)[C@@H](O)[C@H](O)[C@H]1O,glucuronate,glucuronate,207300-70-7,58552,HMDB0000127,C16245,"441478,23677976,94715,65041,444791"
S100000258,43847,Lipid,Glycerolipid Metabolism,2860,AWUCVROLDVIAJX-UHFFFAOYSA-N,O=P(O)(OCC(CO)O)O,glycerol 3-phosphate,glycerol 3-phosphate,29849-82-9,734,HMDB0000126,C0093,754
S100000263,15716,Amino Acid,Histidine Metabolism,85,ACZFBYCNAVEFLC-UHFFFAOYSA-N,OC(C(O)=O)CC1=CN=CN1,imidazole lactate,imidazole lactate,14403-45-3,389128,HMDB0002320,C05568,793
S100000265,15140,Amino Acid,Tryptophan Metabolism,272,YGPSJZOEDVAXAB-QMMMGPOBSA-N,N[C@H](C(O)=O)CC(C1=CC=CC=C1N)=O,kynurenine,kynurenine,2922-83-0,141580,HMDB0000684,C00328,161166
S100000269,15990,Lipid,Phospholipid Metabolism,2253,SUHOQUVVVLNYQR-MRVPVSSYSA-N,O=P(OCC[N+](C)(C)C)([O-])OC[C@H](O)CO,glycerophosphorylcholine (GPC),glycerophosphorylcholine (GPC),28319-77-9,571409,HMDB0000086,C00670,71920
S100000272,15142,Amino Acid,"Glycine, Serine and Threonine Metabolism",19,AYFVYJQAPQTCCC-HRFVKAFMSA-N,O=C(O)[C@@H](N)[C@H](C)O,allo-threonine,allo-threonine,28954-12-3,89699,HMDB0004041,C05519,99289
S100000282,15720,Amino Acid,Glutamate Metabolism,49,RFMMMVDNIPUKGG-YFKPBYRVSA-N,O=C(O)CC[C@@H](C(O)=O)NC(C)=O,N-acetylglutamate,N-acetylglutamate,5817-08-3,1266066,HMDB0001138,C00624,70914
S100000406,15772,Carbohydrate,Pentose Metabolism,1278,HEBKCHPVOIAQTA-ZXFHETKHSA-N,OC[C@@H](O)[C@@H](O)[C@@H](O)CO,ribitol,ribitol,488-81-3,10254628,"HMDB0002917,HMDB0001851,HMDB0000568,HMDB0000508","C00379,C01904,C00474,C00532",6912
S100000409,15667,Xenobiotics,Food Component/Plant,4801,BITYXLXUCSKTJS-UHFFFAOYSA-N,OC(CC(O)=O)(C(C)C)C(O)=O,2-isopropylmalate,2-isopropylmalate,3237-44-3,76,HMDB0000402,C02504,77
S100000447,18280,Amino Acid,Tyrosine Metabolism,224,WXTMDXOMEHJXQO-UHFFFAOYSA-N,O=C(O)C1=CC(O)=CC=C1O,gentisate,gentisate,490-79-9,3350,HMDB0000152,C00628,3469
S100000454,18319,Amino Acid,Lysine Metabolism,138,JJMDCOVWQOJGCB-UHFFFAOYSA-N,OC(CCCCN)=O,5-aminovalerate,5-aminovalerate,660-88-8,135,HMDB0003355,C00431,138
S100000463,18349,Amino Acid,Tryptophan Metabolism,303,XGILAAMKEQUXLS-UHFFFAOYSA-N,OC(C(O)=O)CC1=CNC2=C1C=CC=C2,indolelactate,indolelactate,832-97-3,83867,HMDB0000671,C02043,92904
S100000467,27672,Amino Acid,Tryptophan Metabolism,327,BXFFHSIDQOFMLE-UHFFFAOYSA-N,O=S(OC2=CNC1=CC=CC=C12)(O)=O,3-indoxyl sulfate,3-indoxyl sulfate,2642-37-7,9840,HMDB0000682,,10258
S100000486,17895,Amino Acid,Lysine Metabolism,114,KLPJXDPPMSJWKI-LURJTMIESA-N,N[C@@H](CCCCNC=O)C(O)=O,N6-formyllysine,N6-formyllysine,1190-48-3,64085,,,70923
S100000487,18357,Peptide,Dipeptide,844,STKYPAFSDFAEPH-LURJTMIESA-N,CC(C)[C@@H](C(O)=O)NC(CN)=O,glycylvaline,glycylvaline,1963-21-9,2006926,HMDB0028854,,2724807
S100000491,33422,Peptide,Gamma-glutamyl Amino Acid,658,XHHOHZPNYFQJKL-QWRGUYRKSA-N,O=C(O)[C@H](CC1=CC=CC=C1)NC(CC[C@@H](C(O)=O)N)=O,gamma-glutamylphenylalanine,gamma-glutamylphenylalanine,7432-24-8,99868,HMDB0000594,,111299
S100000551,22116,Amino Acid,"Leucine, Isoleucine and Valine Metabolism",348,BKAJNAXTPSGJCU-UHFFFAOYSA-N,CC(C)CC(C(O)=O)=O,4-methyl-2-oxopentanoate,4-methyl-2-oxopentanoate,816-66-0,69,HMDB0000695,C00233,70
S100000580,20675,Carbohydrate,"Glycolysis, Gluconeogenesis, and Pyruvate Metabolism",1236,MPCAJMNYNOGXPB-SLPGGIOYSA-N,O[C@@H]1[C@@H](CO)OC[C@H](O)[C@H]1O,"1,5-anhydroglucitol (1,5-AG)","1,5-anhydroglucitol (1,5-AG)",154-58-5,,HMDB0002712,C07326,64960
S100000584,19266,Lipid,Monoacylglycerol,2891,RCRCTBLIHCHWDZ-DOFZRALJSA-N,CCCCC\C=C/C\C=C/C\C=C/C/C=C\CCCC(OC(CO)CO)=O,2-arachidonoylglycerol (20:4),2-arachidonoylglycerol (20:4),53847-30-6,4445451,HMDB0004666,C13856,5282280
S100000611,20458,Lipid,Lysoplasmalogen,2848,VLBPIWYTPAXCFJ-XMMPIXPASA-N,CCCCCCCCCCCCCCCCOC[C@]([H])(COP([O-])(OCC[N+](C)(C)C)=O)O,1-palmityl-GPC (O-16:0),1-palmityl-GPC (O-16:0),52691-62-0,3845,,,3983
S100000616,52449,Lipid,Phosphatidylinositol (PI),2573,KRTOMQDUKGRFDJ-YKOKTLGVSA-N,CCCCCCCCCCCCCCCCCC(OC[C@]([H])(COP(O)(O[C@](C(O)(C(O)(C(O)([C@](O)1[H])[H])[H])[H])([C@]1(O)[H])[H])=O)OC(CCC/C=C\C/C=C\C/C=C\C/C=C\CCCCC)=O)=O,1-stearoyl-2-arachidonoyl-GPI (18:0/20:4),1-stearoyl-2-arachidonoyl-GPI (18:0/20:4),383907-33-3,21403055,HMDB0009815,,
S100000626,34445,Lipid,Sphingosines,3180,DUYSYHSSBDVJSM-KRWOKUGFSA-N,OP([O-])(OC[C@@]([H])([C@](O)(/C=C/CCCCCCCCCCCCC)[H])[NH3+])=O,sphingosine 1-phosphate,sphingosine 1-phosphate,26993-30-6,4446673,HMDB0000277,C06124,5283560
S100000630,19260,Lipid,Lysophospholipid,2720,JZWNYZVVZXZRRH-YFKVPUFHSA-N,CCCCCCCC\C=C/CCCCCCCC(OC[C@]([H])(COP(O)(OC[C@]([NH3+])(C([O-])=O)[H])=O)O)=O,1-oleoyl-GPS (18:1),1-oleoyl-GPS (18:1),326589-90-6,7826049,HMDB0061694,,85036846
S100000656,19324,Lipid,Lysophospholipid,2738,MXAFDFDAIFZFET-CLBYPKMISA-N,[H]C(C(O)(C(O)([C@](O)1[H])[H])[H])([C@@](OP(O)(OC[C@@]([H])(COC(CCCCCCCCCCCCCCCCC)=O)O)=O)([C@]1(O)[H])[H])O,1-stearoyl-GPI (18:0),1-stearoyl-GPI (18:0),796963-93-4,21403067,HMDB0240261,,"71581135,42607495"
S100000657,19130,Lipid,Phosphatidylcholine (PC),2295,KILNVBDSWZSGLL-KXQOOQHDSA-N,CCCCCCCCCCCCCCCC(OC[C@]([H])(COP([O-])(OCC[N+](C)(C)C)=O)OC(CCCCCCCCCCCCCCC)=O)=O,"1,2-dipalmitoyl-GPC (16:0/16:0)","1,2-dipalmitoyl-GPC (16:0/16:0)",63-89-8,398235,HMDB0000564,D03585,452110
S100000665,44675,Lipid,Long Chain Polyunsaturated Fatty Acid (n3 and n6),1580,MBMBGCFOFBJSGT-KUBAVDMBSA-N,CC\C=C/C\C=C/C\C=C/C/C=C\C/C=C\C/C=C\CCC(O)=O,docosahexaenoate (DHA; 22:6n3),docosahexaenoate (DHA; 22:6n3),6217-54-5,393183,HMDB0002183,C06429,445580
S100000672,19258,Lipid,Phosphatidylcholine (PC),2279,RFVFQQWKPSOBED-PSXMRANNSA-N,CCCCCCCCCCCCCCCC(O[C@](COC(CCCCCCCCCCCCC)=O)(COP([O-])(OCC[N+](C)(C)C)=O)[H])=O,1-myristoyl-2-palmitoyl-GPC (14:0/16:0),1-myristoyl-2-palmitoyl-GPC (14:0/16:0),69525-80-0,114798,HMDB0007869,,129657
S100000706,22132,Amino Acid,"Leucine, Isoleucine and Valine Metabolism",352,LVRFTAZAXQPQHI-UHFFFAOYSA-N,OC(C(CC(C)C)O)=O,alpha-hydroxyisocaproate,alpha-hydroxyisocaproate,10303-64-7,75520,"HMDB0000665,HMDB00746,HMDB0000624",C03264,"83697,92779,439960"
S100000707,20676,Lipid,"Fatty Acid, Dicarboxylate",1688,VZCYOOQTPOCHFL-UHFFFAOYSA-N,O=C(C=CC(O)=O)O,maleate,maleate,110-16-7,392248,HMDB0000176,C01384,444266
S100000708,44656,Amino Acid,"Leucine, Isoleucine and Valine Metabolism",356,GWYFCOCPABKNJV-UHFFFAOYSA-N,CC(C)CC(O)=O,isovalerate (i5:0),isovalerate (C5),503-74-2,10001,HMDB0000718,C08262,10430
S100000710,22160,Xenobiotics,Benzoate Metabolism,4493,IWYDHOAUDWTVEP-UHFFFAOYSA-N,OC(C(O)=O)C1=CC=CC=C1,mandelate,mandelate,90-64-2,1253,HMDB0000703,C01984,"439616,1292"
S100000711,44620,Xenobiotics,Benzoate Metabolism,4538,HOFGLAYWQRGTKC-UHFFFAOYSA-N,O=S(OC1=CC=C(C(C)=O)C=C1)(O)=O,4-acetylphenol sulfate,4-acetylphenyl sulfate,,3872009,,,4684006
S100000715,48114,Amino Acid,Guanidino and Acetamido Metabolism,570,CHJJGSNFBQVOTG-UHFFFAOYSA-N,N=C(N)NC,1-methylguanidine,1-methylguanidine,22661-87-6,28576,HMDB0001522,C02294,10111
S100000743,22036,Lipid,"Fatty Acid, Monohydroxy",1977,JKRDADVRIYVCCY-UHFFFAOYSA-N,O=C(C(CCCCCC)O)O,2-hydroxyoctanoate,2-hydroxyoctanoate,617-73-2,84994,HMDB0002264,,"94180,6995013,5312860"
S100000763,22119,Nucleotide,"Pyrimidine Metabolism, Cytidine containing",4274,ZAYHVCMSTBRABG-JXOAFFINSA-N,O[C@H]1[C@@H](O)[C@H](N2C(N=C(N)C(C)=C2)=O)O[C@@H]1CO,5-methylcytidine,5-methylcytidine,2140-61-6,83877,HMDB0000982,,92918
S100000772,48118,Lipid,Mevalonate Metabolism,3197,JYVXNLLUYHCIIH-UHFFFAOYSA-N,OC(CCO1)(C)CC1=O,mevalonolactone,mevalonolactone,674-26-0,9999,HMDB0006024,,10428
S100000773,22001,Lipid,"Fatty Acid, Monohydroxy",1997,NDPLAKGOSZHTPH-UHFFFAOYSA-N,OC(CC(O)=O)CCCCC,3-hydroxyoctanoate,3-hydroxyoctanoate,88930-08-9,24791,HMDB0001954,C20793,26613
S100000774,22130,Amino Acid,Phenylalanine Metabolism,156,VOXXWSYKYCBWHO-UHFFFAOYSA-N,OC(C(O)=O)CC1=CC=CC=C1,phenyllactate (PLA),phenyllactate (PLA),828-01-3,3715,"HMDB0000779,HMDB0000563",C05607,3848
S100000776,44681,Lipid,"Fatty Acid Metabolism (Acyl Carnitine, Long Chain Saturated)",1881,XOMRRQXKHMYMOC-UHFFFAOYSA-N,[O-]C(CC(OC(CCCCCCCCCCCCCCC)=O)C[N+](C)(C)C)=O,palmitoylcarnitine (C16),palmitoylcarnitine (C16),6865-14-1,448,HMDB0000222,C02990,461
S100000781,32328,Lipid,"Fatty Acid Metabolism (Acyl Carnitine, Medium Chain)",1861,VVPRQWTYSNDTEA-UHFFFAOYSA-N,O=C(CCCCC)OC(CC([O-])=O)C[N+](C)(C)C,hexanoylcarnitine (C6),hexanoylcarnitine (C6),6920-35-0,4932273,HMDB0000756,,6426853
S100000787,22185,Amino Acid,Alanine and Aspartate Metabolism,37,OTCCIMWXFLJLIA-BYPYZUCNSA-N,OC([C@@H](NC(C)=O)CC(O)=O)=O,N-acetylaspartate (NAA),N-acetylaspartate (NAA),"997-55-7,997-55-7",58576,HMDB0000812,C01042,65065
S100000800,22114,Amino Acid,Tryptophan Metabolism,309,PLVPPLCLBIEYEA-AATRIKPKSA-N,O=C(O)/C=C/C1=CNC2=C1C=CC=C2,indoleacrylate,indoleacrylate,1204-06-4,4524636,HMDB0000734,,5375048
S100000802,32198,Lipid,"Fatty Acid Metabolism (Acyl Carnitine, Short Chain)",1857,RDHQFKQIGNGIED-MRVPVSSYSA-N,C[N+](C)(C)C[C@H](OC(C)=O)CC([O-])=O,acetylcarnitine (C2),acetylcarnitine (C2),5080-50-2,5406074,HMDB0000201,C02571,7045767
S100000808,22176,Amino Acid,"Methionine, Cysteine, SAM and Taurine Metabolism",467,NOKPBJYHPHHWAN-REOHCLBHSA-N,N[C@H](C(O)=O)CSS(O)(=O)=O,cysteine s-sulfate,cysteine s-sulfate,1637-71-4,102939,HMDB0000731,C05824,115015
S100000827,21127,Lipid,Monoacylglycerol,2869,QHZLMUACJMDIAE-UHFFFAOYSA-N,O=C(CCCCCCCCCCCCCCC)OCC(O)CO,1-palmitoylglycerol (16:0),1-palmitoylglycerol (16:0),542-44-9,14201,HMDB0011564,,14900
S100000840,20693,Xenobiotics,Food Component/Plant,5228,ROBFUDYVXSDBQM-UHFFFAOYSA-N,O=C(C(O)C(O)=O)O,tartronate (hydroxymalonate),tartronate (hydroxymalonate),80-69-3,44,HMDB0035227,C02287,45
S100000841,20694,Cofactors and Vitamins,Ascorbate and Aldarate Metabolism,4376,MUBZPKHOEPUJKR-UHFFFAOYSA-N,O=C(O)C(O)=O,oxalate (ethanedioate),oxalate (ethanedioate),144-62-7,946,HMDB0002329,C00209,971
S100000846,20699,Xenobiotics,Food Component/Plant,4916,UNXHWFMMPAWVPI-UHFFFAOYSA-N,OCC(O)C(CO)O,erythritol,erythritol,149-32-6,13835932,HMDB0002994,C00503,222285
S100000862,21133,Xenobiotics,Benzoate Metabolism,4507,FJKROLUGYXJWQN-UHFFFAOYSA-N,OC1=CC=C(C(O)=O)C=C1,4-hydroxybenzoate,4-hydroxybenzoate,99-96-7,132,HMDB0000500,C00156,135
S100000863,21134,Lipid,"Fatty Acid, Dicarboxylate",1682,WNLRTRBMVRJNCN-UHFFFAOYSA-N,OC(CCCCC(O)=O)=O,adipate (C6-DC),adipate,124-04-9,191,HMDB0000448,C06104,196
S100000882,21158,Lipid,"Fatty Acid, Monohydroxy",2003,ATRNZOYKSNPPBF-UHFFFAOYSA-N,CCCCCCCCCCCC(O)CC(O)=O,3-hydroxymyristate,3-hydroxymyristate,3422-31-9,15252,HMDB0061656,,16064
S100000924,21184,Lipid,Monoacylglycerol,2873,RZRNAYUHWVFMIP-KTKRTIGZSA-N,O=C(OCC(O)CO)CCCCCCC/C=C\CCCCCCCC,1-oleoylglycerol (18:1),1-oleoylglycerol (18:1),111-03-5,4446588,HMDB0011567,,5283468
S100000936,44526,Amino Acid,"Leucine, Isoleucine and Valine Metabolism",428,QHKABHOOEWYVLI-UHFFFAOYSA-N,OC(C(C(C)C)=O)=O,3-methyl-2-oxobutyrate,3-methyl-2-oxobutyrate,3715-29-5,48,HMDB0000019,C00141,49
S100000943,21232,Lipid,Monoacylglycerol,2889,UPWGQKDVAURUGE-KTKRTIGZSA-N,O=C(OC(CO)CO)CCCCCCC/C=C\CCCCCCCC,2-oleoylglycerol (18:1),2-oleoylglycerol (18:1),3443-84-3,4478086,HMDB0011537,,5319879
S100000961,22137,Amino Acid,Urea cycle; Arginine and Proline Metabolism,500,QUOGESRFPZDMMT-YFKPBYRVSA-N,N[C@H](C(O)=O)CCCCNC(N)=N,homoarginine,homoarginine,156-86-5,8732,HMDB0000670,C01924,9085
S100000963,22138,Amino Acid,Urea cycle; Arginine and Proline Metabolism,501,XIGSAGMEBXLVJJ-YFKPBYRVSA-N,N[C@H](C(O)=O)CCCCNC(N)=O,homocitrulline,homocitrulline,1190-49-4,58582,HMDB0000679,C02427,65072
S100000987,32506,Lipid,Monoacylglycerol,2890,IEPGNWMPIFDNSD-HZJYTTRNSA-N,O=C(OC(CO)CO)CCCCCCC/C=C\C/C=C\CCCCC,2-linoleoylglycerol (18:2),2-linoleoylglycerol (18:2),3443-82-1,4517636,HMDB0011538,,5365676
S100000989,22202,Xenobiotics,Chemical,6227,GSEJCLTVZPLZKY-UHFFFAOYSA-N,OCCN(CCO)CCO,triethanolamine,triethanolamine,102-71-6,13835630,HMDB0032538,C06771,7618
S100000997,22053,Lipid,"Fatty Acid, Monohydroxy",1999,FYSSBMZUBSBFJL-UHFFFAOYSA-N,OC(CC(O)=O)CCCCCCC,3-hydroxydecanoate,3-hydroxydecanoate,5561-87-5,24790,HMDB0002203,,26612
S100001006,27710,Amino Acid,"Glycine, Serine and Threonine Metabolism",2,OKJIRPAQVSHGFK-UHFFFAOYSA-N,O=C(O)C(NC(C)=O)[H],N-acetylglycine,N-acetylglycine,543-24-8,10507,HMDB0000532,,10972
S100001007,27731,Carbohydrate,Pentose Metabolism,1279,QXKAIJAYHKCRRA-BXXZVTAOSA-N,OC([C@H](O)[C@H](O)[C@H](O)CO)=O,ribonate,ribonate,5336-08-3,4574162,HMDB0000867,C01685,5460677
S100001022,27738,Cofactors and Vitamins,Ascorbate and Aldarate Metabolism,4373,JPIJQSOTBSSVTP-UHFFFAOYSA-N,O=C(O)C(O)([H])C([H])(O)CO,threonate,threonate,70753-61-6,133224,"HMDB0062620,HMDB0000943",C01620,"151152,5460407"
S100001026,27719,Carbohydrate,"Fructose, Mannose and Galactose Metabolism",1389,RGHNJXZEOKUKBD-MGCNEYSASA-N,O[C@H]([C@H]([C@H]([C@@H](CO)O)O)O)C(O)=O,galactonate,galactonate,299-28-5,114198,HMDB0000565,"C00880,C15930","12310779,128869"
S100001033,27414,Lipid,Sterol,3240,KZJWDPNRJALLNS-XGEQACPASA-N,C[C@@]1([C@]([C@@H](CC[C@@H]([C@H](C)C)CC)C)([H])CC2)[C@@]2([H])[C@@](CC=C3[C@@]4(CC[C@H](O)C3)C)([H])[C@@]4([H])CC1,beta-sitosterol,beta-sitosterol,83-46-5,192962,HMDB0000852,C01753,222284
S100001034,27513,Amino Acid,Tryptophan Metabolism,304,SEOVTRFCIGRIMH-UHFFFAOYSA-N,OC(CC1=CNC2=C1C=CC=C2)=O,indoleacetate,indoleacetate,"87-51-4,6505-45-9",780,HMDB0000197,C00954,802
S100001040,27447,Lipid,Monoacylglycerol,2874,WECGLUPZRHILCT-HZJYTTRNSA-N,CCCCC/C=C\C/C=C\CCCCCCCC(OCC(O)CO)=O,1-linoleoylglycerol (18:2),1-linoleoylglycerol (18:2),2277-28-3,4446589,HMDB0011568,,5283469
S100001051,30460,Amino Acid,Histidine Metabolism,73,BRMWTNUJHUMWMS-LURJTMIESA-N,N[C@H](C(O)=O)CC1=CN(C)C=N1,1-methylhistidine,1-methylhistidine,332-80-9,83153,HMDB0000001,C01152,92105
S100001054,32412,Lipid,Fatty Acid Metabolism (also BCAA Metabolism),1785,QWYFHHGCZUCMBN-SECBINFHSA-N,CCCC(O[C@H](CC([O-])=O)C[N+](C)(C)C)=O,butyrylcarnitine (C4),butyrylcarnitine (C4),25576-40-3,184820,HMDB0002013,C02862,439829
S100001055,33441,Amino Acid,"Leucine, Isoleucine and Valine Metabolism",431,LRCNOZRCYBNMEP-VIFPVBQESA-N,CC(C)C(O[C@@H](CC([O-])=O)C[N+](C)(C)C)=O,isobutyrylcarnitine (C4),isobutyrylcarnitine (C4),25518-49-4,,HMDB0000736,,168379
S100001063,31904,Lipid,Secondary Bile Acid Metabolism,3556,RHCPKKNRWFXMAT-RRWYKFPJSA-N,[H][C@]1([C@]2(C)[C@](CC1)([H])[C@]3([H])C(C[C@]4([H])C[C@H](O)CC[C@]4(C)[C@@]3([H])C[C@@H]2O)=O)[C@H](C)CCC(O)=O,7-ketodeoxycholate,7-ketodeoxycholate,911-40-0,163659,HMDB0000391,,188292
S100001081,31675,Amino Acid,Glutamate Metabolism,62,HNJBEVLQSNELDL-UHFFFAOYSA-N,O=C1CCCN1,2-pyrrolidinone,2-pyrrolidinone,616-45-5,11530,HMDB0002039,,12025
S100001083,32405,Amino Acid,Tryptophan Metabolism,310,GOLXRNDWAUTYKT-UHFFFAOYSA-N,OC(CCC1=CNC2=C1C=CC=C2)=O,indolepropionate,indolepropionate,830-96-6,3613,HMDB0002302,,3744
S100001086,31536,Xenobiotics,Food Component/Plant,4989,KSPQDMRTZZYQLM-UHFFFAOYSA-N,O=C(NCC(O)=O)C1=CC=CO1,N-(2-furoyl)glycine,N-(2-furoyl)glycine,"5657-19-2,5657-19-2",20549,HMDB0000439,,21863
S100001092,32401,Cofactors and Vitamins,Nicotinate and Nicotinamide Metabolism,4341,WWNNZCOKKKDOPX-UHFFFAOYSA-N,C[N+]1=CC(C([O-])=O)=CC=C1,trigonelline (N'-methylnicotinate),trigonelline (N'-methylnicotinate),535-83-1,5369,HMDB0000875,C01004,5570
S100001102,32388,Lipid,"Fatty Acid, Dicarboxylate",1703,TVIDDXQYHWJXFK-UHFFFAOYSA-N,OC(CCCCCCCCCCC(O)=O)=O,dodecanedioate (C12-DC),dodecanedioate (C12),693-23-2,12213,HMDB0000623,C02678,12736
S100001104,32390,Amino Acid,Tyrosine Metabolism,168,CAHKINHBCWCHCF-JTQLQIEISA-N,OC1=CC=C(C[C@@H](C(O)=O)NC(C)=O)C=C1,N-acetyltyrosine,N-acetyltyrosine,537-55-3,61606,HMDB0000866,,68310
S100001112,32457,Lipid,"Fatty Acid, Monohydroxy",2002,MUCMKTPAZLSKTL-UHFFFAOYSA-N,OC(CC(CCCCCCCCC)O)=O,3-hydroxylaurate,3-hydroxylaurate,53941-38-1,85026,HMDB0000387,,94216
S100001121,31555,Cofactors and Vitamins,Vitamin B6 Metabolism,4471,HXACOUQIXZGNBF-UHFFFAOYSA-N,OC1=C(C(O)=O)C(CO)=CN=C1C,pyridoxate,pyridoxate,82-82-6,6467,HMDB0000017,C00847,6723
S100001126,43829,Peptide,Gamma-glutamyl Amino Acid,662,AQAKHZVPOOGUCK-XPUUQOCRSA-N,O=C(N[C@H]([C@@](O)=O)C(C)C)CC[C@@H]([C@](O)=O)N,gamma-glutamylvaline,gamma-glutamylvaline,2746-34-1,,HMDB0011172,,7015683
S100001132,32394,Peptide,Modified Peptides,1234,DTSWLLBBGHRXQH-XPUUQOCRSA-N,O=C1CC[C@@H](C(N[C@@H](C(C)C)C(O)=O)=O)N1,pyroglutamylvaline,pyroglutamylvaline,21282-10-0,134331,,,152416
S100001148,31938,Lipid,"Fatty Acid, Monohydroxy",2012,YDCRNMJQROAWFT-UHFFFAOYSA-N,CC(O)CCCC(O)=O,5-hydroxyhexanoate,5-hydroxyhexanoate,44843-89-2,149280,"HMDB0000409,HMDB0000525",,170748
S100001150,31932,Lipid,Fatty Acid Metabolism (also BCAA Metabolism),1789,WOMAZEJKVZLLFE-UHFFFAOYSA-N,O=C(CC)NCC(O)=O,propionylglycine,propionylglycine (C3),21709-90-0,89122,HMDB0000783,,98681
S100001151,31850,Lipid,Fatty Acid Metabolism (also BCAA Metabolism),1786,WPSSBBPLVMTKRN-UHFFFAOYSA-N,O=C(CNC(CCC)=O)O,butyrylglycine,butyrylglycine (C4),20208-73-5,79766,HMDB0000808,,88412
S100001153,31934,Lipid,"Fatty Acid, Dicarboxylate",1684,OTTXIFWBPRRYOG-UHFFFAOYSA-N,O=C(O)C(O)CCCC(O)=O,2-hydroxyadipate,2-hydroxyadipate,18294-85-4,167943,HMDB0000321,C02360,193530
S100001155,31928,Amino Acid,"Leucine, Isoleucine and Valine Metabolism",404,HOACIBQKYRHBOW-UHFFFAOYSA-N,O=C(O)CNC(C(C)CC)=O,2-methylbutyrylglycine,2-methylbutyrylglycine (C5),52320-67-9,168243,HMDB0000339,,193872
S100001162,32452,Lipid,Fatty Acid Metabolism (also BCAA Metabolism),1788,UFAHZIUFPNSHSL-UHFFFAOYSA-N,[O-]C(CC(OC(CC)=O)C[N+](C)(C)C)=O,propionylcarnitine (C3),propionylcarnitine (C3),17298-37-2,96904,HMDB0000824,C03017,107738
S100001167,35127,Amino Acid,Urea cycle; Arginine and Proline Metabolism,522,ONPXCLZMBSJLSP-ALKRTJFJSA-N,OC([C@H]1N(C([C@H]2NCCC2)=O)CC(O)C1)=O,pro-hydroxy-pro,prolylhydroxyproline,18684-24-7,9847785,HMDB0006695,,11902893
S100001170,32397,Amino Acid,"Leucine, Isoleucine and Valine Metabolism",410,ZMZQVAUJTDKQGE-UHFFFAOYSA-N,O=C(O)C(CC)CO,3-hydroxy-2-ethylpropionate,3-hydroxy-2-ethylpropionate,4374-62-3,164207,HMDB0000396,,188979
S100001178,31787,Lipid,"Fatty Acid, Dicarboxylate",1722,WMCQWXZMVIETAO-UHFFFAOYSA-N,CCCC1=C(C)C(C(O)=O)=C(CCC(O)=O)O1,3-carboxy-4-methyl-5-propyl-2-furanpropanoate (CMPF),3-carboxy-4-methyl-5-propyl-2-furanpropanoate (CMPF),86879-39-2,110498,HMDB0061112,,123979
S100001180,32413,Lipid,"Fatty Acid, Monohydroxy",1984,JYZJYKOZGGEXSX-UHFFFAOYSA-N,OC(C(O)=O)CCCCCCCCCCCC,2-hydroxymyristate,2-hydroxymyristate,2507-55-3,1508,HMDB0002261,C13790,1563
S100001181,32504,Lipid,Long Chain Polyunsaturated Fatty Acid (n3 and n6),1579,YUFFSWGQGVEMMI-JLNKQSITSA-N,O=C(O)CCCCC/C=C\C/C=C\C/C=C\C/C=C\C/C=C\CC,docosapentaenoate (n3 DPA; 22:5n3),docosapentaenoate (DPA; 22:5n3),2234-74-4,,"HMDB0006528,HMDB0001976",C16513,6441454
S100001182,32415,Lipid,Long Chain Polyunsaturated Fatty Acid (n3 and n6),1594,HVGRZDASOHMCSK-AVQMFFATSA-N,CCCCC/C=C/C/C=C/CCCCCCCCCCCC(O)=O,docosadienoate (22:2n6),docosadienoate (22:2n6),7370-49-2,4445934,HMDB0061714,C16533,5282807
S100001193,32980,Lipid,Long Chain Polyunsaturated Fatty Acid (n3 and n6),1592,TWSWSIQAPQLDBP-CGRWFSSPSA-N,O=C(CCCCC/C=C/C/C=C/C/C=C/C/C=C/CCCCC)O,adrenate (22:4n6),adrenate (22:4n6),2091-25-0,4445971,HMDB0002226,C16527,"5282844,5497181"
S100001195,32417,Lipid,Long Chain Polyunsaturated Fatty Acid (n3 and n6),1581,WBBQTNCISCKUMU-IUQGRGSQSA-N,CC/C=C/C/C=C/C/C=C/CCCCCCCCCCCC(O)=O,docosatrienoate (22:3n3),docosatrienoate (22:3n3),59708-86-0,4471981,HMDB0002823,C16534,5312556
S100001197,32497,Lipid,Medium Chain Fatty Acid,1517,FRPZMMHWLSIFAZ-UHFFFAOYSA-N,O=C(CCCCCCCCC=C)O[H],10-undecenoate (11:1n1),10-undecenoate (11:1n1),1333-28-4,10771160,HMDB0033724,C13910,14891
S100001198,32418,Lipid,Long Chain Monounsaturated Fatty Acid,1543,YWWVWXASSLXJHU-WAYWQWQTSA-N,O=C(CCCCCCC/C=C\CCCC)O,myristoleate (14:1n5),myristoleate (14:1n5),544-64-9,4444564,HMDB0002000,C08322,5281119
S100001204,43831,Amino Acid,Histidine Metabolism,92,FHQDWPCFSJMNCT-UHFFFAOYSA-N,CN1C=C(CCN)N=C1,1-methylhistamine,1-methylhistamine,501-75-7,3488,HMDB0000898,C05127,3614
S100001207,32349,Amino Acid,Histidine Metabolism,99,PRJKNHOMHKJCEJ-UHFFFAOYSA-N,O=C(O)CC1=CNC=N1,4-imidazoleacetate,4-imidazoleacetate,645-65-8,86856,HMDB0002024,C02835,96215
S100001208,32350,Amino Acid,Histidine Metabolism,93,ZHCKPJGJQOPTLB-UHFFFAOYSA-N,O=C(O)CC1=CN(C)C=N1,1-methyl-4-imidazoleacetate,1-methyl-4-imidazoleacetate,2625-49-2,68319,HMDB0002820,C05828,75810
S100001211,32398,Lipid,"Fatty Acid, Dicarboxylate",1698,CXMXRPHRNRROMY-UHFFFAOYSA-N,OC(CCCCCCCCC(O)=O)=O,sebacate (C10-DC),sebacate (C10-DC),111-20-6,5004,HMDB0000792,C08277,5192
S100001212,32446,Amino Acid,Guanidino and Acetamido Metabolism,572,VVHOUVWJCQOYGG-UHFFFAOYSA-N,N=C(N)NC(C(O)=O)CC(O)=O,guanidinosuccinate,guanidinosuccinate,6133-30-8,88329,HMDB0003157,C03139,439918
S100001229,33969,Lipid,Long Chain Polyunsaturated Fatty Acid (n3 and n6),1574,JIWBIWFOSCKQMA-LTKCOYKYSA-N,CC\C=C/C\C=C/C\C=C/C\C=C/CCCCC(O)=O,stearidonate (18:4n3),stearidonate (18:4n3),111174-40-4,4471933,HMDB0006547,C16300,5312508
S100001232,33968,Lipid,Medium Chain Fatty Acid,1521,IJBFSOLHRKELLR-FPLPWBNLSA-N,CCCCCC\C=C/CCCC(O)=O,5-dodecenoate (12:1n7),5-dodecenoate (12:1n7),2430-94-6,4471803,HMDB0000529,,5312378
S100001247,33936,Lipid,"Fatty Acid Metabolism (Acyl Carnitine, Medium Chain)",1869,CXTATJFJDMJMIY-UHFFFAOYSA-N,[O-]C(CC(C[N+](C)(C)C)OC(CCCCCCC)=O)=O,octanoylcarnitine (C8),octanoylcarnitine (C8),3671-77-0,110274,HMDB0000791,C02838,"123701,11953814"
S100001250,33983,Lipid,Primary Bile Acid Metabolism,3485,XSOLDPYUICCHJX-OEYGYFRSSA-N,O=S(CCNC(CC[C@@H](C)[C@@]1([H])CCC2C3[C@@H](O)[C@@H](O)[C@]4([H])C[C@H](O)CC[C@]4(C)C3CC[C@]12C)=O)(O)=O,tauro-beta-muricholate,tauro-beta-muricholate,25696-60-0,147312,HMDB0000932,,"121596216,21124703,168408"
S100001251,33941,Lipid,"Fatty Acid Metabolism (Acyl Carnitine, Medium Chain)",1877,LZOSYCMHQXPBFU-UHFFFAOYSA-N,[O-]C(CC(C[N+](C)(C)C)OC(CCCCCCCCC)=O)=O,decanoylcarnitine (C10),decanoylcarnitine (C10),1492-27-9,8420677,HMDB0000651,,10245190
S100001253,33943,Amino Acid,Glutamate Metabolism,50,KSMRODHGGIIXDV-YFKPBYRVSA-N,OC([C@H](CCC(N)=O)NC(C)=O)=O,N-acetylglutamine,N-acetylglutamine,2490-97-3,158492,HMDB0006029,C02716,182230
S100001254,33959,Amino Acid,Tryptophan Metabolism,260,DZTHIGRZJZPRDV-LBPRGKRZSA-N,O=C(O)[C@@H](NC(C)=O)CC1=CNC2=C1C=CC=C2,N-acetyltryptophan,N-acetyltryptophan,1218-34-4,610602,HMDB0013713,C03137,"439917,700653"
S100001256,33950,Amino Acid,Phenylalanine Metabolism,144,CBQJSKKFNMDLON-JTQLQIEISA-N,O=C(O)[C@@H](NC(C)=O)CC1=CC=CC=C1,N-acetylphenylalanine,N-acetylphenylalanine,2018-61-3,67404,HMDB0000512,C03519,74839
S100001257,33942,Amino Acid,Alanine and Aspartate Metabolism,42,HXFOXFJUNFFYMO-BYPYZUCNSA-N,OC([C@@H](NC(C)=O)CC(N)=O)=O,N-acetylasparagine,N-acetylasparagine,4033-40-3,90090,HMDB0006028,,99715
S100001259,33944,Amino Acid,Glutathione Metabolism,582,QTQDDTSVRVWHMO-UHFFFAOYSA-N,O=C(NCC(O)=O)C(CSC)NC(CCC(N)C(O)=O)=O,S-methylglutathione,S-methylglutathione,2922-56-7,2841309,,C11347,115260
S100001262,33934,Peptide,Gamma-glutamyl Amino Acid,656,JPKNLFVGUZRHOB-YUMQZZPRSA-N,N[C@H](C(O)=O)CCCCNC(CC[C@@H](C(O)=O)N)=O,gamma-glutamyl-epsilon-lysine,gamma-glutamyl-epsilon-lysine,17105-15-6,5378717,HMDB0003869,,7015685
S100001263,33955,Lipid,Lysophospholipid,2617,ASWBNKHCZGQVJV-UHFFFAOYSA-N,O=P(OCC[N+](C)(C)C)([O-])OCC(O)COC(CCCCCCCCCCCCCCC)=O,1-palmitoyl-GPC (16:0),1-palmitoyl-GPC (16:0),17364-16-8,78064,HMDB0010382,C04102,86554
S100001266,33953,Amino Acid,Urea cycle; Arginine and Proline Metabolism,506,SNEIUMQYRCDYCH-LURJTMIESA-N,O=C(O)[C@@H](NC(C)=O)CCCNC(N)=N,N-acetylarginine,N-acetylarginine,155-84-0,60752,HMDB0004620,C02562,67427
S100001269,33997,Lipid,Sterol,3243,SGNBVLSWZMBQTH-PODYLUTMSA-N,C[C@H](CC[C@@H](C)C(C)C)[C@@]1([H])CC[C@@]2([H])[C@]3([H])CC=C4C[C@@H](O)CC[C@]4(C)[C@@]3([H])CC[C@@]21C,campesterol,campesterol,474-62-4,151215,HMDB0002869,C01789,173183
S100001270,33952,Lipid,"Fatty Acid Metabolism (Acyl Carnitine, Long Chain Saturated)",1879,PSHXNVGSVNEJBD-UHFFFAOYSA-N,O=C(CCCCCCCCCCCCC)OC(CC([O-])=O)C[N+](C)(C)C,myristoylcarnitine (C14),myristoylcarnitine (C14),18822-89-4,4932274,HMDB0005066,,6426854
S100001271,33961,Lipid,Lysophospholipid,2628,IHNKQIMGVNPMTC-RUZDIDTESA-N,O[C@H](COC(CCCCCCCCCCCCCCCCC)=O)COP(OCC[N+](C)(C)C)([O-])=O,1-stearoyl-GPC (18:0),1-stearoyl-GPC (18:0),19420-57-6,435389,HMDB0010384,,497300
S100001272,48258,Lipid,Lysophospholipid,2630,YAMUFBLWGFFICM-PTGWMXDISA-N,O[C@H](COC(CCCCCCC/C=C\CCCCCCCC)=O)COP(OCC[N+](C)(C)C)([O-])=O,1-oleoyl-GPC (18:1),1-oleoyl-GPC (18:1),19420-56-5,17240641,HMDB0002815,C03916,16081932
S100001274,33939,Amino Acid,"Glycine, Serine and Threonine Metabolism",18,PEDXUVCGOLSNLQ-UHFFFAOYSA-N,CC(O)C(C(O)=O)NC(C)=O,N-acetylthreonine,N-acetylthreonine,17093-74-2,3841173,HMDB0062557,,152204
S100001275,33945,Peptide,Acetylated Peptides,1206,UTYVDVLMYQPLQB-UHFFFAOYSA-N,OC(CNC(CC1=CC=CC=C1)=O)=O,phenylacetylglycine,phenylacetylglycine,500-98-1,61452,HMDB0000821,C05598,68144
S100001276,33967,Amino Acid,"Leucine, Isoleucine and Valine Metabolism",392,JDTWZSUNGHMMJM-MSZQBOFLSA-N,CC(N[C@H](C(O)=O)C(C)CC)=O,N-acetylisoleucine,N-acetylisoleucine,3077-46-1,2081100,HMDB0061684,,306109
S100001277,33972,Lipid,Long Chain Monounsaturated Fatty Acid,1557,BBOWBNGUEWHNQZ-KTKRTIGZSA-N,O=C(O)CCCCCCCC/C=C\CCCCCCCC,10-nonadecenoate (19:1n9),10-nonadecenoate (19:1n9),73033-09-7,4471938,HMDB0013622,,5312513
S100001278,33971,Lipid,Long Chain Monounsaturated Fatty Acid,1548,GDTXICBNEOEPAZ-FPLPWBNLSA-N,O=C(O)CCCCCCCC/C=C\CCCCCC,10-heptadecenoate (17:1n7),10-heptadecenoate (17:1n7),29743-97-3,4471860,HMDB0060038,,5312435
S100001293,33946,Amino Acid,Histidine Metabolism,75,KBOJOGQFRVVWBH-ZETCQYMHSA-N,OC([C@@H](NC(C)=O)CC1=CNC=N1)=O,N-acetylhistidine,N-acetylhistidine,39145-52-3,68142,HMDB0032055,C02997,75619
S100001294,33949,Peptide,Gamma-glutamyl Amino Acid,651,ACIJGUBIMXQCMF-BYPYZUCNSA-N,O=C(O)[C@@H](N)CCC(NCC(O)=O)=O,gamma-glutamylglycine,gamma-glutamylglycine,1948-29-4,145071,HMDB0011667,,100099
S100001295,33947,Peptide,Gamma-glutamyl Amino Acid,660,CATMPQFFVNKDEY-AAEUAGOBSA-N,O=C(O)[C@@H](N)CCC(N[C@@H](CC1=CNC2=C1C=CC=C2)C(O)=O)=O,gamma-glutamyltryptophan,gamma-glutamyltryptophan,66471-20-3,2302065,HMDB0029160,,3989307
S100001296,34384,Xenobiotics,Food Component/Plant,5085,CMUNUTVVOOHQPW-LURJTMIESA-N,C[N+]1(C)[C@H]([C@@]([O-])=O)CCC1,stachydrine,stachydrine,4136-37-2,103115,HMDB0004827,C10172,115244
S100001300,33937,Amino Acid,"Leucine, Isoleucine and Valine Metabolism",429,NGEWQZIDQIYUNV-UHFFFAOYSA-N,OC(C(O)=O)C(C)C,alpha-hydroxyisovalerate,alpha-hydroxyisovalerate,600-37-3,90190,HMDB0000407,,99823
S100001310,33013,Cofactors and Vitamins,Nicotinate and Nicotinamide Metabolism,4326,BUCXGWMZJBKEMD-UHFFFAOYSA-N,NC(C1=C[N+](C2C(C(C(C[O-])O2)O)O)=CC=C1)=O,nicotinamide riboside,nicotinamide riboside,1341-23-7,,HMDB0000855,C03150,439924
S100001311,34592,Amino Acid,Glutathione Metabolism,592,JCMUOFQHZLPHQP-UHFFFAOYSA-N,O=C(NC(CC)C(NCC(O)=O)=O)CCC(C(O)=O)N,ophthalmate,ophthalmate,495-27-2,7993181,HMDB0005765,,7018721
S100001312,33468,Amino Acid,Felinine Metabolism,603,IFERABFGYYJODC-LURJTMIESA-N,N[C@H](C(O)=O)CSC(C)(C)CCO,felinine,felinine,471-09-0,144304,,,"534472,164607"
S100001313,44872,Peptide,Gamma-glutamyl Amino Acid,657,RQNSKRXMANOPQY-BQBZGAKWSA-N,O=C(O)[C@H](CCSC)NC(CC[C@@H](C(O)=O)N)=O,gamma-glutamylmethionine,gamma-glutamylmethionine,17663-87-5,5373147,HMDB0029155,,7009567
S100001314,33364,Peptide,Gamma-glutamyl Amino Acid,659,GWNXFCYUJXASDX-JUZNGCLZSA-N,CC(O)[C@@H](C(O)=O)NC(CC[C@@H](C(O)=O)N)=O,gamma-glutamylthreonine,gamma-glutamylthreonine,5652-48-2,21403107,HMDB0029159,,76078708
S100001315,36103,Xenobiotics,Benzoate Metabolism,4573,WGNAKZGUSRVWRH-UHFFFAOYSA-N,O=S(OC1=CC=C(C)C=C1)(O)=O,p-cresol sulfate,p-cresol sulfate,3233-57-7,3806480,HMDB0011635,,4615423
S100001316,33471,Cofactors and Vitamins,Nicotinate and Nicotinamide Metabolism,4321,PUEDDPCUCPRQNY-ZYUZMQFOSA-N,O[C@H]([C@@H]1O)[C@@H](O[C@@H]1CO)[N@+]2=CC(C([O-])=O)=CC=C2,nicotinate ribonucleoside,nicotinate ribonucleoside,2625-49-2,141635,HMDB0006809,C05841,161233
S100001319,33466,Amino Acid,Felinine Metabolism,604,IWZOUBIWPYHNIH-UHFFFAOYSA-N,OC(C(CCC(NC(CSC(C)(CCO)C)C(NCC(O)=O)=O)=O)N)=O,gamma-glutamylfelinylglycine*,gamma-glutamylfelinylglycine*,,21403109,,,87632550
S100001320,42420,Carbohydrate,Aminosugar Metabolism,1448,JPIJQSOTBSSVTP-PWNYCUMCSA-N,OC[C@@H](O)[C@@H](O)C(O)=O,erythronate*,erythronate*,88759-55-1,2061231,HMDB0000613,,2781043
S100001335,33587,Lipid,Long Chain Monounsaturated Fatty Acid,1560,BITHHVVYSMSWAG-KTKRTIGZSA-N,O=C(O)CCCCCCCCC/C=C\CCCCCCCC,eicosenoate (20:1),eicosenoate (20:1n9 or 1n11),,4445895,"HMDB0002231,HMDB0062436",C16526,"5282768,5282769,94159"
S100001337,34035,Lipid,Long Chain Polyunsaturated Fatty Acid (n3 and n6),1586,DTOSIQBPPRVQHS-PDBXOOCHSA-N,O=C(O)CCCCCCC/C=C\C/C=C\C/C=C\CC,linolenate [alpha or gamma; (18:3n3 or 6)],linolenate (18:3n3 or 3n6),,4444437,"HMDB0003073,HMDB0001388","C06426,C06427","5280933,5280934"
S100001359,46173,Energy,TCA Cycle,1458,,,aconitate [cis or trans],aconitate [cis or trans],,,"HMDB0000958,HMDB000072","C004174,C02341","444212,643757"
S100001383,45453,Lipid,Lysophospholipid,2612,VXUOFDJKYGDUJI-OAQYLSRUSA-N,CCCCCCCCCCCCCC(OC[C@](O)([H])COP(OCC[N+](C)(C)C)([O-])=O)=O,1-myristoyl-GPC (14:0),1-myristoyl-GPC (14:0),20559-16-4,405289,HMDB0010379,C04230,460604
S100001384,45456,Lipid,Lysophospholipid,2641,UATOAILWGVYRQS-HHHXNRCGSA-N,CCCCCCCCCCCCCCCCCCCC(OC[C@](O)([H])COP(OCC[N+](C)(C)C)([O-])=O)=O,1-arachidoyl-GPC (20:0),1-arachidoyl-GPC (20:0),108341-80-6,21403128,HMDB0010390,C04230,24779473
S100001386,41754,Cofactors and Vitamins,Hemoglobin and Porphyrin Metabolism,4427,GGIDWJQWCUJYRY-UHFFFAOYSA-K,CC1=C(CCC(O)=O)C(/C=C(C(CCC([O-])=O)=C/2C)\[N-]C2=C/C3=N/C(C(C=C)=C3C)=C\4)=N/C1=C\C(N([Fe+2])C4=C5C)=C5C=C,heme,heme,14875-96-8,,HMDB0003178,C00032,26945
S100001391,34409,Lipid,"Fatty Acid Metabolism (Acyl Carnitine, Long Chain Saturated)",1883,FNPHNLNTJNMAEE-HSZRJFAPSA-N,[O-]C(C[C@@H](OC(CCCCCCCCCCCCCCCCC)=O)C[N+](C)(C)C)=O,stearoylcarnitine (C18),stearoylcarnitine (C18),18822-91-8,21233653,HMDB0000848,,3006797
S100001392,34534,Lipid,"Fatty Acid Metabolism (Acyl Carnitine, Medium Chain)",1878,FUJLYHJROOYKRA-UHFFFAOYSA-N,[O-]C(CC(C[N+](C)(C)C)OC(CCCCCCCCCCC)=O)=O,laurylcarnitine (C12),laurylcarnitine (C12),25518-54-1,8602997,HMDB000225,,168381
S100001393,34407,Amino Acid,"Leucine, Isoleucine and Valine Metabolism",359,IGQBPDJNUXPEMT-UHFFFAOYSA-N,[O-]C(CC(C[N+](C)(C)C)OC(CC(C)C)=O)=O,isovalerylcarnitine (C5),isovalerylcarnitine (C5),31023-24-2,4932271,HMDB0000688,C20826,169235
S100001395,34419,Lipid,Lysophospholipid,2633,SPJFYYJXNPEZDW-UTJQPWESSA-N,O=P(OCC(O)COC(CCCCCCC/C=C\C/C=C\CCCCC)=O)([O-])OCC[N+](C)(C)C,1-linoleoyl-GPC (18:2),1-linoleoyl-GPC (18:2),,10160888,HMDB0010386,C04100,11988421
S100001409,48351,Nucleotide,"Purine Metabolism, (Hypo)Xanthine/Inosine containing",4145,WJNGQIYEQLPJMN-UHFFFAOYSA-N,OC(C1O)C(OC1CO)N(C=N2)C(N=CN3C)=C2C3=O,N1-methylinosine,N1-methylinosine,20245-33-4,513976,HMDB0002721,,650095
S100001411,35101,Xenobiotics,Food Component/Plant,4849,KMXXSJLYVJEBHI-UHFFFAOYSA-N,OC(CCNC(N)=N)=O,beta-guanidinopropanoate,beta-guanidinopropanoate,353-09-3,61020,HMDB0013222,C03065,67701
S100001412,35137,Nucleotide,"Purine Metabolism, Guanine containing",4211,RSPURTUNRHNVGF-IOSLPCCCSA-N,O=C1C(N=CN2[C@@]3([H])[C@@](O)([H])[C@@](O)([H])[C@](CO)([H])O3)=C2N=C(N(C)C)N1,"N2,N2-dimethylguanosine","N2,N2-dimethylguanosine",2140-67-2,83878,HMDB0004824,,135501639
S100001413,35130,Nucleotide,"Pyrimidine Metabolism, Cytidine containing",4275,NIDVTARKFBZMOT-PEBGCTIMSA-N,O[C@]1([H])[C@@](O)([H])[C@](CO)([H])O[C@]1(N2C(N=C(NC(C)=O)C=C2)=O)[H],N4-acetylcytidine,N4-acetylcytidine,3768-18-1,96702,HMDB0005923,,107461
S100001415,35157,Nucleotide,"Purine Metabolism, Adenine containing",4183,UNUYMBPXEFMLNW-HZPYULPISA-N,OC(C)C(C(O)=O)NC(NC1=NC=NC2=C1N=CN2[C@@H]3O[C@H](CO)[C@@H](O)[C@H]3O)=O,N6-carbamoylthreonyladenosine,N6-carbamoylthreonyladenosine,24719-82-2,141829,HMDB0041623,,161466
S100001416,35172,Nucleotide,"Pyrimidine Metabolism, Orotate containing",4228,FKCRAVPPBFWEJD-XVFCMESISA-N,O=C(C=C(C(O)=O)N1[C@H]2[C@H](O)[C@H](O)[C@@H](CO)O2)NC1=O,orotidine,orotidine,314-50-1,83729,HMDB0000788,,92751
S100001417,35126,Peptide,Acetylated Peptides,1203,JFLIEFSWGNOPJJ-JTQLQIEISA-N,O=C(CC1=CC=CC=C1)N[C@@H](CCC(N)=O)C(O)=O,phenylacetylglutamine,phenylacetylglutamine,28047-15-6,270643,HMDB0006344,C04148,92258
S100001423,35527,Xenobiotics,Benzoate Metabolism,4490,ZMHLUFWWWPBTIU-UHFFFAOYSA-N,O=C(NCC(O)=O)C1=CC=C(O)C=C1,4-hydroxyhippurate,4-hydroxyhippurate,2482-25-9,133104,HMDB0013678,,151012
S100001425,61833,Nucleotide,"Pyrimidine Metabolism, Uracil containing",4241,ZPTBLXKRQACLCR-XVFCMESISA-N,OC[C@H]1O[C@@H](N2CCC(NC2=O)=O)[C@@H]([C@@H]1O)O,"5,6-dihydrouridine","5,6-dihydrouridine",5627-05-4,85115,HMDB0000497,,94312
S100001426,62924,Nucleotide,"Pyrimidine Metabolism, Uracil containing",4263,YXNIEZJFCGTDKV-UHFFFAOYSA-N,OCC1C(O)C(O)C(N2C=CC(N(CCC(C(O)=O)N)C2=O)=O)O1,3-(3-amino-3-carboxypropyl)uridine*,3-(3-amino-3-carboxypropyl)uridine*,52745-94-5,149669,,,171198
S100001433,34397,Lipid,Monoacylglycerol,2880,DCPCOKIYJYGMDN-DOFZRALJSA-N,O=C(CCC/C=C\C/C=C\C/C=C\C/C=C\CCCCC)OCC(O)CO,1-arachidonylglycerol (20:4),1-arachidonylglycerol (20:4),35474-99-8,4445452,HMDB11578,C13857,"16019980,5282281"
S100001437,35159,Amino Acid,Glutathione Metabolism,581,BNRXZEPOHPEEAS-UHFFFAOYSA-N,NC(C(O)=O)CCC(NC(CSSCC(N)C(O)=O)C(NCC(O)=O)=O)=O,cysteine-glutathione disulfide,cysteine-glutathione disulfide,13081-14-6,3455404,HMDB0000656,R00900,3080690
S100001452,35107,Amino Acid,"Leucine, Isoleucine and Valine Metabolism",358,ZRQXMKMBBMNNQC-UHFFFAOYSA-N,O=C(O)CNC(CC(C)C)=O,isovalerylglycine,isovalerylglycine,16284-60-9,475516,HMDB00678,,546304
S100001454,62915,Lipid,"Fatty Acid, Dicarboxylate",1704,FYVQCLGZFXHEGL-UHFFFAOYSA-N,O=C(O)CC(O)CCCCCCCCC(O)=O,3-hydroxydodecanedioate*,3-hydroxydodecanedioate*,34574-69-1,13628081,HMDB0000413,,16663321
S100001456,35114,Nucleotide,"Purine Metabolism, Guanine containing",4205,FZWGECJQACGGTI-UHFFFAOYSA-N,O=C1C(N2C)=C(N=C2)N=C(N)N1,7-methylguanine,7-methylguanine,578-76-7,10883,HMDB0000897,C02242,135398679
S100001461,42398,Lipid,Lysophospholipid,2686,BBYWOYAFBUOUFP-JOCHJYFZSA-N,O=P(OCC[NH3+])([O-])OC[C@H](O)COC(CCCCCCCCCCCCCCCCC)=O,1-stearoyl-GPE (18:0),1-stearoyl-GPE (18:0),69747-55-3,7826018,HMDB0011130,,9547068
S100001462,34437,Lipid,Lysophospholipid,2728,HFJVKBVEKQHVTO-OZAIVSQSSA-N,O=P(OCC(O)CO)(O)OC[C@H](O)COC(CCCCCCCCCCCCCCCCC)=O,1-stearoyl-GPG (18:0),1-stearoyl-GPG (18:0),,21403138,,,
S100001468,40469,Cofactors and Vitamins,Nicotinate and Nicotinamide Metabolism,4343,JLQSXXWTCJPCBC-UHFFFAOYSA-N,O=C(C1=C([H])N(C(C([H])=C1[H])=O)C([H])([H])[H])N([H])[H],N1-methyl-2-pyridone-5-carboxamide,N1-methyl-2-pyridone-5-carboxamide,701-44-0,62899,HMDB0004193,C05842,69698
S100001481,35153,Lipid,Monoacylglycerol,2884,JWPHORDRFVRZPP-KUBAVDMBSA-N,O=C(OCC(O)CO)CC/C=C\C/C=C\C/C=C\C/C=C\C/C=C\C/C=C\CC,1-docosahexaenoylglycerol (22:6),1-docosahexaenoylglycerol (22:6),,10477810,HMDB0011587,,53480995
S100001485,34456,Peptide,Gamma-glutamyl Amino Acid,653,SNCKGJWJABDZHI-SIPWABPFSA-N,CCC(C)[C@@H](C(O)=O)NC(CC[C@@H](C(O)=O)N)=O,gamma-glutamylisoleucine*,gamma-glutamylisoleucine*,,21403145,HMDB0011170,,22885096
S100001491,37123,Carbohydrate,Aminosugar Metabolism,1451,FDJKUWYYUZCUJX-UHFFFAOYSA-N,OC(C1(O)OC(C(NC(CO)=O)C(C1)O)C(C(CO)O)O)=O,N-glycolylneuraminate,N-glycolylneuraminate,1113-83-3,3794850,HMDB0000833,C03410,123802
S100001501,35160,Lipid,"Fatty Acid Metabolism (Acyl Carnitine, Monounsaturated)",1903,IPOLTUVFXFHAHI-WHIOSMTNSA-N,[O-]C(C[C@@H](OC(CCCCCCC/C=C\CCCCCCCC)=O)C[N+](C)(C)C)=O,oleoylcarnitine (C18:1),oleoylcarnitine (C18:1),38677-66-6,21403150,HMDB0005065,,6441392
S100001502,37092,Peptide,Gamma-glutamyl Amino Acid,665,FUZOZPRKGAXGOB-UHFFFAOYSA-N,O=C(O)C(CCC(NC(CC)C(O)=O)=O)N,gamma-glutamyl-2-aminobutyrate,gamma-glutamyl-2-aminobutyrate,16869-42-4,21403151,,,
S100001509,45095,Amino Acid,"Leucine, Isoleucine and Valine Metabolism",402,IHCPDBBYTYJYIL-UHFFFAOYSA-N,CCC(C)C(OC(CC([O-])=O)C[N+](C)(C)C)=O,2-methylbutyrylcarnitine (C5),2-methylbutyrylcarnitine (C5),31023-25-3,4932320,HMDB0000378,,6426901
S100001510,32553,Amino Acid,Tyrosine Metabolism,195,CTYRPMDGLDAWRQ-UHFFFAOYSA-N,OS(OC1=CC=CC=C1)(=O)=O,phenol sulfate,phenol sulfate,937-34-8,67018,HMDB0060015,C02180,74426
S100001511,33230,Lipid,Lysophospholipid,2619,LFUDDCMNKWEORN-KHPPLWFESA-N,O=P(OCC[N+](C)(C)C)([O-])OCC(O)COC(CCCCCCC/C=C\CCCCCC)=O,1-palmitoleoyl-GPC (16:1)*,1-palmitoleoyl-GPC* (16:1)*,,21403152,HMDB0010383,,24779461
S100001526,37059,Lipid,Fatty Acid Synthesis,1488,ZGNBLKBZJBJFDG-UHFFFAOYSA-N,O=C(CC(O)=O)OC(CC([O-])=O)C[N+](C)(C)C,malonylcarnitine,malonylcarnitine,853728-01-5,21403153,HMDB0002095,,22833583
S100001527,35436,Lipid,Fatty Acid Metabolism (Acyl Glycine),1822,UPCKIPHSXMXJOX-UHFFFAOYSA-N,O=C(O)CNC(CCCCC)=O,hexanoylglycine,hexanoylglycine (C6),24003-67-6,89859,HMDB0000701,,99463
S100001531,57549,Nucleotide,"Pyrimidine Metabolism, Uracil containing",4256,PHENTZNALBMCQD-UHFFFAOYSA-N,CC(CNC(N)=O)C(O)=O,3-ureidoisobutyrate,3-ureidoisobutyrate,2905-86-4,141172,HMDB0002031,C05100,160663
S100001540,46225,Partially Characterized Molecules,Partially Characterized Molecules,6475,NPWMTBZSRRLQNJ-UHFFFAOYSA-N,O=C(CCC1N)NC1=O,glutamine_degradant*,glutamine_degradant*,2353-44-8,,,,
S100001541,36746,Amino Acid,"Leucine, Isoleucine and Valine Metabolism",400,RILPIWOPNGRASR-UHFFFAOYSA-N,O=C(C(C(CC)C)O)O,2-hydroxy-3-methylvalerate,2-hydroxy-3-methylvalerate,488-15-3,144317,HMDB0000317,,164623
S100001550,33009,Xenobiotics,Food Component/Plant,4954,XULZWQRXYTVUTE-ZETCQYMHSA-N,C[N+]1(C)[C@@H](CCCC1)[C@]([O-])=O,homostachydrine*,homostachydrine*,1195-94-4,390180,HMDB0033433,C08283,441447
S100001551,33228,Lipid,Lysophospholipid,2652,LAXQYRRMGGEGOH-JXRLJXCWSA-N,C[N+](C)(C)CCOP(OC[C@@](O)([H])COC(CCC\C=C/C\C=C/C/C=C\C/C=C\CCCCC)=O)([O-])=O,1-arachidonoyl-GPC (20:4n6)*,1-arachidonoyl-GPC* (20:4)*,,21403155,HMDB0010395,C05208,24779476
S100001552,33821,Lipid,Lysophospholipid,2647,BBNHCUBQEQJHIG-FZZJNMCHSA-N,C[N+](C)(C)CCOP(OC[C@@](O)([H])COC(CCCCCC\C=C/C/C=C\C/C=C\CCCCC)=O)([O-])=O,1-dihomo-linolenoyl-GPC (20:3n3 or 6)*,1-eicosatrienoyl-GPC* (20:3)*,,21403156,HMDB0010394,,52924055
S100001553,33871,Lipid,Lysophospholipid,2646,YYQVCMMXPIJVHY-ZOIJLGJPSA-N,C[N+](C)(C)CCOP(OC[C@@](O)([H])COC(CCCCCCCCC/C=C\C/C=C\CCCCC)=O)([O-])=O,1-dihomo-linoleoyl-GPC (20:2)*,1-eicosadienoyl-GPC* (20:2)*,,21403157,HMDB0010392,,
S100001561,47118,Lipid,Lysophospholipid,2620,GKXPPJQBVCKAGD-DJYGDJEFSA-N,OC[C@](OC(CCCCCCCC/C=C\CCCCC)=O)([H])COP(OCC[N+](C)(C)C)([O-])=O,2-palmitoleoyl-GPC (16:1)*,2-palmitoleoyl-GPC* (16:1)*,,21403164,HMDB10383,,122164832
S100001562,35253,Lipid,Lysophospholipid,2618,NEGQHKSYEYVFTD-HSZRJFAPSA-N,OC[C@](OC(CCCCCCCCCCCCCCC)=O)([H])COP(OCC[N+](C)(C)C)([O-])=O,2-palmitoyl-GPC (16:0)*,2-palmitoyl-GPC* (16:0)*,,21403165,HMDB0061702,,15061532
S100001563,35626,Lipid,Lysophospholipid,2613,IGZPHNNYPPAPLA-OAQYLSRUSA-N,OC[C@](OC(CCCCCCCCCCCCC)=O)([H])COP(OCC[N+](C)(C)C)([O-])=O,2-myristoyl-GPC (14:0)*,2-myristoyl-GPC* (14:0)*,,21403166,HMDB0010379,,460604
S100001566,33822,Lipid,Lysophospholipid,2662,LSOWKZULVQWMLY-FQPBCZPISA-N,C[N+](C)(C)CCOP(OC[C@](O)([H])COC(CC\C=C/C/C=C\C/C=C\C/C=C\C/C=C\C/C=C\CC)=O)([O-])=O,1-docosahexaenoyl-GPC (22:6)*,1-docosahexaenoyl-GPC* (22:6)*,,21403169,HMDB0010404,,10415542
S100001567,35631,Lipid,Lysophospholipid,2679,YVYMBNSKXOXSKW-HXUWFJFHSA-N,O=P(OCC[NH3+])([O-])OC[C@H](O)COC(CCCCCCCCCCCCCCC)=O,1-palmitoyl-GPE (16:0),1-palmitoyl-GPE (16:0),53862-35-4,7826019,HMDB0011503,,9547069
S100001569,35628,Lipid,Lysophospholipid,2688,PYVRVRFVLRNJLY-MZMPXXGTSA-N,O=P(OCC[NH3+])([O-])OC[C@H](O)COC(CCCCCCC\C=C/CCCCCCCC)=O,1-oleoyl-GPE (18:1),1-oleoyl-GPE (18:1),89576-29-4,7826021,HMDB0011506,,9547071
S100001570,36600,Lipid,Lysophospholipid,2690,DBHKHNGBVGWQJE-HZJYTTRNSA-N,O=P(OCC(O)COC(CCCCCCC/C=C\C/C=C\CCCCC)=O)(O)OCCN,1-linoleoyl-GPE (18:2)*,1-linoleoyl-GPE (18:2)*,,21403170,HMDB0011507,,52925130
S100001571,35186,Lipid,Lysophospholipid,2703,ROPRRXYVXLDXQO-XSQXPFHXSA-N,NCCOP(OC[C@@](O)([H])COC(CCC\C=C/C\C=C/C/C=C\C/C=C\CCCCC)=O)(O)=O,1-arachidonoyl-GPE (20:4n6)*,1-arachidonoyl-GPE (20:4n6)*,,21403171,HMDB0011517,,42607465
S100001579,35675,Lipid,"Fatty Acid, Monohydroxy",1985,JGHSBPIZNUXPLA-UHFFFAOYSA-N,O=C(O)C(O)CCCCCCCCCCCCCC,2-hydroxypalmitate,2-hydroxypalmitate,764-67-0,83805,HMDB0031057,,"12575964,92836,11065598"
S100001580,37478,Lipid,Long Chain Polyunsaturated Fatty Acid (n3 and n6),1593,AVKOENOBFIYBSA-WMPRHZDHSA-N,OC(CC/C=C\C/C=C\C/C=C\C/C=C\C/C=C\CCCCC)=O,docosapentaenoate (n6 DPA; 22:5n6),docosapentaenoate (n6 DPA; 22:5n6),25182-74-5,4945614,HMDB0001976,C16513,6441454
S100001581,35666,Amino Acid,"Leucine, Isoleucine and Valine Metabolism",347,XJODGRWDFZVTKW-LURJTMIESA-N,OC([C@H](CC(C)C)NC)=O,N-methylleucine,N-methylleucine,66866-69-1,2058259,,,2777993
S100001586,46957,Cofactors and Vitamins,Ascorbate and Aldarate Metabolism,4377,RGHNJXZEOKUKBD-NRXMZTRTSA-N,OC([C@H](O)[C@H](O)[C@H](O)[C@@H](O)CO)=O,gulonate*,gulonate*,20246-53-1,7969943,HMDB0003290,C00800,152304
S100001590,35437,Amino Acid,"Leucine, Isoleucine and Valine Metabolism",432,DCICDMMXFIELDF-UHFFFAOYSA-N,O=C(O)CNC(C(C)C)=O,isobutyrylglycine,isobutyrylglycine (C4),15926-18-8,9030891,HMDB0000730,,10855600
S100001591,35434,Xenobiotics,Benzoate Metabolism,4581,YEIQSAXUPKPPBN-UHFFFAOYSA-N,O=C(O)CNC(CCC1=CC=CC=C1)=O,phenylpropionylglycine,phenylpropionylglycine,56613-60-6,134261,HMDB0000860,,152323
S100001593,44664,Amino Acid,Lysine Metabolism,129,NXJAXUYOQLTISD-UHFFFAOYSA-N,[O-]C(CC(C[N+](C)(C)C)OC(CCCC(O)=O)=O)=O,glutarylcarnitine (C5-DC),glutarylcarnitine (C5-DC),102636-82-8,21403175,HMDB0013130,,71317118
S100001594,35433,Amino Acid,"Leucine, Isoleucine and Valine Metabolism",369,IGLHHSKNBDXCEY-UHFFFAOYSA-N,[O-]C(CC(C[N+](C)(C)C)OC(CC(O)(C)C)=O)=O,beta-hydroxyisovaleroylcarnitine,beta-hydroxyisovaleroylcarnitine,99159-87-2,21403176,,,
S100001597,35428,Amino Acid,"Leucine, Isoleucine and Valine Metabolism",405,WURBQCVBQNMUQT-RMKNXTFCSA-N,[O-]C(CC(C[N+](C)(C)C)OC(/C(C)=C/C)=O)=O,tiglylcarnitine (C5:1-DC),tiglyl carnitine (C5),64191-86-2,17216200,HMDB0002366,,22833596
S100001604,35322,Xenobiotics,Drug - Topical Agents,5987,FPXPQMOQWJZYBL-UHFFFAOYSA-N,OC1=CC=C(C=C1)OS(=O)(O)=O,hydroquinone sulfate,hydroquinone sulfate,123-31-9,141624,HMDB0240263,C00530,161220
S100001605,35320,Xenobiotics,Benzoate Metabolism,4519,MZPWKJZDOCIALD-UHFFFAOYSA-N,O=S(OC1=C(O)C=CC=C1)(O)=O,catechol sulfate,catechol sulfate,4918-96-1,2341024,HMDB0059724,,3083879
S100001606,35324,Lipid,Sterol,3212,BHYOQNUELFTYRT-UHFFFAOYSA-N,CC1(C2C(C)CCCC(C)C)C(CC2)C(CC=C3C4(CCC(OS(=O)(O)=O)C3)C)C4CC1,cholesterol sulfate,cholesterol sulfate,2864-50-8,4371550,HMDB00653,C18043,65076
S100001609,36776,Lipid,Sterol,3225,SATGKQGFUDXGAX-MYWFJNCASA-N,O=C(C(CCC[C@H]([C@H]1CC[C@H]2[C@H]3[C@@H]([C@]4(C)C(C[C@H]3O)=CC(CC4)=O)CC[C@@]21C)C)C)O,7alpha-hydroxy-3-oxo-4-cholestenoate (7-Hoca),7-HOCA,115538-85-7,2338765,HMDB0012458,C17337,3081085
S100001612,35665,Amino Acid,Glutamate Metabolism,57,OPVPGKGADVGKTG-UHFFFAOYSA-N,CC(NC(C(NC(CCC(O)=O)C(O)=O)=O)CC(O)=O)=O,N-acetyl-aspartyl-glutamate (NAAG),N-acetyl-aspartyl-glutamate (NAAG),3106-85-2,5065,HMDB0001067,C12270,188803
S100001613,35669,Lipid,"Fatty Acid, Dicarboxylate",1708,HQHCYKULIHKCEB-UHFFFAOYSA-N,O=C(O)CCCCCCCCCCCCC(O)=O,tetradecanedioate (C14-DC),tetradecanedioate (C14),821-38-5,12630,HMDB0000872,,13185
S100001614,35678,Lipid,"Fatty Acid, Dicarboxylate",1712,QQHJDPROMQRDLA-UHFFFAOYSA-N,O=C(O)CCCCCCCCCCCCCCC(O)=O,hexadecanedioate (C16-DC),hexadecanedioate (C16),505-54-4,10027,HMDB0000672,C19615,10459
S100001615,36754,Lipid,"Fatty Acid, Dicarboxylate",1715,BNJOQKFENDDGSC-UHFFFAOYSA-N,O=C(O)CCCCCCCCCCCCCCCCC(O)=O,octadecanedioate (C18-DC),octadecanedioate (C18),871-70-5,63283,HMDB0000782,,70095
S100001617,42395,Lipid,"Fatty Acid, Dicarboxylate",1700,LWBHHRRTOZQPDM-UHFFFAOYSA-N,O=C(O)CCCCCCCCCC(O)=O,undecanedioate (C11-DC),undecanedioate (C11-DC),1852-04-6,15037,HMDB0000888,,15816
S100001619,48857,Lipid,Glycerolipid Metabolism,2865,LLCSXHMJULHSJN-UHFFFAOYSA-N,OC(CO)COP(O)(OCC(CO)O)=O,glycerophosphoglycerol,glycerophosphoglycerol,,388990,HMDB0240316,C03274,54575349
S100001620,37455,Lipid,Phospholipid Metabolism,2257,JZNWSCPGTDBMEW-UHFFFAOYSA-N,O=P(OCCN)(O)OCC(CO)O,glycerophosphoethanolamine,glycerophosphoethanolamine,33049-08-0,110410,HMDB0000114,C01233,123874
S100001621,52307,Lipid,Phospholipid Metabolism,2259,BMVUIWJCUQSHLZ-GFSNQTMESA-N,[H]C(C(O)(C(O)([C@](O)1[H])[H])[H])([C@@](OP(O)(OC[C@@]([H])(CO)O)=O)([C@]1(O)[H])[H])O,glycerophosphoinositol*,glycerophosphoinositol*,16824-65-0,,,,167572
S100001623,35634,Xenobiotics,Benzoate Metabolism,4561,CJBDUOMQLFKVQC-UHFFFAOYSA-N,OC1=C(C=CC=C1)CCC(O)=O,3-(2-hydroxyphenyl)propionate,3-(2-hydroxyphenyl)propionate,495-78-3,850,HMDB0033752,C01198,6930705
S100001624,35635,Xenobiotics,Benzoate Metabolism,4592,QVWAEZJXDYOKEH-UHFFFAOYSA-N,O=C(CCC1=CC(O)=CC=C1)O,3-(3-hydroxyphenyl)propionate,3-(3-hydroxyphenyl)propionate,621-54-5,89,HMDB0000375,C11457,91
S100001635,35651,Xenobiotics,Chemical,6177,WQXNXVUDBPYKBA-YFKPBYRVSA-N,O=[C@](O)[C@H]1N=C(C)NCC1,ectoine,ectoine,96702-03-3,112069,HMDB0240650,C06231,126041
S100001643,35659,Xenobiotics,Food Component/Plant,4968,ZNJFBWYDHIGLCU-HWKXXFMVSA-N,O=C(O)C[C@@H](CCC1=O)[C@H]1C/C=C\CC,jasmonic acid,jasmonic acid,77026-92-7,4444606,HMDB0032797,C08491,5281166
S100001654,34214,Lipid,Lysophospholipid,2748,LXUGKKVCSTYZFK-OSKOXSHBSA-N,[H]C(C(O)(C(O)([C@](O)1[H])[H])[H])([C@@](OP(O)(OC[C@@]([H])(COC(CCC/C=C\C/C=C\C/C=C\C/C=C\CCCCC)=O)O)=O)([C@]1(O)[H])[H])O,1-arachidonoyl-GPI (20:4)*,1-arachidonoyl-GPI* (20:4)*,,,HMDB0061690,,121596217
S100001655,35305,Lipid,Lysophospholipid,2734,UOXRPRZMAROFPH-AQFLIPHUSA-N,[H]C(C(O)(C(O)([C@](O)1[H])[H])[H])([C@@](OP(O)(OC[C@@]([H])(COC(CCCCCCCCCCCCCCC)=O)O)=O)([C@]1(O)[H])[H])O,1-palmitoyl-GPI (16:0),1-palmitoyl-GPI* (16:0),,,HMDB0061695,,71296207
S100001658,36850,Lipid,Secondary Bile Acid Metabolism,3521,HSNPMXROZIQAQD-VUIPEFFGSA-N,C[C@@]([C@]([C@@](CC1)([H])[C@@]2([H])[C@](CC3)(C)[C@]1([H])C[C@@H]3OS(=O)(O)=O)(CC4)[H])(CC2)[C@]4([H])[C@H](C)CCC(NCCS(O)(=O)=O)=O,taurolithocholate 3-sulfate,taurolithocholate 3-sulfate,64936-83-0,389078,HMDB0002580,C03642,440071
S100001662,36747,Lipid,Carnitine Metabolism,1948,JHPNVNIEXXLNTR-UHFFFAOYSA-N,C[N+](C)(C)CCCC([O-])=O,deoxycarnitine,deoxycarnitine,6249-56-5,705,HMDB0001161,C01181,22620
S100001664,48130,Nucleotide,"Purine Metabolism, Adenine containing",4193,VKGZCEJTCKHMRL-UHFFFAOYSA-N,OCC(O1)C(O)C(O)C1N2C=NC3=C(NC(CC(O)=O)C(O)=O)N=CN=C32,N6-succinyladenosine,N6-succinyladenosine,4542-23-8,,HMDB0000912,,165243
S100001668,61868,Amino Acid,Histidine Metabolism,98,AHPWEWASPTZMEK-UHFFFAOYSA-N,OCC(O1)C(O)C(O)C1N2C=NC(CC(O)=O)=C2,1-ribosyl-imidazoleacetate*,1-ribosyl-imidazoleacetate*,29605-99-0,4292299,HMDB0002331,C05131,440569
S100001723,37073,Lipid,"Fatty Acid, Monohydroxy",1975,NYHNVHGFPZAZGA-UHFFFAOYSA-N,O=C(C(CCCC)O)O,alpha-hydroxycaproate,alpha-hydroxycaproate,6064-63-7,90191,HMDB0001624,,99824
S100001730,62952,Lipid,"Fatty Acid, Dihydroxy",2054,DZAIOXUZHHTJKN-UHFFFAOYSA-N,O=C(CC(CO)O)O,"3,4-dihydroxybutyrate","3,4-dihydroxybutyrate",51267-44-8,,HMDB0000337,,150929
S100001731,42087,Amino Acid,Tryptophan Metabolism,312,DVJIJAYHBZALOJ-UHFFFAOYSA-N,O=C(NC(CCC(N)=O)C(O)=O)CC1=CNC2=C1C=CC=C2,indoleacetylglutamine,indoleacetylglutamine,,,HMDB0013240,,25200879
S100001733,54907,Lipid,Fatty Acid Metabolism (Acyl Glutamine),1798,NONGMLDQXRDGIT-UHFFFAOYSA-N,O=C(CCCCC)NC(CCC(N)=O)C(O)=O,hexanoylglutamine,hexanoylglutamine,,,,,
S100001734,36752,Amino Acid,Lysine Metabolism,109,DTERQYGMUDWYAZ-ZETCQYMHSA-N,N[C@@H](CCCCNC(C)=O)C(O)=O,N6-acetyllysine,N6-acetyllysine,692-04-6,83801,HMDB0000206,C02727,92832
S100001739,35718,Lipid,Long Chain Polyunsaturated Fatty Acid (n3 and n6),1589,AHANXAKGNAKFSK-PDBXOOCHSA-N,CC\C=C/C\C=C/C\C=C/CCCCCCCCCC(O)=O,dihomo-linolenate (20:3n3 or n6),dihomolinolenate (20:3n3 or 3n6),17046-59-2,4471954,HMDB0002925,C03242,5280581
S100001740,46142,Carbohydrate,"Fructose, Mannose and Galactose Metabolism",1368,FBPFZTCFMRRESA-UHFFFAOYSA-N,OCC(O)C(O)C(O)C(O)CO,mannitol/sorbitol,mannitol/sorbitol,,440,"HMDB0000247,HMDB0000765","C00392,C00794","5780,6251"
S100001743,37097,Amino Acid,Tryptophan Metabolism,269,AOHCBEAZXHZMOR-ZDUSSCGKSA-N,O=C([O-])[C@@H]([N@+](C)(C)C)CC1=CNC2=C1C=CC=C2,tryptophan betaine,tryptophan betaine,20671-76-5,390633,HMDB0061115,C09213,442106
S100001755,36098,Xenobiotics,Benzoate Metabolism,4546,IETVQHUKTKKBFF-UHFFFAOYSA-N,O=S(OC1=CC=C(C=C)C=C1)(O)=O,4-vinylphenol sulfate,4-vinylphenol sulfate,2628-17-3,4932200,HMDB0062775,C05627,6426766
S100001756,36099,Xenobiotics,Benzoate Metabolism,4544,DWZGLEPNCRFCEP-UHFFFAOYSA-N,O=S(OC1=CC=C(CC)C=C1)(O)=O,4-ethylphenylsulfate,4-ethylphenyl sulfate,123-07-9,,HMDB0062551,C13637,20822574
S100001757,36095,Xenobiotics,Food Component/Plant,5099,NODSEPOUFZPJEQ-UHFFFAOYSA-N,CC(C)C1=CC=C(C)C=C1OS(=O)(O)=O,thymol sulfate,thymol sulfate,89-83-8,10709958,HMDB0062720,C09908,12456386
S100001767,48428,Xenobiotics,Food Component/Plant,5139,VTYFITADLSVOAS-UHFFFAOYSA-N,NC(C(O)=O)CCCCN1C(C=O)=CC=C1CO,pyrraline,pyrraline,74509-14-1,19980286,HMDB0033143,C21013,14274616
S100001768,36713,Carbohydrate,Advanced Glycation End-product,1452,NUXSIDPKKIEIMI-UHFFFAOYSA-N,OC(CNCCCCC(C(O)=O)N)=O,N6-carboxymethyllysine,N6-carboxymethyllysine,5746-04-3,11217184,HMDB0240347,,123800
S100001769,37458,Amino Acid,Lysine Metabolism,115,XCYPSOHOIAZISD-UHFFFAOYSA-N,OC(C(C)NCCCCC(C(O)=O)N)=O,N6-carboxyethyllysine,N6-carboxyethyllysine,5746-03-2,11312319,,,23400779
S100001777,36602,Lipid,Lysophospholipid,2740,UGDOFRYHDCDVHD-JCASDCETSA-N,[H]C(C(O)(C(O)([C@](O)1[H])[H])[H])([C@@](OP(O)(OC[C@@]([H])(COC(CCCCCCC/C=C\CCCCCCCC)=O)O)=O)([C@]1(O)[H])[H])O,1-oleoyl-GPI (18:1),1-oleoyl-GPI (18:1),,,HMDB0061693,,86289645
S100001778,36594,Lipid,Lysophospholipid,2742,SAHCQBPGXQFTRA-WNOZMNFTSA-N,[H]C(C(O)(C(O)([C@](O)1[H])[H])[H])([C@@](OP(O)(OC[C@@]([H])(COC(CCCCCCC/C=C\C/C=C\CCCCC)=O)O)=O)([C@]1(O)[H])[H])O,1-linoleoyl-GPI (18:2)*,1-linoleoyl-GPI* (18:2)*,,,HMDB0240597,,11124828
S100001806,36845,Xenobiotics,Benzoate Metabolism,4580,CYGSXDXRHXMAOV-UHFFFAOYSA-N,O=S(OC1=CC=CC=C1C)(O)=O,o-cresol sulfate,o-cresol sulfate,,9790277,HMDB0011635,,11615528
S100001808,36848,Xenobiotics,Benzoate Metabolism,4542,DMIBREBMNWKSQY-UHFFFAOYSA-N,O=S(OC1=CC(CC)=CC=C1)(O)=O,3-ethylphenylsulfate,3-ethylphenylsulfate,,,HMDB0062721,C14386,86290012
S100001809,36847,Xenobiotics,Benzoate Metabolism,4541,TXENPQZYQPWRAV-UHFFFAOYSA-N,O=S(OC1=C(CC)C=CC=C1)(O)=O,2-ethylphenylsulfate,2-ethylphenylsulfate,,,,,
S100001810,36808,Amino Acid,Urea cycle; Arginine and Proline Metabolism,505,YDGMGEXADBMOMJ-LURJTMIESA-N,N[C@@H](CCCNC(N(C)C)=N)C(O)=O,dimethylarginine (SDMA + ADMA),dimethylarginine (ADMA + SDMA),102783-24-4,110375,"HMDB0003334,HMDB0001539","C21189,C03626","123831,169148"
S100001823,37069,Amino Acid,Alanine and Aspartate Metabolism,32,GDFAOVXKHJXLEI-VKHMYHEASA-N,C[C@H](NC)C(O)=O,N-methylalanine,N-methylalanine,600-21-5,4450824,HMDB0094692,C02721,4377
S100001843,37063,Peptide,Gamma-glutamyl Amino Acid,647,WQXXXVRAFAKQJM-WHFBIAKZSA-N,C[C@H](NC(CC[C@H](N)C(O)=O)=O)C(O)=O,gamma-glutamylalanine,gamma-glutamylalanine,5875-41-2,389104,HMDB0029142,C03738,440103
S100001851,37076,Amino Acid,"Glycine, Serine and Threonine Metabolism",11,JJIHLJJYMXLCOY-BYPYZUCNSA-N,OC[C@@H](C(O)=O)NC(C)=O,N-acetylserine,N-acetylserine,97-14-3,58744,HMDB0002931,,65249
S100001853,37081,Nucleotide,"Purine Metabolism, Guanine containing",4212,XMSMHKMPBNTBOD-UHFFFAOYSA-N,O=C(NC(N(C)C)=N1)C2=C1NC=N2,"N2,N2-dimethylguanine","N2,N2-dimethylguanine",1445-15-4,66666,,,135418794
S100001856,42448,Lipid,Phosphatidylethanolamine (PE),2442,JQKOHRZNEOQNJE-AYBNWLFXSA-N,O=C(CCCCCCC/C=C/CCCCCCCC)O[C@@H](COP(OCCN)(O)=O)COC(CCCCCCCCCCCCCCCCC)=O,1-stearoyl-2-oleoyl-GPE (18:0/18:1),1-stearoyl-2-oleoyl-GPE (18:0/18:1),,,HMDB0008993,,9546742
S100001859,37112,Lipid,Inositol Metabolism,2219,CDAISMWEOUEBRE-LKPKBOIGSA-N,O[C@@H]1[C@@H](O)[C@H](O)[C@@H](O)[C@@H](O)[C@@H]1O,chiro-inositol,chiro-inositol,643-12-9,10254647,HMDB0240209,C19891,
S100001866,52623,Lipid,Phosphatidylglycerol (PG),2544,ZEFGRNLJASLRBZ-GXFQOPFSSA-N,O=P(OCC(O)CO)(O)OC[C@H](OC(CCCCCCC/C=C\CCCCCCCC)=O)COC(CCCCCCCCCCCCCCCCC)=O,1-stearoyl-2-oleoyl-GPG (18:0/18:1),1-stearoyl-2-oleoyl-GPG (18:0/18:1),322647-48-3,,HMDB0010604,,24779551
S100001868,37181,Xenobiotics,Food Component/Plant,5110,KFDHKOFCRYUXLA-UHFFFAOYSA-N,C=CCC1=CC=C(OS(=O)(O)=O)C=C1,4-allylphenol sulfate,4-allylphenol sulfate,,,,,66633409
S100001869,42450,Lipid,Phosphatidylcholine (PC),2350,PSVRFUPOQYJOOZ-QNPWAGBNSA-N,C[N+](C)(CCOP([O-])(OC[C@@]([H])(COC(CCCCCCCCCCCCCCCCC)=O)OC(CCC/C=C\C/C=C\C/C=C\C/C=C\CCCCC)=O)=O)C,1-stearoyl-2-arachidonoyl-GPC (18:0/20:4),1-stearoyl-2-arachidonoyl-GPC (18:0/20:4),35418-59-8,17347139,HMDB0008048,,16219824
S100001870,42449,Lipid,Phosphatidylethanolamine (PE),2427,HBZNVZIRJWODIB-NHCUFCNUSA-N,O=C(CCCCCCC/C=C\C/C=C\CCCCC)O[C@@H](COP(OCCN)(O)=O)COC(CCCCCCCCCCCCCCC)=O,1-palmitoyl-2-linoleoyl-GPE (16:0/18:2),1-palmitoyl-2-linoleoyl-GPE (16:0/18:2),,7825697,HMDB0005322,,9546747
S100001876,52605,Lipid,Sphingolipid Synthesis,3019,YHEDRJPUIRMZMP-UHFFFAOYSA-N,OP(O)(OCC(C(CCCCCCCCCCCCCCC)O)N)=O,sphinganine-1-phosphate,sphinganine-1-phosphate,19794-97-9,505,HMDB0001383,,520
S100001882,52234,Lipid,Hexosylceramides (HCER),3077,YMYQEDCYNANIPI-OQRGLTFYSA-N,OC1C(CO)OC(OC[C@H](NC(CCCCCCCCCCCCCCCCC)=O)[C@H](O)/C=C/CCCCCCCCCCCCC)C(O)C1O,glycosyl-N-stearoyl-sphingosine (d18:1/18:0),glycosyl-N-stearoyl-sphingosine (d18:1/18:0),,,,,
S100001925,37104,Peptide,Dipeptide,777,SZJNCZMRZAUNQT-IUCAKERBSA-N,O=C(N[C@H]1CC(C)C)[C@H]2N(CCC2)C1=O,cyclo(leu-pro),cyclo(leu-pro),2873-36-1,5428292,HMDB0034276,,7074739
S100001946,37077,Peptide,Dipeptide,760,OWOHLURDBZHNGG-YFKPBYRVSA-N,O=C(NC1)[C@H](CCC2)N2C1=O,cyclo(gly-pro),cyclo(gly-pro),3705-27-9,112149,,,193540
S100001948,37058,Energy,TCA Cycle,1464,HAEVNYBCYZZDFL-UHFFFAOYSA-N,[O-]C(CC(C[N+](C)(C)C)OC(CCC(O)=O)=O)=O,succinylcarnitine (C4-DC),succinylcarnitine (C4-DC),256928-74-2,28639166,HMDB0061717,,71464481
S100001950,32586,Cofactors and Vitamins,Hemoglobin and Porphyrin Metabolism,4429,BPYKTIZUTYGOLE-VVCLLGATSA-N,CC(C(N/1)=O)=C(C=C)C1=C/C2=C(C)C(CCC(O)=O)=C(CC3=C(CCC(O)=O)C(C)=C(/C=C4NC(C(C=C)=C\4C)=O)N3)N2,"bilirubin (E,E)*","bilirubin (E,E)*",,4474753,HMDB0240584,,129320511
S100001956,37431,Amino Acid,Urea cycle; Arginine and Proline Metabolism,525,CWLQUGTUXBXTLF-UHFFFAOYSA-N,O=C(O)C1N(C)CCC1,N-methylproline,N-methylproline,475-11-6,541,HMDB0094696,,643474
S100001977,57591,Cofactors and Vitamins,Vitamin A Metabolism,4455,DMASLKHVQRHNES-QQGJMDNJSA-N,CC1=C(/C=C/C(C)=C/C=C/C(C)=C/C=C/C=C(C)/C=C/C=C(C)/C=C/C2=C(C)CCCC2(C)C)C(C)(C)CC(O)C1,beta-cryptoxanthin,beta-cryptoxanthin,472-70-8,4904571,HMDB0033844,C08591,5281235
S100001990,32807,Lipid,Secondary Bile Acid Metabolism,3555,OEDITLKCLMKBOM-UHFFFAOYSA-N,O=S(OC1CCC2(C)C(CCC3C2CCC4(C)C3CCC4C(CCC(NCCS(=O)(O)=O)=O)C)=C1)(O)=O,taurocholenate sulfate*,taurocholenate sulfate*,,,,,
S100002009,37196,Lipid,Progestin Steroids,3290,NOGKXXMAHGCQBS-VNCHAANSSA-N,O[C@H]1CC[C@@]2(C)[C@](CCC3C2CC[C@@]4(C)C3CCC4C(C)OS(=O)(O)=O)([H])C1,"5alpha-pregnan-3beta,20beta-diol monosulfate (1)","5alpha-pregnan-3beta,20beta-diol monosulfate (1)",,,HMDB0240580,,
S100002060,44633,Lipid,Lysophospholipid,2714,XEVRBOQZSXWGQO-FJXNLOIUSA-N,NCCOP(OC[C@](O)([H])COC(CC\C=C/C/C=C\C/C=C\C/C=C\C/C=C\C/C=C\CC)=O)(O)=O,1-docosahexaenoyl-GPE (22:6)*,1-docosahexaenoyl-GPE (22:6)*,,,HMDB11496,,85333229
S100002070,37253,Lipid,"Fatty Acid, Dicarboxylate",1680,HWXBTNAVRSUOJR-UHFFFAOYSA-N,O=C(O)CCC(O)C(O)=O,2-hydroxyglutarate,2-hydroxyglutarate,40951-21-1,42,HMDB0059655,C02630,43
S100002102,37432,Nucleotide,"Pyrimidine Metabolism, Uracil containing",4260,LJLLAWRMBZNPMO-UHFFFAOYSA-N,CC(NCCC(O)=O)=O,N-acetyl-beta-alanine,N-acetyl-beta-alanine,3025-95-4,68881,HMDB0061880,C01073,76406
S100002103,62100,Amino Acid,"Methionine, Cysteine, SAM and Taurine Metabolism",453,OLVVOVIFTBSBBH-UHFFFAOYSA-N,OC1C(O)C(O)C(CSC)O1,5-methylthioribose**,5-methylthioribose**,23656-67-9,480,HMDB0001087,,6419710
S100002106,37529,Lipid,Sphingomyelins,3138,NBEADXWAAWCCDG-QDDWGVBQSA-N,O=C(CCCCCCC/C=C\CCCCCCCC)N[C@@](COP([O-])(OCC[N+](C)(C)C)=O)([C@](O)(/C=C/CCCCCCCCCCCCC)[H])[H],"sphingomyelin (d18:1/18:1, d18:2/18:0)","sphingomyelin (d18:1/18:1, d18:2/18:0)",108392-10-5,4947837,HMDB0012101,,6443882
S100002107,37506,Lipid,Sphingomyelins,3122,RWKUXQNLWDTSLO-GWQJGLRPSA-N,CCCCCCCCCCCCCCCC(N[C@@](COP([O-])(OCC[N+](C)(C)C)=O)([C@](O)(/C=C/CCCCCCCCCCCCC)[H])[H])=O,palmitoyl sphingomyelin (d18:1/16:0),palmitoyl sphingomyelin (d18:1/16:0),6254-89-3,8115562,HMDB0010169,,9939941
S100002113,37443,Amino Acid,"Methionine, Cysteine, SAM and Taurine Metabolism",474,ADVPTQAUNPRNPO-UHFFFAOYSA-N,O=C(C(CS(O)=O)N)O,cysteine sulfinic acid,cysteine sulfinic acid,207121-48-0,107,HMDB0000996,C00606,109
S100002122,39600,Xenobiotics,Benzoate Metabolism,4488,XDOFWFNMYJRHEW-UHFFFAOYSA-N,O=C(C1=CC=CC(O)=C1)NCC(O)=O,3-hydroxyhippurate,3-hydroxyhippurate,1637-75-8,396603,HMDB0006116,,450268
S100002129,38170,Lipid,Pregnenolone Steroids,3262,DIJBBUIOWGGQOP-QGVNFLHTSA-N,C[C@]12CC[C@H](OS(=O)(O)=O)CC1=CC[C@@]3([H])[C@]4([H])CC[C@H]([C@](C)=O)[C@](C)4CC[C@]23[H],pregnenolone sulfate,pregnenolone sulfate,1247-64-9,94802,HMDB0000774,C18044,105074
S100002154,37459,Xenobiotics,Food Component/Plant,4914,SSISHJJTAXXQAX-UHFFFAOYSA-N,S=C1NC(CC(C([O-])=O)[N+](C)(C)C)=CN1,ergothioneine,ergothioneine,58511-63-0,2297320,HMDB0003045,C05570,5351619
S100002167,37536,Lipid,Eicosanoid,2158,ZNHVWPKMFKADKW-VXBMJZGYSA-N,OC(CCC/C=C\C\C=C/C=C/C(C/C=C\CCCCC)O)=O,12-HETE,12-HETE,"73837-14-6,71030-37-0",21509475,HMDB0006111,C14777,5283155
S100002171,37419,Lipid,Lysophospholipid,2685,RVNBVQKDPQVSOY-NRFANRHFSA-N,O=P(OCCN)(O)OC[C@@H](O)COC(CCCCCCCCCCCCCCCC)=O,1-margaroyl-GPE (17:0)*,1-margaroyl-GPE (17:0)*,,,HMDB0061691,,52925149
S100002173,37418,Lipid,Lysophospholipid,2616,RJZVWDTYEWCUAR-QFIPXVFZSA-N,O=P(OCC[N+](C)(C)C)([O-])OC[C@@H](O)COC(CCCCCCCCCCCCCC)=O,1-pentadecanoyl-GPC (15:0)*,1-pentadecanoyl-GPC (15:0)*,,,HMDB0010381,,24779458
S100002183,38127,Amino Acid,"Methionine, Cysteine, SAM and Taurine Metabolism",444,YDBYJHTYSHBBAU-UHFFFAOYSA-N,NC(CC[S+](C)C)C([O-])=O,S-methylmethionine,S-methylmethionine,3493-12-7,8351775,HMDB0038670,C05319,458
S100002185,38116,Amino Acid,Tryptophan Metabolism,321,KMAKOBLIOCQGJP-UHFFFAOYSA-N,O=C(C1=CNC2=C1C=CC=C2)O,indole-3-carboxylate,indole-3-carboxylate,771-50-6,,HMDB0003320,C19837,69867
S100002196,37752,Lipid,"Fatty Acid, Monohydroxy",2031,HNICUWMFWZBIFP-IRQZEAMPSA-N,OC(CCCCCCC/C=C\C=C\[C@H](CCCCC)O)=O,13-HODE + 9-HODE,13-HODE + 9-HODE,,,"HMDB0004670,HMDB0004667","C14767,C14762","5312830,5282945,1424,5282947,5282944"
S100002249,43530,Amino Acid,Lysine Metabolism,137,RMOIHHAKNOFHOE-UHFFFAOYSA-N,O=C(C)NCCCCCN,N-acetyl-cadaverine,N-acetyl-cadaverine,32343-73-0,,HMDB0002284,,10374713
S100002253,38637,Xenobiotics,Food Component/Plant,4874,YAADMLWHGMUGQL-VOTSOKGWSA-N,O=C(NCC(O)=O)/C=C/C1=CC=CC=C1,cinnamoylglycine,cinnamoylglycine,16534-24-0,618829,HMDB0011621,,709625
S100002254,38625,Lipid,Endocannabinoid,2180,OTGQIQQTPXJQRG-UHFFFAOYSA-N,OCCNC(CCCCCCCCCCCCCCCCC)=O,stearoyl ethanolamide,stearoyl ethanolamide,111-57-9,25958,HMDB0013078,,27902
S100002259,38178,Lipid,"Fatty Acid Metabolism (Acyl Carnitine, Monounsaturated)",1897,OQWOHRPOYAVIOK-KTKRTIGZSA-N,O=C([O-])CC(OC(CC/C=C\CCCCC)=O)C[N+](C)(C)C,cis-4-decenoylcarnitine (C10:1),cis-4-decenoylcarnitine (C10:1),98930-66-6,28639171,HMDB0013205,,57357170
S100002284,62950,Lipid,"Fatty Acid, Dihydroxy",2050,LOUGYXZSURQALL-GBXIJSLDSA-N,C[C@@H](O)[C@H](O)C(O)=O,"2S,3R-dihydroxybutyrate","2S,3R-dihydroxybutyrate",5057-93-2,9139682,HMDB0002453,,10964471
S100002300,38159,Nucleotide,"Pyrimidine Metabolism, Cytidine containing",4284,LUCHPKXVUGJYGU-XLPZGREQSA-N,O[C@H]1C[C@H](N2C=C(C)C(N)=NC2=O)O[C@@H]1CO,5-methyl-2'-deoxycytidine,5-methyl-2'-deoxycytidine,838-07-3,389065,HMDB0002224,C03592,440055
S100002356,38296,Lipid,"Fatty Acid, Branched",1665,YETXGSGCWODRAA-UHFFFAOYSA-N,OC(CCCCCCCCCCCCCCCC(C)C)=O,(16 or 17)-methylstearate (a19:0 or i19:0),(16 or 17)-methylstearate (a19:0 or i19:0),2724-59-6,2340933,HMDB0037397,,3083779
S100002367,63109,Lipid,"Fatty Acid, Dihydroxy",2051,LOUGYXZSURQALL-PWNYCUMCSA-N,OC([C@H](O)[C@H](O)C)=O,"2R,3R-dihydroxybutyrate","2R,3R-dihydroxybutyrate",759-06-8,17215960,HMDB0000498,,13120901
S100002397,62101,Amino Acid,Glutamate Metabolism,48,COJBGNAUUSNXHX-UHFFFAOYSA-N,NC(CCC(C(O)=O)=O)=O,alpha-ketoglutaramate*,alpha-ketoglutaramate*,18465-19-5,,HMDB0001552,C00940,48
S100002417,38276,Xenobiotics,Food Component/Plant,4793,JTEYKUFKXGDTEU-UHFFFAOYSA-N,OC(C(O)C(C)(O)C)=O,"2,3-dihydroxyisovalerate","2,3-dihydroxyisovalerate",1756-18-9,657,HMDB0012141,C04039,677
S100002458,57747,Amino Acid,"Leucine, Isoleucine and Valine Metabolism",372,WKRBKYFIJPGYQC-DUXPYHPUSA-N,OC(C/C(C)=C/C(O)=O)=O,3-methylglutaconate,3-methylglutaconate,5746-90-7,1267861,HMDB0000522,,1551553
S100002462,43582,Amino Acid,Lysine Metabolism,122,OWGKYELXGFKIHH-MYLOADSESA-N,O[C@@H]1[C@@H](O)[C@@H](O)[C@@H](CO)OC1OC(CCC(N)C(O)=O)CN,5-(galactosylhydroxy)-lysine,5-(galactosylhydroxy)-lysine,32448-36-5,,,,66995551
S100002466,62103,Amino Acid,Glutathione Metabolism,585,ZHRLECIZINSPKL-AKGZTFGVSA-N,OC(CNC(C(N)CSSC[C@@H](C(O)=O)N)=O)=O,cysteinylglycine disulfide*,cysteinylglycine disulfide*,70555-24-7,17215992,HMDB0000709,,22833544
S100002470,38077,Lipid,Lysophospholipid,2749,OJFNCVWSQAZLNM-WQHTYANMSA-N,[H]C(C(O)(C(O)([C@](O)1[H])[H])[H])([C@@](OP(O)(O[C@](COC(CCC/C=C\C/C=C\C/C=C\C/C=C\CCCCC)=O)(CO)[H])=O)([C@]1(O)[H])[H])O,2-arachidonoyl-GPI (20:4)*,2-arachidonoyl-GPI (20:4)*,,,,,
S100002528,46960,Xenobiotics,Chemical,6109,QAOWNCQODCNURD-UHFFFAOYSA-N,OS(O)(=O)=O,sulfate*,sulfate*,14808-79-8,1086,HMDB01448,C00059,5152822
S100002613,63061,Cofactors and Vitamins,Pantothenate and CoA Metabolism,4355,OTOIIPJYVQJATP-BYPYZUCNSA-N,OC([C@H](O)C(C)(C)CO)=O,pantoate,pantoate,470-29-1,388387,HMDB0240389,C00522,5289105
S100002619,53237,Carbohydrate,Pentose Metabolism,1304,HSNZZMHEPUFJNZ-SHUUEZRQSA-N,OCC([C@@H](O)[C@H](O)[C@H](O)[C@H](O)CO)=O,sedoheptulose,sedoheptulose,3019-74-7,4573620,HMDB0003219,C02076,5459879
S100002749,39592,Amino Acid,"Methionine, Cysteine, SAM and Taurine Metabolism",463,IDIDJDIHTAOVLG-VKHMYHEASA-N,OC([C@H](CSC)N)=O,S-methylcysteine,S-methylcysteine,1187-84-4,22826,HMDB0002108,,"24417,7058174,88180"
S100002769,57461,Amino Acid,Urea cycle; Arginine and Proline Metabolism,529,BMFMQGXDDJALKQ-BYPYZUCNSA-N,N=C(N)NCCC[C@H](O)C(O)=O,argininate*,argininate*,157-07-3,140984,HMDB0003148,,160437
S100002781,39779,Lipid,Corticosteroids,3320,FUFLCEKSBBHCMO-IWBQTIMDSA-N,O=C(C1[C@@]2(C)CC([C@]([C@@]([C@]2([H])CC1)([H])CC3)([H])[C@@](C3=C4)(C)CCC4=O)=O)CO,11-dehydrocorticosterone,11-dehydrocorticosterone,72-23-1,,HMDB0004029,C05490,6290
S100002784,55072,Amino Acid,Urea cycle; Arginine and Proline Metabolism,498,ARBHXJXXVVHMET-UHFFFAOYSA-N,OC(C(CCC/N=C(N)/N)=O)=O,2-oxoarginine*,2-oxoarginine*,3715-10-4,542,HMDB0004225,C03771,558
S100002806,38686,Xenobiotics,Drug - Neurological,5851,UGJMXCAKCUNAIE-UHFFFAOYSA-N,NCC1(CCCCC1)CC(O)=O,gabapentin,gabapentin,60142-96-3,3328,HMDB0005015,D00332,3446
S100002868,39792,Lipid,Lysophospholipid,2655,UIINDYGXBHJQHX-GDLZYMKVSA-N,CCCCCCCCCCCCCCCCCCCCCC(OC[C@H](COP([O-])(OCC[N+](C)(C)C)=O)O)=O,1-behenoyl-GPC (22:0),1-behenoyl-GPC (22:0),125146-65-8,,HMDB0010398,,24779479
S100002869,55070,Lipid,Lysophospholipid,2657,PAFOXYLFALKPOE-BKAVPCLVSA-N,CCCCCCCC/C=C\CCCCCCCCCCCC(OC[C@H](COP([O-])(OCC[N+](C)(C)C)=O)O)=O,1-erucoyl-GPC (22:1)*,1-erucoyl-GPC (22:1)*,,,HMDB0010399,,53480471
S100002871,52698,Lipid,Lysophospholipid,2658,ZOJBSSVHFSBHMP-JJJSWPRASA-N,CCCCC/C=C\C/C=C\C/C=C\C/C=C\CCCCCC(OC[C@H](COP([O-])(OCC[N+](C)(C)C)=O)O)=O,1-adrenoyl-GPC (22:4)*,1-adrenoyl-GPC (22:4)*,,,HMDB0010401,,52924039
S100002873,49617,Lipid,Lysophospholipid,2666,SKJMUADLQLZAGH-WJOKGBTCSA-N,CCCCCCCCCCCCCCCCCCCCCCCC(OC[C@H](COP([O-])(OCC[N+](C)(C)C)=O)O)=O,1-lignoceroyl-GPC (24:0),1-lignoceroyl-GPC (24:0),325171-59-3,24766539,HMDB0010405,,24779481
S100002874,55071,Lipid,Lysophospholipid,2668,GDXMCRNTFPQYOQ-RPUPUBLZSA-N,CCCCCCCC/C=C\CCCCCCCCCCCCCC(OC[C@H](COP([O-])(OCC[N+](C)(C)C)=O)O)=O,1-nervonoyl-GPC (24:1n9)*,1-nervonoyl-GPC (24:1n9)*,,,HMDB0010406,,53480477
S100002875,52474,Lipid,Lysoplasmalogen,2851,HTZINLFNXLXRBC-CQLBIITFSA-N,CCCCCCCCCCCCCC/C=C\OC[C@H](COP([O-])(OCC[N+](C)(C)C)=O)O,1-(1-enyl-palmitoyl)-GPC (P-16:0)*,1-(1-enyl-palmitoyl)-GPC (P-16:0)*,,9093054,HMDB0010407,,10917802
S100002910,62946,Amino Acid,Histidine Metabolism,94,UJCGYTCAMOHYCG-UHFFFAOYSA-N,O=C(O)CC1=CN=CN1C,1-methyl-5-imidazoleacetate,1-methyl-5-imidazoleacetate,4200-48-0,4954265,HMDB04988,,6451814
S100002912,39378,Lipid,Secondary Bile Acid Metabolism,3537,BHTRKEVKTKCXOH-BWIGJTJCSA-N,O=C(NCCS(=O)(O)=O)CC[C@@H](C)C1CC[C@@]2([H])[C@]3([H])[C@@H](O)CC4C[C@H](O)CC[C@]4(C)[C@@]3([H])CC[C@@]21C,tauroursodeoxycholate,tauroursodeoxycholate,14605-22-2,24539842,HMDB0000874,,9848818
S100002913,57573,Lipid,Secondary Bile Acid Metabolism,3565,BHQCQFFYRZLCQQ-QQODLWJBSA-N,C[C@@]12[C@](CCC2[C@H](C)CCC(O)=O)([H])[C@]3([H])[C@@H](O)C[C@]4([H])C[C@H](O)CC[C@]4(C)[C@@]3([H])C[C@@H]1O,ursocholate,ursocholate,2955-27-3,,HMDB0000917,C17644,122340
S100002914,39587,Xenobiotics,Benzoate Metabolism,4594,NMHMNPHRMNGLLB-UHFFFAOYSA-N,OC1=CC=C(CCC(O)=O)C=C1,3-(4-hydroxyphenyl)propionate,3-(4-hydroxyphenyl)propionate,501-97-3,9965,HMDB0002199,C01744,10394
S100002927,43378,Amino Acid,"Methionine, Cysteine, SAM and Taurine Metabolism",464,ZZLHPCSGGOGHFW-UHFFFAOYSA-N,NC(CS(C)=O)C(O)=O,S-methylcysteine sulfoxide,S-methylcysteine sulfoxide,6853-87-8,74136,HMDB0029432,,82142
S100002945,38768,Lipid,"Fatty Acid, Branched",1659,IIUXHTGBZYEGHI-UHFFFAOYSA-N,CC(CCCCCCCCCCCCCC(O)=O)C,(14 or 15)-methylpalmitate (a17:0 or i17:0),(14 or 15)-methylpalmitate (a17:0 or i17:0),,,HMDB0061859,C16995,"8181,17903417"
S100002951,39831,Lipid,"Fatty Acid, Dicarboxylate",1719,JJOJFIHJIRWASH-UHFFFAOYSA-N,O=C(O)CCCCCCCCCCCCCCCCCCC(O)=O,eicosanedioate (C20-DC),eicosanedioate (C20-DC),2424-92-2,68030,,,75502
S100002952,39837,Lipid,"Fatty Acid, Dicarboxylate",1721,DGXRZJSPDXZJFG-UHFFFAOYSA-N,O=C(O)CCCCCCCCCCCCCCCCCCCCC(O)=O,docosadioate (C22-DC),docosadioate (C22-DC),505-56-6,214170,,C14240,7641
S100002953,39609,Lipid,"Fatty Acid, Monohydroxy",2027,UGAGPNKCDRTDHP-UHFFFAOYSA-N,OC(CCCCCCCCCCCCCCCO)=O,16-hydroxypalmitate,16-hydroxypalmitate,506-13-8,10034,HMDB0006294,C18218,10466
S100002989,46798,Lipid,Diacylglycerol,2944,BLZVZPYMHLXLHG-RQOIEFAZSA-N,CCCCCCCC/C=C\CCCCCCCC(OCC(CO)OC(CCCCCCC/C=C\C/C=C\CCCCC)=O)=O,oleoyl-linoleoyl-glycerol (18:1/18:2) [1],oleoyl-linoleoyl-glycerol (18:1/18:2) [1],106292-55-1,23975985,HMDB0007219,,14275396
S100002990,46799,Lipid,Diacylglycerol,2945,GREDRAMJRDQWEJ-LTEAFHAISA-N,CCCCCCCC/C=C\CCCCCCCC(OCC(COC(CCCCCCC/C=C\C/C=C\CCCCC)=O)O)=O,oleoyl-linoleoyl-glycerol (18:1/18:2) [2],oleoyl-linoleoyl-glycerol (18:1/18:2) [2],104346-53-4,29788004,HMDB0007219,,71433693
S100003000,39270,Lipid,Lysoplasmalogen,2852,QYTPGOPLNFESQC-RLHAVTDZSA-N,O=P(OCC[NH3+])([O-])OC[C@H](O)CO/C=C/CCCCCCCCCCCCCC,1-(1-enyl-palmitoyl)-GPE (P-16:0)*,1-(1-enyl-palmitoyl)-GPE (P-16:0)*,,10471193,HMDB0011152,,
S100003001,39271,Lipid,Lysoplasmalogen,2856,KACDZDULGKPXHT-BIHRDVDLSA-N,O=P(OCC[NH3+])([O-])OC[C@H](O)CO/C=C/CCCCCCCCCCCCCCCC,1-(1-enyl-stearoyl)-GPE (P-18:0)*,1-(1-enyl-stearoyl)-GPE (P-18:0)*,,,HMDB0240598,,
S100003008,39223,Lipid,Lysophospholipid,2739,GRWOGFDNIAYTPK-DTNGDMSLSA-N,[H]C(C(O)(C(O)([C@](O)1[H])[H])[H])([C@@](OP(O)(O[C@](COC(CCCCCCCCCCCCCCCCC)=O)(CO)[H])=O)([C@]1(O)[H])[H])O,2-stearoyl-GPI (18:0)*,2-stearoyl-GPI (18:0)*,,,HMDB0061704,,131770413
S100003109,40479,Xenobiotics,Food Component/Plant,4802,ILGMGHZPXRDCCS-UHFFFAOYSA-N,O=C(NC1=C2C=CC=C1)C2CC(O)=O,2-oxindole-3-acetate,2-oxindole-3-acetate,2971-31-5,2338343,HMDB0035514,,3080590
S100003119,39732,Lipid,Endocannabinoid,2189,KOGRJTUIKPMZEJ-KTKRTIGZSA-N,O=C(CCCCCCC/C=C\CCCCCCCC)NCCS(O)(=O)=O,N-oleoyltaurine,N-oleoyltaurine,52514-04-2,4941625,,,6437033
S100003151,46223,Lipid,"Fatty Acid Metabolism (Acyl Carnitine, Polyunsaturated)",1908,MJLXQSQYKZWZCB-DQFWFXSYSA-N,[O-]C(C[C@H](C[N+](C)(C)C)OC(CCCCCCC/C=C\C/C=C\CCCCC)=O)=O,linoleoylcarnitine (C18:2)*,linoleoylcarnitine (C18:2)*,36816-10-1,4952667,HMDB0006469,,6450015
S100003152,39577,Amino Acid,Glutamate Metabolism,61,AOKCDAVWJLOAHG-UHFFFAOYSA-N,CNCCCC(O)=O,N-methyl-GABA,N-methyl-GABA,1119-48-8,63869,,C15987,70703
S100003169,40008,Peptide,Dipeptide,868,UCGDDTHMMVWVMV-UHFFFAOYSA-N,O=C(C(C(CC)C)N)NCC(O)=O,isoleucylglycine,isoleucylglycine,868-28-0,303621,HMDB0028907,,342532
S100003239,39835,Lipid,Endocannabinoid,2191,LPDJCYFKKSLKRO-UHFFFAOYSA-N,O=C(NCCS(=O)(O)=O)CCCCCCCCCCCCCCC,N-palmitoyltaurine,N-palmitoyltaurine,83982-06-3,14435932,,,14504290
S100003240,39730,Lipid,Endocannabinoid,2190,LMIJIHJZVURGQK-UHFFFAOYSA-N,O=C(CCCCCCCCCCCCCCCCC)NCCS(=O)(O)=O,N-stearoyltaurine,N-stearoyltaurine,63155-80-6,147194,,,168274
S100003258,63990,Cofactors and Vitamins,Ascorbate and Aldarate Metabolism,4372,RMHBODZVODTFAH-UHFFFAOYSA-N,OC1=C(OC)C(C(C(CO)O)O1)=O,2-O-methylascorbic acid,2-O-methylascorbic acid,17860-87-6,90149,HMDB0240294,,54726398
S100003260,40007,Amino Acid,Glutamate Metabolism,60,SRGQUICKDUQCKO-UHFFFAOYSA-N,O=C(CCCNCCC(O)=O)O,carboxyethyl-GABA,carboxyethyl-GABA,4386-03-2,2474,HMDB0002201,,2572
S100003397,40406,Lipid,Phospholipid Metabolism,2260,UYPYRKYUKCHHIB-UHFFFAOYSA-N,C[N+](C)([O-])C,trimethylamine N-oxide,trimethylamine N-oxide,1184-78-7,1113,HMDB0000925,C01104,1145
S100003415,62860,Amino Acid,Lysine Metabolism,116,PQNASZJZHFPQLE-LURJTMIESA-N,O=C([C@H](CCCCNC)N)O,N6-methyllysine,N6-methyllysine,1188-07-4,144469,HMDB0002038,C02728,164795
S100003425,40410,Amino Acid,Histidine Metabolism,81,LOIYMIARKYCTBW-UPHRSURJSA-N,O=C(/C=C\C1=CN=CN1)O,cis-urocanate,cis-urocanate,7699-35-6,1266070,HMDB0034174,,1549103
S100003429,40478,Xenobiotics,Food Component/Plant,4913,UXOJWGSGKUYMIA-UHFFFAOYSA-N,OC1=CC(OC2)=C(C=C1)CC2C3=CC=C(OS(=O)(O)=O)C=C3,equol sulfate,equol sulfate,,23936050,,,
S100003432,40481,Xenobiotics,Food Component/Plant,4900,BOLQJTPHPSDZHR-UHFFFAOYSA-N,O=C(CCC1=CC=C(O)C(OC)=C1)O,dihydroferulate,dihydroferulate,1135-23-5,13701,HMDB0062121,,14340
S100003434,40730,Amino Acid,Histidine Metabolism,82,ZCKYOWGFRHAZIQ-UHFFFAOYSA-N,OC(CCC1=CN=CN1)=O,imidazole propionate,imidazole propionate,1074-59-5,63798,HMDB0002271,,70630
S100003674,40703,Peptide,Dipeptide,962,RNKSNIBMTUYWSH-YFKPBYRVSA-N,O=[C@]([C@H]1NCCC1)NCC(O)=O,prolylglycine,prolylglycine,2578-57-6,4932143,HMDB0011178,,6426709
S100003686,42092,Lipid,Fatty Acid Metabolism (Acyl Glycine),1840,KVTFEOAKFFQCCX-UHFFFAOYSA-N,O=C(CCCCCCCCCCCCCCC)NCC(O)=O,N-palmitoylglycine,N-palmitoylglycine,2441-41-0,133100,HMDB0013034,,151008
S100003695,62864,Xenobiotics,Food Component/Plant,4980,RGHNJXZEOKUKBD-MBMOQRBOSA-N,O=C([C@H]([C@H]([C@@H]([C@@H](CO)O)O)O)O)O,mannonate*,mannonate*,642-99-9,2496757,,,3246006
S100003868,43501,Lipid,Secondary Bile Acid Metabolism,3549,SPOIYSFQOFYOFZ-BRDORRHWSA-N,O=C(CNC(CC[C@H]([C@@H]1[C@@]2(C)CC[C@H]3[C@H]([C@@H]2CC1)C[C@@H]([C@@H]4C[C@@H](CC[C@]34C)O)O)C)=O)O,glycohyodeoxycholate,glycohyodeoxycholate,13042-33-6,102648,,,114611
S100003892,42002,Amino Acid,"Methionine, Cysteine, SAM and Taurine Metabolism",472,DWPCPZJAHOETAG-IMJSIDKUSA-N,O=C([C@H](CSC[C@@H](C(O)=O)N)N)O,lanthionine,lanthionine,3183-08-2,88959,,,98504
S100003901,41220,Lipid,Lysophospholipid,2687,KIHAGWUUUHJRMS-JOCHJYFZSA-N,OC[C@@H](OC(CCCCCCCCCCCCCCCCC)=O)COP(OCC[NH3+])([O-])=O,2-stearoyl-GPE (18:0)*,2-stearoyl-GPE (18:0)*,,24769218,HMDB0011129,,"90658453,53480667"
S100003926,43264,Lipid,"Fatty Acid Metabolism (Acyl Carnitine, Hydroxy)",1936,UEFRDQSMQXDWTO-UHFFFAOYSA-N,CC(CC(OC(C[N+](C)(C)C)CC([O-])=O)=O)O,(R)-3-hydroxybutyrylcarnitine,(R)-3-hydroxybutyrylcarnitine,,,HMDB0013127,,53481617
S100003940,43502,Lipid,Fatty Acid Metabolism (Acyl Glycine),1834,SAVLIIGUQOSOEP-UHFFFAOYSA-N,O=C(CCCCCCC)NCC(O)=O,N-octanoylglycine,N-octanoylglycine,14246-53-8,76040,HMDB0000832,,84290
S100004037,41879,Peptide,Dipeptide,805,VKNYIUAACZKZDC-UHFFFAOYSA-N,OCCC(SCC(N)C(NCC(O)=O)=O)(C)C,felinylglycine*,felinylglycine*,,,,,87631897
S100004038,41880,Amino Acid,Felinine Metabolism,605,BSYLNYYWBAWJCH-QMMMGPOBSA-N,O=C([C@H](CSC(C)(C)CCO)NC(C)=O)O,N-acetylfelinine*,N-acetylfelinine*,,,,,134820350
S100004046,43488,Amino Acid,Histidine Metabolism,88,BKAYIFDRRZZKNF-VIFPVBQESA-N,OC([C@H](CC1=CN=CN1)NC(CCNC(C)=O)=O)=O,N-acetylcarnosine,N-acetylcarnosine,56353-15-2,8079136,HMDB0012881,,9903482
S100004054,57512,Lipid,"Fatty Acid Metabolism (Acyl Carnitine, Long Chain Saturated)",1882,DWSFAVOTORHAAL-UHFFFAOYSA-N,[O-]C(CC(C[N+](C)(C)C)OC(CCCCCCCCCCCCCCCC)=O)=O,margaroylcarnitine (C17)*,margaroylcarnitine (C17)*,106182-29-0,35015987,HMDB0006210,,53477803
S100004059,62278,Xenobiotics,Food Component/Plant,4952,GPPYTCRVKHULJH-UHFFFAOYSA-N,C[N+](C)(C(C([O-])=O)CC1=CN=CN1)C,histidine betaine (hercynine)*,histidine betaine (hercynine)*,534-30-5,2340795,HMDB0029422,,3083620
S100004088,40807,Cofactors and Vitamins,Vitamin A Metabolism,4457,NCYCYZXNIZJOKI-OVSJKPMPSA-N,O=C([H])/C=C(C)/C=C/C=C(C)/C=C/C1=C(C)CCCC1(C)C,retinal,retinal,,553582,HMDB0001358,C00376,638015
S100004089,42489,Lipid,"Fatty Acid, Monohydroxy",1979,GHPVDCPCKSNJDR-UHFFFAOYSA-N,OC(C(O)=O)CCCCCCCC,2-hydroxydecanoate,2-hydroxydecanoate,5393-81-7,20195,HMDB0094656,,21488
S100004110,46164,Xenobiotics,Benzoate Metabolism,4524,TZVUCGJSHGKWCJ-UHFFFAOYSA-N,OC1=C(OS(=O)(O)=O)C(C)=CC=C1,3-methyl catechol sulfate (2),3-methyl catechol sulfate (2),,,,,
S100004111,46146,Xenobiotics,Benzoate Metabolism,4526,NCOMUGOPQPRVSE-UHFFFAOYSA-N,OC1=CC(C)=CC=C1OS(O)(=O)=O,4-methylcatechol sulfate,4-methylcatechol sulfate,,,HMDB0240459,,54104170
S100004112,46165,Xenobiotics,Benzoate Metabolism,4523,HFDKYCXWNHNKAF-UHFFFAOYSA-N,OC1=C(C)C=CC=C1OS(O)(=O)=O,3-methyl catechol sulfate (1),3-methyl catechol sulfate (1),,,,,118431379
S100004208,46111,Xenobiotics,Benzoate Metabolism,4522,AQTYXAPIHMXAAV-UHFFFAOYSA-N,COC1=C(OS(O)(=O)=O)C=CC=C1,guaiacol sulfate,guaiacol sulfate,,21078,HMDB0060013,,22473
S100004227,43343,Lipid,"Fatty Acid, Amino",1772,AKVBCGQVQXPRLD-UHFFFAOYSA-N,CCCCCCC(C(O)=O)N,2-aminooctanoate,2-aminooctanoate,644-90-6,62727,HMDB0000991,,69522
S100004251,42978,Lipid,"Fatty Acid, Dicarboxylate",1674,OREAFAJWWJHCOT-UHFFFAOYSA-N,CC(C(O)=O)(C(O)=O)C,dimethylmalonic acid,dimethylmalonic acid,595-46-0,11195,HMDB0002001,,11686
S100004262,43027,Lipid,"Fatty Acid, Dicarboxylate",1702,DXNCZXXFRKPEPY-UHFFFAOYSA-N,OC(CCCCCCCCCCCC(O)=O)=O,tridecanedioate (C13-DC),tridecanedioate (C13-DC),505-52-2,10026,HMDB0002327,,10458
S100004284,43424,Xenobiotics,Chemical,6175,HHVIBTZHLRERCL-UHFFFAOYSA-N,CS(C)(=O)=O,dimethyl sulfone,dimethyl sulfone,67-71-0,5978,HMDB0004983,C11142,6213
S100004295,43400,Xenobiotics,Food Component/Plant,4657,XUWHAWMETYGRKB-UHFFFAOYSA-N,O=C1CCCCN1,2-piperidinone,2-piperidinone,675-20-7,12144,HMDB0011749,,12665
S100004299,43255,Amino Acid,Histidine Metabolism,78,GVRCKHXHWSYDEF-UHFFFAOYSA-N,OC(C(CC1=CN(C)C=N1)NC(C)=O)=O,N-acetyl-1-methylhistidine*,N-acetyl-1-methylhistidine*,,,HMDB0240340,,53859791
S100004318,43374,Xenobiotics,Food Component/Plant,4959,JYGFTBXVXVMTGB-UHFFFAOYSA-N,O=C1CC2=C(N1)C=CC=C2,indolin-2-one,indolin-2-one,59-48-3,284794,,C12312,321710
S100004321,48691,Xenobiotics,Food Component/Plant,4798,ZLYUIVZAQHFCNP-UHFFFAOYSA-N,O=C1C=CC2=CC=CC(OS(=O)(O)=O)=C2N1,"2,8-quinolinediol sulfate","2,8-quinolinediol sulfate",,,HMDB0240658,,
S100004322,43266,Xenobiotics,Food Component/Plant,5272,VSTZVCJQGSLNLL-UHFFFAOYSA-N,NC1=CC=CC=C1OS(O)(=O)=O,2-aminophenol sulfate,2-aminophenol sulfate,,158022,HMDB0061116,,181670
S100004326,48693,Xenobiotics,Chemical,6130,CGFRVKXGZRODPA-UHFFFAOYSA-N,CC(C1=CC=CC(OS(=O)(O)=O)=C1)=O,3-acetylphenol sulfate,3-acetylphenol sulfate,,16230535,,,
S100004327,45966,Lipid,Lysophospholipid,2719,ZPDQFUYPBVXUKS-KEKNWZKVSA-N,O=P(O)(OCC(O)COC(CCCCCCCCCCCCCCCCC)=O)OC[C@@H](C(O)=O)N,1-stearoyl-GPS (18:0)*,1-stearoyl-GPS (18:0)*,,7826051,HMDB0061698,,74819135
S100004328,42463,Lipid,Sphingomyelins,3132,KYICBZWZQPCUMO-PSALXKTOSA-N,CCCCCCCCCCCCCC(N[C@@](COP([O-])(OCC[N+](C)(C)C)=O)([C@](O)(/C=C/CCCCCCCCCCCCC)[H])[H])=O,"sphingomyelin (d18:1/14:0, d16:1/16:0)*","sphingomyelin (d18:1/14:0, d16:1/16:0)*",,9608732,HMDB0012097,,11433862
S100004329,42459,Lipid,Sphingomyelins,3136,IWHLTJGDYLJQSH-FLPFCPAFSA-N,CCCCC/C=C/CCCCCCCCC(N[C@@](COP([O-])(OCC[N+](C)(C)C)=O)([C@](O)(/C=C/CCCCCCCCCCCCC)[H])[H])=O,"sphingomyelin (d18:2/16:0, d18:1/16:1)*","sphingomyelin (d18:2/16:0, d18:1/16:1)*",,,"HMDB0240638,HMDB0240613",,
S100004396,62069,Lipid,"Fatty Acid, Dicarboxylate",1685,YVOMYDHIQVMMTA-UHFFFAOYSA-N,OC(CC(O)=O)CCC(O)=O,3-hydroxyadipate,3-hydroxyadipate,,133894,HMDB0000345,,151913
S100004418,43525,Peptide,Acetylated Peptides,1207,CPPDWYIPKSSNNM-UHFFFAOYSA-N,O=C(CC(C=C1)=CC=C1O)N([H])CC(O)=O,4-hydroxyphenylacetylglycine,4-hydroxyphenylacetylglycine,28116-23-6,389604,HMDB0000735,C05596,440732
S100004434,43449,Xenobiotics,Food Component/Plant,4726,MFEZJNMQTQMDRQ-UHFFFAOYSA-N,OC(C1=NC(C)=C2N([H])C3=CC=CC=C3C2=C1)=O,1-methyl-beta-carboline-3-carboxylic acid,1-methyl-beta-carboline-3-carboxylic acid,22329-38-0,4546099,,,5406157
S100004442,46325,Lipid,Lysophospholipid,2609,XBFQFMCUPHZKTI-DOFZRALJSA-N,CCCCC\C=C/C/C=C\C/C=C\C/C=C\CCCC(OCC(O)COP(O)(O)=O)=O,1-arachidonoyl-GPA (20:4),1-arachidonoyl-GPA (20:4),799268-65-8,,HMDB0062312,,42607498
S100004488,43586,Amino Acid,Urea cycle; Arginine and Proline Metabolism,528,NTNWOCRCBQPEKQ-YFKPBYRVSA-N,OC([C@H](CCCN([H])/C(N([H])[H])=N/C)N([H])[H])=O,N-monomethylarginine,N-monomethylarginine,53308-83-1,117259,HMDB0029416,C03884,132862
S100004499,43231,Amino Acid,Lysine Metabolism,135,FZXCPFJMYOQZCA-UHFFFAOYSA-N,OC(C1CCCC(N1)=O)=O,6-oxopiperidine-2-carboxylate,6-oxopiperidine-2-carboxylate,34622-39-4,2282737,HMDB0061705,,3014237
S100004523,43249,Amino Acid,Urea cycle; Arginine and Proline Metabolism,515,SRXKAYJJGAAOBP-UHFFFAOYSA-N,CC(NCCCC(N)C(O)=O)=O,N-delta-acetylornithine,N-delta-acetylornithine,,8096135,HMDB0003357,C00437,9920500
S100004542,43761,Lipid,"Fatty Acid, Amino",1767,RDFMDVXONNIGBC-UHFFFAOYSA-N,OC(C(CCCCC)N([H])[H])=O,2-aminoheptanoate,2-aminoheptanoate,1115-90-8,198338,HMDB0094649,,227939
S100004549,43546,Amino Acid,"Leucine, Isoleucine and Valine Metabolism",386,FMUMEWVNYMUECA-LURJTMIESA-N,OC([C@H](CCC(C)C)N([H])[H])=O,5-methylnorleucine,5-methylnorleucine,31872-98-7,85550,,,94817
S100004552,47888,Lipid,Lysophospholipid,2705,KCWGBXXAJHVZNN-YAWQMZOFSA-N,O=C(CCC/C=C\C/C=C\C/C=C\C/C=C\C/C=C\CC)OC[C@@](O)([H])COP(OCCN)(O)=O,1-eicosapentaenoyl-GPE (20:5)*,1-eicosapentaenoyl-GPE (20:5)*,,,HMDB0011489,,53480938
S100004555,43265,Xenobiotics,Chemical,6212,AWUHAZDZHNWQAG-UHFFFAOYSA-N,O=C(C1=CC=CC=C1)OC(C[N+](C)(C)C)CC([O-])=O,benzoylcarnitine*,benzoylcarnitine*,105450-08-6,28689447,,,
S100004601,57783,Xenobiotics,Bacterial/Fungal,5349,KNSAWRXCIVESQC-UHFFFAOYSA-N,O=C(O)CC1=C2C(C=CN2)=CC=C1,1H-indole-7-acetic acid,1H-indole-7-acetic acid,39689-63-9,13535457,,,18356439
S100004606,43676,Lipid,Lysophospholipid,2722,GPCWGPPYPPUKIJ-VNLYIJPESA-N,O=P(O)(OCC(O)COC(CCCCCCCCCC/C=C/C/C=C/CC)=O)OC[C@@H](C(O)=O)N,1-linoleoyl-GPS (18:2)*,1-linoleoyl-GPS (18:2)*,,,,,
S100004634,44618,Amino Acid,Tyrosine Metabolism,211,ORZHQEJEAKXCJA-UHFFFAOYSA-N,NCCC1=CC(OC)=C(OS(=O)(O)=O)C=C1,3-methoxytyramine sulfate,3-methoxytyramine sulfate,,21233674,,,54133459
S100004635,44878,Amino Acid,"Methionine, Cysteine, SAM and Taurine Metabolism",445,UCUNFLYVYCGDHP-UHFFFAOYSA-N,O=S(C)(CCC(N)C(O)=O)=O,methionine sulfone,methionine sulfone,820-10-0,63154,HMDB0062174,,69961
S100005350,45951,Lipid,Lysophospholipid,2635,WKQNRCYKYCKESD-YHTMAJSVSA-N,C[N+](CCOP(OCC(O)COC(CCCCCCC/C=C/C/C=C/C/C=C/CC)=O)([O-])=O)(C)C,1-linolenoyl-GPC (18:3)*,1-linolenoyl-GPC (18:3)*,,,HMDB0010388,C04100,
S100005351,44563,Lipid,Lysophospholipid,2653,PDIGSOAOQOXRDU-GUTOPQIJSA-N,C[N+](CCOP(OCC(O)COC(CCC/C=C/C/C=C/C/C=C/C/C=C/C/C=C/CC)=O)([O-])=O)(C)C,1-eicosapentaenoyl-GPC (20:5)*,1-eicosapentaenoyl-GPC (20:5)*,,,HMDB0010397,,
S100005352,44560,Lipid,Lysophospholipid,2644,YYSFWGQAKJTHRE-OUKQBFOZSA-N,C[N+](CCOP(OCC(O)COC(CCCCCCCCC/C=C/CCCCCCCC)=O)([O-])=O)(C)C,1-eicosenoyl-GPC (20:1)*,1-eicosenoyl-GPC (20:1)*,,,HMDB0010391,,52924051
S100005353,47087,Lipid,Lysophospholipid,2638,WYIMORDZGCUBAA-UHFFFAOYSA-N,C[N+](CCOP(OCC(O)COC(CCCCCCCCCCCCCCCCCC)=O)([O-])=O)(C)C,1-nonadecanoyl-GPC (19:0),1-nonadecanoyl-GPC (19:0),108273-88-7,24823014,,,
S100005371,44630,Lipid,Lysophospholipid,2700,RNWSKZCVPICGIX-DQXFYRDTSA-N,O=C(CCCCCC/C=C\C/C=C\C/C=C\CCCCC)OC[C@@](O)([H])COP(OCCN)(O)=O,1-dihomo-linolenoyl-GPE (20:3n3 or 6)*,1-dihomo-linolenoyl-GPE (20:3n3 or 6)*,,,"HMDB0011514,HMDB0011516",,
S100005372,44621,Lipid,Lysoplasmalogen,2854,URGVIWXYPWWBQO-ZCJATDNESA-N,O=P(OCC[NH3+])([O-])OC[C@H](O)CO/C=C/CCCCCC/C=C/CCCCCCCC,1-(1-enyl-oleoyl)-GPE (P-18:1)*,1-(1-enyl-oleoyl)-GPE (P-18:1)*,,,,,
S100005373,46227,Amino Acid,Lysine Metabolism,123,BFSYFTQDGRDJNV-QCNRFFRDSA-N,OC[C@@H](O)[C@@H](O)[C@H](O)C(CNCCCC[C@@H](N)C(O)=O)=O,fructosyllysine,fructosyllysine,21291-40-7,110281,HMDB0034879,,9839580
S100005376,62352,Lipid,Lysophospholipid,2697,JEAGLCKGAKACCE-MDZDMXLPSA-N,O=P(OCC(O)COC(CCCCCCCCC/C=C/CCCCCCCC)=O)(O)OCCN,1-eicosenoyl-GPE (20:1)*,1-eicosenoyl-GPE (20:1)*,,,HMDB0011518,,52925139
S100005384,45413,Xenobiotics,Chemical,6112,CIQHWLTYGMYQQR-QMMMGPOBSA-N,OS(OC1=CC=C(C[C@H](N)C(O)=O)C=C1)(=O)=O,O-sulfo-tyrosine,O-sulfo-tyrosine,,448617,HMDB0155722,,514186
S100005389,47114,Xenobiotics,Food Component/Plant,4922,PZPATWACAAOHTJ-HWKANZROSA-N,COC1=C(OS(O)(=O)=O)C=CC(/C=C/C(O)=O)=C1,ferulic acid 4-sulfate,ferulic acid 4-sulfate,86321-29-1,4878542,HMDB0029200,,6305574
S100005391,45415,Xenobiotics,Benzoate Metabolism,4589,IQWLPDPKVFZEOK-UHFFFAOYSA-N,OS(OC1=CC=CC(CCC(O)=O)=C1)(=O)=O,3-(3-hydroxyphenyl)propionate sulfate,3-(3-hydroxyphenyl)propionate sulfate,86321-32-6,162993,HMDB0094710,,187488
S100005463,45428,Amino Acid,"Methionine, Cysteine, SAM and Taurine Metabolism",447,NPIMMZJBURSMON-UHFFFAOYSA-N,OC(C(CCS(C)=O)NC(C)=O)=O,N-acetylmethionine sulfoxide,N-acetylmethionine sulfoxide,108646-71-5,167798,,,11902949
S100005466,48187,Amino Acid,"Methionine, Cysteine, SAM and Taurine Metabolism",479,CXJAAWRLVGAKDV-UHFFFAOYSA-N,O=S(CCNC(C)=O)(O)=O,N-acetyltaurine,N-acetyltaurine,,140553,HMDB0240253,,159864
S100005716,45968,Lipid,Lysophospholipid,2730,FQQQKGAFQIIGLQ-VYFUBJQISA-N,O[C@H](COC(CCCCCCC/C=C\CCCCCCCC)=O)COP(OCC(O)CO)(O)=O,1-oleoyl-GPG (18:1)*,1-oleoyl-GPG (18:1)*,,34999689,HMDB0240602,,
S100005717,45970,Lipid,Lysophospholipid,2725,BVJSKAUUFXBDOB-UHFFFAOYSA-N,O=P(OCC(O)CO)(O)OCC(O)COC(CCCCCCCCCCCCCCC)=O,1-palmitoyl-GPG (16:0)*,1-palmitoyl-GPG (16:0)*,,2548639,HMDB0240601,,3300276
S100005814,61826,Lipid,Endocannabinoid,2194,YIWODQVLEDDQSF-HZJYTTRNSA-N,CCCCC/C=C\C/C=C\CCCCCCCC(NCCS(=O)(O)=O)=O,N-linoleoyltaurine*,N-linoleoyltaurine*,,,,,52922081
S100005815,46224,Lipid,Endocannabinoid,2195,YMLFIOCLHPRGDY-PDBXOOCHSA-N,O=C(NCCS(=O)(O)=O)CCCCCCC/C=C\C/C=C\C/C=C\CC,N-linolenoyltaurine*,N-linolenoyltaurine*,,,,,
S100005817,54748,Lipid,Endocannabinoid,2188,YUNYSWCRLRYOPO-DOFZRALJSA-N,CCCCC/C=C\C/C=C\C/C=C\C/C=C\CCCC(NCCS(=O)(O)=O)=O,N-arachidonoyltaurine,N-arachidonoyltaurine,119959-65-8,24842023,,,42607331
S100005829,61825,Lipid,Endocannabinoid,2187,XPZFMHCHEWYIGE-UHFFFAOYSA-N,CCCCCCCCCCCCCC(NCCS(=O)(O)=O)=O,N-myristoyltaurine*,N-myristoyltaurine*,,3037686,,,3810823
S100005831,61824,Lipid,Endocannabinoid,2193,QNBGIJHCIVKQEX-FPLPWBNLSA-N,O=C(NCCS(=O)(O)=O)CCCCCCC/C=C\CCCCCC,N-palmitoleoyltaurine*,N-palmitoleoyltaurine*,,,,,
S100005934,54737,Nucleotide,"Pyrimidine Metabolism, Cytidine containing",4285,NFEXJLMYXXIWPI-UHFFFAOYSA-N,NC1=NC(N(C2C(O)C(O)C(CO)O2)C=C1CO)=O,5-hydroxymethylcytidine,5-hydroxymethylcytidine,19235-17-7,11596384,,,68576529
S100005946,48141,Xenobiotics,Food Component/Plant,5151,WPAMZTWLKIDIOP-WVZVXSGGSA-N,OC[C@@H](O)[C@@H](O)CC(C(O)=O)=O,2-keto-3-deoxy-gluconate,2-keto-3-deoxy-gluconate,17510-99-5,141630,HMDB0001353,C00204,161227
S100005972,47666,Cofactors and Vitamins,Tocopherol Metabolism,4391,ZQMMTPNJGWUHCB-UHFFFAOYSA-N,CC1=C(OS(O)(=O)=O)C(C)=C2C(OC(C)(CCC(O)=O)CC2)=C1C,alpha-CEHC sulfate,alpha-CEHC sulfate,,,,,
S100005985,47154,Lipid,Sphingomyelins,3133,SOWIKWJDPCEPOJ-IOBWIPHESA-N,CCCC/C=C/CCCCCCCC(N[C@@](COP([O-])(OCC[N+](C)(C)C)=O)([C@](O)(/C=C/CCCCCCCCCCCCC)[H])[H])=O,"sphingomyelin (d18:2/14:0, d18:1/14:1)*","sphingomyelin (d18:2/14:0, d18:1/14:1)*",,,"HMDB0240637,HMDB0240612",,
S100005986,47153,Lipid,Sphingomyelins,3148,WKZHECFHXLTOLJ-QYKFWSDSSA-N,O[C@H](/C=C/CCCCCCCCCCCCC)[C@H](CO[P](OCC[N+](C)(C)C)([O-])=O)NC(CCCCCCCCCCCCC/C=C\CCCCCCCC)=O,"sphingomyelin (d18:1/24:1, d18:2/24:0)*","sphingomyelin (d18:1/24:1, d18:2/24:0)*",94359-13-4,24846874,HMDB0012107,,44260126
S100005996,61865,Lipid,"Fatty Acid Metabolism (Acyl Carnitine, Dicarboxylate)",1935,CYPBWZKNUDFJJE-PLNGDYQASA-N,O=C(CCCCCCC/C=C\CCCCCCCC(O)=O)OC(CC([O-])=O)C[N+](C)(C)C,octadecenedioylcarnitine (C18:1-DC)*,octadecenedioylcarnitine (C18:1-DC)*,251981-06-3,28639201,,,
S100005998,61867,Lipid,"Fatty Acid Metabolism (Acyl Carnitine, Dicarboxylate)",1934,ULCCGBCYWCYNIC-UHFFFAOYSA-N,O=C(CCCCCCCCCCCCCCCCC(O)=O)OC(CC([O-])=O)C[N+](C)(C)C,octadecanedioylcarnitine (C18-DC)*,octadecanedioylcarnitine (C18-DC)*,123233-50-1,28639203,,,
S100006051,48182,Lipid,"Fatty Acid Metabolism (Acyl Carnitine, Monounsaturated)",1901,ABVVZYXTZLEOHP-OLHLWXQYSA-N,O=C(CCCCCCC/C=C\CCCC)O[C@H](CC([O-])=O)C[N+](C)(C)C,myristoleoylcarnitine (C14:1)*,myristoleoylcarnitine (C14:1)*,889848-55-9,34999520,HMDB0240588,,129691961
S100006082,48441,Xenobiotics,Chemical,6236,MDQKYGOECVSPIW-UHFFFAOYSA-N,ClC1=C(C#N)C(Cl)=C(Cl)C(O)=C1C#N,4-hydroxychlorothalonil,4-hydroxychlorothalonil,28343-61-5,31530,HMDB0240624,,34217
S100006089,48997,Xenobiotics,Food Component/Plant,5153,HRHBRUPGUDLQIF-ONEGZZNKSA-N,C/C=C/C1=CC(OC)=C(OS(O)(=O)=O)C=C1,isoeugenol sulfate,isoeugenol sulfate,,157181,,,122198202
S100006095,48410,Amino Acid,Tyrosine Metabolism,235,OYDCCWNLILCHDJ-ZZXKWVIFSA-N,O=C(O[H])/C=C/C1=CC=C(OS(=O)(O)=O)C=C1,4-hydroxycinnamate sulfate,4-hydroxycinnamate sulfate,376374-66-2,4797737,,,6070438
S100006098,48448,Xenobiotics,Chemical,6244,BDERIBJTVYFANV-UHFFFAOYSA-N,O=S(OC1=CC=CN=C1)(O)=O,3-hydroxypyridine sulfate,3-hydroxypyridine sulfate,1955-23-3,16232314,,,
S100006103,48419,Xenobiotics,Food Component/Plant,4814,HLYCAHONCGGOOJ-UHFFFAOYSA-N,O=C(N1)C(OS(=O)(O)=O)C2=C1C=CC=C2,3-hydroxyindolin-2-one sulfate,3-hydroxyindolin-2-one sulfate,,,,,
S100006104,48417,Amino Acid,Tyrosine Metabolism,176,VWUXKIFPPPVAAK-UHFFFAOYSA-N,[H]N([H])CCC1=CC(OS(=O)(O)=O)=CC=C1,m-tyramine sulfate,m-tyramine sulfate,175727-14-7,,,,
S100006106,48696,Xenobiotics,Food Component/Plant,4650,PVWYGTJERKKPRW-UHFFFAOYSA-N,O=C1C=COC(C)=C1OS(=O)(O)=O,maltol sulfate,maltol sulfate,,,,,
S100006108,48425,Peptide,Acetylated Peptides,1200,DZTZJNGATJMDSH-CYBMUJFWSA-N,O=C(CC1=CC=CC=C1)O[C@H](CC([O-])=O)C[N+](C)(C)C,phenylacetylcarnitine,phenylacetylcarnitine,287108-21-8,,,,101724840
S100006115,48255,Carbohydrate,Pentose Metabolism,1299,QXKAIJAYHKCRRA-JJYYJPOSSA-N,OC([C@H]([C@@H]([C@@H](CO)O)O)O)=O,arabonate/xylonate,arabonate/xylonate,,,HMDB0000539,"C00502,C05411","122045,6602431"
S100006116,48429,Xenobiotics,Benzoate Metabolism,4565,IBEAHXYYSZWGED-UHFFFAOYSA-N,O=C(OC)C1=CC=C(OS(=O)(O)=O)C=C1,methyl-4-hydroxybenzoate sulfate,methyl-4-hydroxybenzoate sulfate,,,HMDB0041646,,10657183
S100006121,48341,Lipid,Monoacylglycerol,2879,LERKRWCYZNDWFH-QNEBEIHSSA-N,OCC(O)COC(CCCCCC/C=C\C/C=C\C/C=C\CCCCC)=O,1-dihomo-linolenylglycerol (20:3),1-dihomo-linolenylglycerol (20:3),,,HMDB0011577,,
S100006123,48679,Amino Acid,Histidine Metabolism,103,XJWPISBUKWZALE-UHFFFAOYSA-N,O=C(C)NCCC1=CNC=N1,N-acetylhistamine,N-acetylhistamine,673-49-4,62805,HMDB0013253,C05135,69602
S100006125,48733,Amino Acid,Tyrosine Metabolism,233,LGXHPUANUXIBJQ-UHFFFAOYSA-N,OCC1=CC(OC)=C(OS(O)(=O)=O)C=C1,vanillic alcohol sulfate,vanillic alcohol sulfate,754920-02-0,,HMDB0041788,,
S100006126,48442,Xenobiotics,Food Component/Plant,5138,FKCHAXAGQVCJPN-UHFFFAOYSA-N,COC1=C(OS(O)(=O)=O)C=CC(C=C)=C1,4-vinylguaiacol sulfate,4-vinylguaiacol sulfate,,,HMDB0127980,,53803570
S100006129,54910,Amino Acid,Tyrosine Metabolism,206,SVYIZYRTOYHQRE-UHFFFAOYSA-N,OC1=C(OC)C=C(CC(C(O)=O)O)C=C1,vanillactate,vanillactate,2475-56-1,141152,HMDB0000913,,160637
S100006171,48715,Xenobiotics,Food Component/Plant,5144,XWAZTQUZONPJEW-UHFFFAOYSA-N,COC1=CC(CC=C)=CC=C1OS(=O)(O)=O,eugenol sulfate,eugenol sulfate,95480-60-7,157181,HMDB0135245,,180632
S100006203,48569,Xenobiotics,Food Component/Plant,5065,YGCFIWIQZPHFLU-UHFFFAOYSA-N,CC1=CC(NS(O1)(=O)=O)=O,acesulfame,acesulfame,55589-62-3,33607,HMDB0033585,,36573
S100006260,48698,Xenobiotics,Chemical,6258,QRHHXPIYYXPEMG-UHFFFAOYSA-N,O=S(OC1=CC=C2C=CNC2=C1)(O)=O,6-hydroxyindole sulfate,6-hydroxyindole sulfate,,,HMDB0000682,,122198196
S100006262,48457,Amino Acid,Tyrosine Metabolism,198,IGTMFIJOUADBDC-UHFFFAOYSA-N,COC1=CC=C(OS(=O)(O)=O)C=C1,4-methoxyphenol sulfate,4-methoxyphenol sulfate,3233-60-1,,,,
S100006263,48459,Xenobiotics,Chemical,6290,XEBCTJAOHUUGHB-UHFFFAOYSA-N,ClC1=CC(Cl)=C(OS(=O)(O)=O)C=C1,"2,4-dichlorophenol sulfate","2,4-dichlorophenol sulfate",3233-63-4,8013417,,,9837697
S100006290,48490,Lipid,Sphingomyelins,3140,AADLTHQNYQJHQV-SVLGDMRNSA-N,CCCCCCCCCCCCC/C=C/[C@@H](O)[C@@H](NC(CCCCCCCCCCCCCCCCCCC)=O)COP([O-])(OCC[N+](C)(C)C)=O,"sphingomyelin (d18:1/20:0, d16:1/22:0)*","sphingomyelin (d18:1/20:0, d16:1/22:0)*",,23113477,HMDB0012102,,44260124
S100006292,48491,Lipid,Sphingomyelins,3141,MDRFMTLYKHBJTF-YECRPIIFSA-N,CCCCCCCCCCCCC/C=C/[C@@H](O)[C@@H](NC(CCCCCCCCC/C=C/CCCCCCCC)=O)COP([O-])(OCC[N+](C)(C)C)=O,"sphingomyelin (d18:1/20:1, d18:2/20:0)*","sphingomyelin (d18:1/20:1, d18:2/20:0)*",222403-67-0,,"HMDB0240610,HMDB0240632",,
S100006293,57481,Lipid,Sphingomyelins,3142,YVTVVJRJLRHYSJ-COUPUTHFSA-N,CCCCCCCCCCCCC/C=C/[C@@H](O)[C@@H](NC(CCCCCCCCC/C=C/C/C=C/CCCCC)=O)COP([O-])(OCC[N+](C)(C)C)=O,"sphingomyelin (d18:1/20:2, d18:2/20:1, d16:1/22:2)*","sphingomyelin (d18:1/20:2, d18:2/20:1, d16:1/22:2)*",,,,,
S100006294,48492,Lipid,Sphingomyelins,3125,FJJANLYCZUNFSE-TWKUQIQBSA-N,CCCCCCCCCCCCC/C=C/[C@@H](O)[C@@H](NC(CCCCCCCCCCCCCCCCCCCCC)=O)COP([O-])(OCC[N+](C)(C)C)=O,behenoyl sphingomyelin (d18:1/22:0)*,behenoyl sphingomyelin (d18:1/22:0)*,,24846873,HMDB0012103,,44260125
S100006295,48493,Lipid,Sphingomyelins,3145,VBFKEZGCUWHGSK-ADSSWVSQSA-N,CCCCCCCCCCCCC/C=C/[C@@H](O)[C@@H](NC(CCCCCCCCCCC/C=C\CCCCCCCC)=O)COP([O-])(OCC[N+](C)(C)C)=O,"sphingomyelin (d18:1/22:1, d18:2/22:0, d16:1/24:1)*","sphingomyelin (d18:1/22:1, d18:2/22:0, d16:1/24:1)*",,29368329,HMDB0012104,,
S100006296,57477,Lipid,Sphingomyelins,3146,BBJBWENPFZYXKM-CUYAXJSGSA-N,CCCCCCCCCCCCC/C=C/[C@@H](O)[C@@H](NC(CCCCCCCCCCC/C=C/C/C=C/CCCCC)=O)COP([O-])(OCC[N+](C)(C)C)=O,"sphingomyelin (d18:1/22:2, d18:2/22:1, d16:1/24:2)*","sphingomyelin (d18:1/22:2, d18:2/22:1, d16:1/24:2)*",,,"HMDB0240670,HMDB0240672,HMDB0240669",,
S100006298,57330,Lipid,Sphingomyelins,3127,QEDPUVGSSDPBMD-XTAIVQBESA-N,CCCCCCCCCCCCC/C=C/[C@@H](O)[C@@H](NC(CCCCCCCCCCCCCCCCCCCCCCC)=O)COP([O-])(OCC[N+](C)(C)C)=O,lignoceroyl sphingomyelin (d18:1/24:0),lignoceroyl sphingomyelin (d18:1/24:0),60037-60-7,24846875,HMDB0011697,,
S100006314,52433,Lipid,Sphingomyelins,3134,LQINJRUGTUOHGS-YPDYIYJKSA-N,CCCCCCCCCCCCC/C=C/[C@@H](O)[C@@H](NC(CCCCCCCCCCCCCC)=O)COP([O-])(OCC[N+](C)(C)C)=O,"sphingomyelin (d17:1/16:0, d18:1/15:0, d16:1/17:0)*","sphingomyelin (d17:1/16:0, d18:1/15:0, d16:1/17:0)*",121999-58-4,28532779,"HMDB0240617,HMDB0240608",,
S100006361,48407,Amino Acid,Tyrosine Metabolism,229,NZKRYJGNYPYXJZ-UHFFFAOYSA-N,NCCC1=CC(OS(=O)(O)=O)=C(O)C=C1,dopamine 3-O-sulfate,dopamine 3-O-sulfate,,108936,HMDB0006275,C13690,122136
S100006363,48728,Xenobiotics,Food Component/Plant,5142,CQRHJEVIKOKQMO-UHFFFAOYSA-N,OC1=CC2=C(C(C(C3=CC=C(OS(=O)(O)=O)C=C3)=CO2)=O)C=C1,daidzein sulfate (2),daidzein sulfate (2),,,,,12114465
S100006367,53230,Lipid,"Fatty Acid, Monohydroxy",1996,HPMGFDVTYHWBAG-UHFFFAOYSA-N,CCCC(O)CC(O)=O,3-hydroxyhexanoate,3-hydroxyhexanoate,10191-24-9,133518,"HMDB0061652,HMDB0010718",,151492
S100006369,52340,Amino Acid,Alanine and Aspartate Metabolism,35,LUSWEUMSEVLFEQ-UHFFFAOYSA-N,O=C(C(C)NC(N)=O)O,N-carbamoylalanine,N-carbamoylalanine,77340-50-2,377278,,,426409
S100006370,54805,Lipid,Sterol,3228,WVXOMPRLWLXFAP-AMQKJUDNSA-N,C[C@@H]([C@H]1CC[C@@H]2[C@]1(C)CC[C@H]3[C@H]2CC=C4[C@]3(C)CC[C@H](O)C4)CCCC(C(O)=O)C,3beta-hydroxy-5-cholestenoate,3beta-hydroxy-5-cholestenoate,6561-58-6,,HMDB0012453,C17333,165511
S100006374,48762,Xenobiotics,Chemical,6241,NGVLEQPKHLWZLN-UHFFFAOYSA-N,OC1=C(O)C(OS(=O)(O)=O)=CC=C1,"1,2,3-benzenetriol sulfate (2)","1,2,3-benzenetriol sulfate (2)",,,"HMDB0060018,HMDB0060016",,"92013662,54110629"
S100006375,48763,Xenobiotics,Benzoate Metabolism,4562,NTXOJWKIHIOUQN-UHFFFAOYSA-N,OC1=C(C=CC=C1OS(=O)(O)=O)OC,3-methoxycatechol sulfate (1),3-methoxycatechol sulfate (1),,,,,129892430
S100006376,48752,Xenobiotics,Benzoate Metabolism,4563,NTXOJWKIHIOUQN-UHFFFAOYSA-N,OC1=C(OC)C=CC=C1OS(=O)(O)=O,3-methoxycatechol sulfate (2),3-methoxycatechol sulfate (2),,,,,
S100006378,48757,Amino Acid,Tryptophan Metabolism,275,PPIMFXHQDQRWGJ-JTQLQIEISA-N,OC([C@@H](NC(C)=O)CC(C1=CC=CC=C1N)=O)=O,N-acetylkynurenine (2),N-acetylkynurenine (2),,,HMDB0240342,,73817779
S100006379,48782,Amino Acid,Tryptophan Metabolism,266,CPXSBHKDEPPWIX-RAYCSJGISA-N,N[C@H](C(O)=O)CC1=C([C@H]([C@H]([C@@H](O)[C@@H]2O)O)O[C@@H]2CO)NC3=CC=CC=C13,C-glycosyltryptophan,C-glycosyltryptophan,180509-18-6,9157171,HMDB0240296,,10981970
S100006430,48885,Carbohydrate,Pentose Metabolism,1293,HEBKCHPVOIAQTA-IMJSIDKUSA-N,OC[C@@H](C([C@H](CO)O)O)O,arabitol/xylitol,arabitol/xylitol,,,"HMDB0001851,HMDB0000568,HMDB0002917","C00379,C00542,C01904","94154,6912"
S100006435,46539,Carbohydrate,Aminosugar Metabolism,1450,OVRNDRQMDRJTHS-FMDGEEDCSA-N,O[C@@H]1[C@H]([C@@H](O[C@@H]([C@H]1O)CO)O)NC(C)=O,N-acetylglucosamine/N-acetylgalactosamine,N-acetylglucosamine/N-acetylgalactosamine,,,"HMDB0000212,HMDB0000215",C01074,"439174,84265"
S100006614,52988,Lipid,"Fatty Acid Metabolism (Acyl Carnitine, Dicarboxylate)",1924,BSVHAXJKBCWVDA-UHFFFAOYSA-N,[O-]C(CC(OC(CCCCC(O)=O)=O)C[N+](C)(C)C)=O,adipoylcarnitine (C6-DC),adipoylcarnitine (C6-DC),,28540385,HMDB0061677,,71296139
S100006627,52990,Lipid,"Fatty Acid Metabolism (Acyl Carnitine, Dicarboxylate)",1932,YVWVEIPYMGBQPE-UHFFFAOYSA-N,[O-]C(CC(OC(CCCCCCC(O)=O)=O)C[N+](C)(C)C)=O,suberoylcarnitine (C8-DC),suberoylcarnitine (C8-DC),,,,,
S100006633,53027,Amino Acid,Tyrosine Metabolism,237,IIODELUADFSHIZ-UHFFFAOYSA-N,OS(OC(C=C1)=CC=C1CC(O)=O)(=O)=O,4-hydroxyphenylacetate sulfate,4-hydroxyphenylacetate sulfate,,,,,
S100006634,52921,Amino Acid,Tyrosine Metabolism,239,VBCLPDSIELLWDI-UHFFFAOYSA-N,OS(OC1=CC(CC(O)=O)=CC=C1)(=O)=O,3-hydroxyphenylacetate sulfate,3-hydroxyphenylacetate sulfate,,,,,
S100006641,52974,Lipid,Primary Bile Acid Metabolism,3493,DKXXSIJHWWVNMO-ISIKUUMTSA-N,OS(OC1C[C@]2([H])C(CC1)(C)[C@@H]3[C@@]([C@@](CC4)([H])[C@@](CC3)(C)[C@H]4[C@H](C)CCC(NCC(O)=O)=O)([H])[C@H](O)C2)(=O)=O,glycochenodeoxycholate 3-sulfate,glycochenodeoxycholate 3-sulfate,,,"HMDB0002409,HMDB0002496,HMDB0002497",,"21116917,21125002,11954205"
S100006644,62889,Lipid,Secondary Bile Acid Metabolism,3509,UCVGCHGIKFWAGH-WQVRBXQRSA-N,C[C@@]12[C@@](CCC3C2C[C@H](O)[C@@]4(C)C3CC[C@@H]4[C@@H](CCC(NCCS(O)(=O)=O)=O)C)([H])C[C@H](OS(O)(=O)=O)CC1,taurodeoxycholic acid 3-sulfate,taurodeoxycholic acid 3-sulfate,,,,,
S100006726,52608,Lipid,Endocannabinoid,2199,KQXDGUVSAAQARU-HZJYTTRNSA-N,CCCCC/C=C\C/C=C\CCCCCCCC(NCCO)=O,linoleoyl ethanolamide,linoleoyl ethanolamide,68171-52-8,4446566,HMDB0012252,,5283446
S100006730,54730,Amino Acid,Tryptophan Metabolism,323,YDXXLJMIHMIOIF-UHFFFAOYSA-N,O=C(NCC(O)=O)CC1=CNC2=CC=CC=C21,indoleacetylglycine,indoleacetylglycine,13113-08-1,393944,,,446640
S100006759,52350,Peptide,Dipeptide,781,VFVAGPWBFWJBMN-HTQZYQBOSA-N,O=C([C@H](N1)CCSC)N(CCC2)[C@@]2([H])C1=O,cyclo(met-pro),cyclo(met-pro),1355217-56-9,4483202,,,6502027
S100008903,52603,Lipid,Phosphatidylcholine (PC),2376,FVXDQWZBHIXIEJ-LNDKUQBDSA-N,CCCCC/C=C\C/C=C\CCCCCCCC(OC[C@@H](OC(CCCCCCC/C=C\C/C=C\CCCCC)=O)COP([O-])(OCC[N+](C)(C)C)=O)=O,"1,2-dilinoleoyl-GPC (18:2/18:2)","1,2-dilinoleoyl-GPC (18:2/18:2)",998-06-1,4450312,HMDB0008138,,5288075
S100008904,52438,Lipid,Phosphatidylcholine (PC),2339,ATHVAWFAEPLPPQ-VRDBWYNSSA-N,O=C(CCCCCCCCCCCCCCCCC)OC[C@]([H])(COP(OCC[N+](C)(C)C)([O-])=O)OC(CCCCCCC/C=C\CCCCCCCC)=O,1-stearoyl-2-oleoyl-GPC (18:0/18:1),1-stearoyl-2-oleoyl-GPC (18:0/18:1),56421-10-4,24766704,HMDB0008038,,24778825
S100008914,52462,Lipid,Phosphatidylcholine (PC),2314,IIZPXYDJLKNOIY-JXPKJXOSSA-N,CCCCCCCCCCCCCCCC(OC[C@@]([H])(OC(CCC/C=C\C/C=C\C/C=C\C/C=C\CCCCC)=O)COP([O-])(OCC[N+](C)(C)C)=O)=O,1-palmitoyl-2-arachidonoyl-GPC (16:0/20:4n6),1-palmitoyl-2-arachidonoyl-GPC (16:0/20:4n6),35418-58-7,8923140,HMDB0007982,C05208,10747814
S100008915,52610,Lipid,Phosphatidylcholine (PC),2320,IESVDEZGAHUQJU-ZLBXKVHBSA-N,CCCCCCCCCCCCCCCC(OC[C@](OC(CC/C=C\C/C=C\C/C=C\C/C=C\C/C=C\C/C=C\CC)=O)([H])COP([O-])(OCC[N+](C)(C)C)=O)=O,1-palmitoyl-2-docosahexaenoyl-GPC (16:0/22:6),1-palmitoyl-2-docosahexaenoyl-GPC (16:0/22:6),59403-54-2,4946007,HMDB0007991,,6441886
S100008916,52611,Lipid,Phosphatidylcholine (PC),2356,FAUYAENFVCNTAL-PFFNLMTBSA-N,O=C(CC/C=C\C/C=C\C/C=C\C/C=C\C/C=C\C/C=C\CC)O[C@H](COC(CCCCCCCCCCCCCCCCC)=O)CO[P](OCC[N+](C)(C)C)([O-])=O,1-stearoyl-2-docosahexaenoyl-GPC (18:0/22:6),1-stearoyl-2-docosahexaenoyl-GPC (18:0/22:6),59403-52-0,,HMDB0008057,,24778876
S100008919,52614,Lipid,Plasmalogen,2826,XVYPOHCSLJZFED-QZEVRULJSA-N,[H][C@@](COP([O-])(OCC[NH3+])=O)(OC(CCCCCCC/C=C\CCCCCCCC)=O)CO/C=C\CCCCCCCCCCCCCCCC,1-(1-enyl-stearoyl)-2-oleoyl-GPE (P-18:0/18:1),1-(1-enyl-stearoyl)-2-oleoyl-GPE (P-18:0/18:1),144371-68-6,24769260,HMDB0011375,,42607457
S100008920,52615,Lipid,Sphingomyelins,3137,YMQZQHIESOAPQH-JXGHDCMNSA-N,O=C(N[C@@]([C@]([H])(O)/C=C/CCCCCCCCCCCCC)([H])COP([O-])(OCC[N+](C)(C)C)=O)CCCCCCCCCCCCCCCC,"sphingomyelin (d18:1/17:0, d17:1/18:0, d19:1/16:0)","sphingomyelin (d18:1/17:0, d17:1/18:0, d19:1/16:0)",121999-64-2,,"HMDB0240620,HMDB0240609,HMDB0240622",,46891763
S100008921,52616,Lipid,Phosphatidylcholine (PC),2298,PZNPLUBHRSSFHT-RRHRGVEJSA-N,O=C(CCCCCCCCCCCCCCC)OC[C@]([H])(COP(OCC[N+](C)(C)C)([O-])=O)OC(CCCCCCCCCCCCCCCCC)=O,1-palmitoyl-2-stearoyl-GPC (16:0/18:0),1-palmitoyl-2-stearoyl-GPC (16:0/18:0),59403-51-9,24766643,HMDB0007970,C03889,24778686
S100008928,52281,Amino Acid,Glutathione Metabolism,590,AFENDNXGAFYKQO-UHFFFAOYSA-N,CCC(O)C(O)=O,2-hydroxybutyrate/2-hydroxyisobutyrate,2-hydroxybutyrate/2-hydroxyisobutyrate,,,"HMDB0000729,HMDB00008","C21297,C05984","440864,4277439"
S100008929,52282,Energy,TCA Cycle,1477,YNOXCRMFGMSKIJ-UHFFFAOYSA-N,CC(C(O)=O)C(C(O)=O)(O)CC(O)=O,2-methylcitrate/homocitrate,2-methylcitrate/homocitrate,,,"HMDB0003518,HMDB0000379",C01251,"439459,515"
S100008930,52285,Lipid,Long Chain Monounsaturated Fatty Acid,1550,ZQPPMHVWECSIRJ-KTKRTIGZSA-N,OC(CCCCCCC/C=C\CCCCCCCC)=O,oleate/vaccenate (18:1),oleate/vaccenate (18:1),,,"HMDB0003231,HMDB0000573,HMDB0240219,HMDB0000207","C21944,C08367,C01712,C00712","5282761,637517,5281127,445639"
S100008932,63154,Peptide,Acetylated Peptides,1213,QUWZFULUMBECLL-UHFFFAOYSA-N,O=C(NCCS(=O)(O)=O)CC1=CC=CC=C1,phenylacetyltaurine,phenylacetyltaurine,33953-90-1,1627903,,,2179693
S100008933,52938,Lipid,"Fatty Acid, Monohydroxy",2006,POMQYTSPMKEQNB-UHFFFAOYSA-N,OC(CC(O)CCCCCCCCCCCCCCC)=O,3-hydroxystearate,3-hydroxystearate,45261-96-9,4446034,HMDB10737,,5282907
S100008934,52916,Lipid,"Fatty Acid, Monohydroxy",1983,YDZIJQXINJLRLL-UHFFFAOYSA-N,OC(C(O)CCCCCCCCCC)=O,2-hydroxylaurate,2-hydroxylaurate,2984-55-6,88259,,,97783
S100008952,52431,Lipid,Monoacylglycerol,2870,KVYUBFKSKZWZSV-BQYQJAHWSA-N,CCCCCC/C=C/CCCCCCCC(OCC(O)CO)=O,1-palmitoleoylglycerol (16:1)*,1-palmitoleoylglycerol (16:1)*,,,HMDB0011565,,
S100008954,52434,Lipid,Dihydrosphingomyelins,3118,QHZIGNLCLJPLCU-QPPIDDCLSA-N,[H][C@](NC(CCCCCCCCCCCCCCC)=O)(COP(OCC[N+](C)(C)C)([O-])=O)[C@@](O)([H])CCCCCCCCCCCCCCC,palmitoyl dihydrosphingomyelin (d18:0/16:0)*,palmitoyl dihydrosphingomyelin (d18:0/16:0)*,,8115586,HMDB0010168,,9939965
S100008955,52436,Lipid,Sphingomyelins,3126,SXZWBNWTCVLZJN-NMIJJABPSA-N,[H][C@](NC(CCCCCCCCCCCCCCCCCCCCCC)=O)(COP(OCC[N+](C)(C)C)([O-])=O)[C@@](O)([H])/C=C/CCCCCCCCCCCCC,tricosanoyl sphingomyelin (d18:1/23:0)*,tricosanoyl sphingomyelin (d18:1/23:0)*,,,HMDB0012105,,
S100008956,52435,Lipid,Sphingomyelins,3147,JBDGKEXQKCCQFK-JWQIMADESA-N,[H][C@](NC(CCCCCCCCCCCCCCCCCCCCCC)=O)(COP(OCC[N+](C)(C)C)([O-])=O)[C@@](O)([H])/C=C/CCCCCCCC/C=C\CCC,"sphingomyelin (d18:2/23:0, d18:1/23:1, d17:1/24:1)*","sphingomyelin (d18:2/23:0, d18:1/23:1, d17:1/24:1)*",,,"HMDB0240634,HMDB0011696,HMDB0240614",,134757653
S100008957,52437,Lipid,Sphingomyelins,3149,TXFLWJQVQCDUDZ-BRUGZULGSA-N,[H][C@](NC(CCCCCCCCCCCCC/C=C\CCCCCCCC)=O)(COP(OCC[N+](C)(C)C)([O-])=O)[C@@](O)([H])/C=C/CCCCCCCC/C=C\CCC,"sphingomyelin (d18:2/24:1, d18:1/24:2)*","sphingomyelin (d18:2/24:1, d18:1/24:2)*",,,"HMDB0240636,HMDB0240615",,85336023
S100008976,52446,Lipid,Phosphatidylethanolamine (PE),2446,YDTWOEYVDRKKCR-KNERPIHHSA-N,O=C(CCCCCCCCCCCCCCCCC)OC[C@]([H])(COP(OCCN)(O)=O)OC(CCCCCCC/C=C\C/C=C\CCCCC)=O,1-stearoyl-2-linoleoyl-GPE (18:0/18:2)*,1-stearoyl-2-linoleoyl-GPE (18:0/18:2)*,,7825699,HMDB0008994,,9546749
S100008977,52447,Lipid,Phosphatidylethanolamine (PE),2455,ANRKEHNWXKCXDB-BHFWLYLHSA-N,O=C(CCCCCCCCCCCCCCCCC)OC[C@]([H])(COP(OCCN)(O)=O)OC(CCC/C=C\C/C=C\C/C=C\C/C=C\CCCCC)=O,1-stearoyl-2-arachidonoyl-GPE (18:0/20:4),1-stearoyl-2-arachidonoyl-GPE (18:0/20:4),,4451158,HMDB0009003,C05210,5289133
S100008980,52452,Lipid,Phosphatidylcholine (PC),2342,FORFDCPQKJHEBF-JEFUZMEDSA-N,CCCCCCCCCCCCCCCCCC(OCC(OC(CCCCCCC/C=C/C/C=C/CCCCC)=O)COP([O-])(OCC[N+](C)(C)C)=O)=O,1-stearoyl-2-linoleoyl-GPC (18:0/18:2)*,1-stearoyl-2-linoleoyl-GPC (18:0/18:2)*,,,HMDB0008039,,6441487
S100008984,52470,Lipid,Phosphatidylcholine (PC),2296,QIBZFHLFHCIUOT-HTXNQAPBSA-N,CCCCCCCCCCCCCCCC(OCC(OC(CCCCCCC/C=C/CCCCCC)=O)COP([O-])(OCC[N+](C)(C)C)=O)=O,1-palmitoyl-2-palmitoleoyl-GPC (16:0/16:1)*,1-palmitoyl-2-palmitoleoyl-GPC (16:0/16:1)*,,,HMDB0007969,,6443788
S100008989,52463,Lipid,Phosphatidylcholine (PC),2315,KLTHQSWIRFFBRI-RWSHWRRPSA-N,CCCCCCCCCCCCCCCC(OCC(OC(CCC/C=C/C/C=C/C/C=C/C/C=C/C/C=C/CC)=O)COP([O-])(OCC[N+](C)(C)C)=O)=O,1-palmitoyl-2-eicosapentaenoyl-GPC (16:0/20:5)*,1-palmitoyl-2-eicosapentaenoyl-GPC (16:0/20:5)*,,,HMDB0007984,,24778723
S100008990,52464,Lipid,Phosphatidylethanolamine (PE),2433,DRIVXEVMDWCWLI-CAQMIEAISA-N,O=C(CCCCCCCCCCCCCCC)OC[C@]([H])(COP(OCCN)(O)=O)OC(CCC/C=C\C/C=C\C/C=C\C/C=C\CCCCC)=O,1-palmitoyl-2-arachidonoyl-GPE (16:0/20:4)*,1-palmitoyl-2-arachidonoyl-GPE (16:0/20:4)*,,7825750,HMDB0005323,C05210,9546800
S100008991,52465,Lipid,Phosphatidylethanolamine (PE),2435,MPWUZHVZZKSTPV-MADBQMNMSA-N,O=C(CCCCCCCCCCCCCCC)OC[C@]([H])(COP(OCCN)(O)=O)OC(CC/C=C\C/C=C\C/C=C\C/C=C\C/C=C\C/C=C\CC)=O,1-palmitoyl-2-docosahexaenoyl-GPE (16:0/22:6)*,1-palmitoyl-2-docosahexaenoyl-GPE (16:0/22:6)*,,7825749,HMDB0008946,,9546799
S100008992,52466,Lipid,Phosphatidylethanolamine (PE),2459,XYYHNDVKALDFHQ-OXHZBIAZSA-N,O=C(CCCCCCCCCCCCCCCCC)OC[C@]([H])(COP(OCCN)(O)=O)OC(CC/C=C\C/C=C\C/C=C\C/C=C\C/C=C\C/C=C\CC)=O,1-stearoyl-2-docosahexaenoyl-GPE (18:0/22:6)*,1-stearoyl-2-docosahexaenoyl-GPE (18:0/22:6)*,,7825748,HMDB0009012,,9546798
S100008993,52467,Lipid,Phosphatidylinositol (PI),2556,KIQYUSYSJTUGFZ-LSLODQAYSA-N,O=C(CCCCCCCCCCCCCCC)OC[C@@]([H])(OC(CCC/C=C\C/C=C\C/C=C\C/C=C\CCCCC)=O)COP(O[C@H]1[C@H](O)[C@@H](O)[C@H](O)[C@@H](O)[C@H]1O)(O)=O,1-palmitoyl-2-arachidonoyl-GPI (16:0/20:4)*,1-palmitoyl-2-arachidonoyl-GPI (16:0/20:4)*,,24767674,HMDB0009789,,
S100008994,52468,Lipid,Phosphatidylinositol (PI),2560,KZVRAFHIKMDULK-HAVSRZFESA-N,O=C(CCCCCCCCCCCCCCCCC)OC[C@@]([H])(OC(CCCCCCC/C=C\C/C=C\CCCCC)=O)COP(O[C@H]1[C@H](O)[C@@H](O)[C@H](O)[C@@H](O)[C@H]1O)(O)=O,1-stearoyl-2-linoleoyl-GPI (18:0/18:2),1-stearoyl-2-linoleoyl-GPI (18:0/18:2),,24767694,HMDB0009809,,
S100008998,52473,Cofactors and Vitamins,Tocopherol Metabolism,4402,QUEDXNHFTDJVIY-DQCZWYHMSA-N,CC1=C(C(CC2)=CC(O)=C1C)O[C@@]2(CCC[C@@H](CCC[C@@H](CCCC(C)C)C)C)C,gamma-tocopherol/beta-tocopherol,gamma-tocopherol/beta-tocopherol,,,"HMDB0006335,HMDB0001492","C14152,C02483",
S100008999,52475,Lipid,Plasmalogen,2835,URPXXNCTXCOATD-FXMFQVEGSA-N,[H][C@](OC(CCC/C=C\C/C=C\C/C=C\C/C=C\CCCCC)=O)(COP(OCCN)(O)=O)CO/C=C\CCCCCCCCCCCCCCCC,1-(1-enyl-stearoyl)-2-arachidonoyl-GPE (P-18:0/20:4)*,1-(1-enyl-stearoyl)-2-arachidonoyl-GPE (P-18:0/20:4)*,,7826008,HMDB0005779,,9547058
S100009000,52672,Lipid,Plasmalogen,2822,WVGALBKSWOUIEZ-XNHMFJFDSA-N,[H][C@](OC(CC/C=C\C/C=C\C/C=C\C/C=C\C/C=C\C/C=C\CC)=O)(COP(OCCN)(O)=O)CO/C=C\CCCCCCCCCCCCCC,1-(1-enyl-palmitoyl)-2-docosahexaenoyl-GPE (P-16:0/22:6)*,1-(1-enyl-palmitoyl)-2-docosahexaenoyl-GPE (P-16:0/22:6)*,,4446616,HMDB0005780,,5283497
S100009002,52673,Lipid,Plasmalogen,2821,UUYSKERSKRMYME-MAIXUNBTSA-N,[H][C@](OC(CCC/C=C\C/C=C\C/C=C\C/C=C\CCCCC)=O)(COP(OCCN)(O)=O)CO/C=C\CCCCCCCCCCCCCC,1-(1-enyl-palmitoyl)-2-arachidonoyl-GPE (P-16:0/20:4)*,1-(1-enyl-palmitoyl)-2-arachidonoyl-GPE (P-16:0/20:4)*,,24769238,HMDB0011352,,52925126
S100009004,52476,Lipid,Plasmalogen,2838,FIJFPUAJUDAZEY-MNDXXDKYSA-N,[H][C@](OC(CC/C=C\C/C=C\C/C=C\C/C=C\C/C=C\C/C=C\CC)=O)(COP(OCCN)(O)=O)CO/C=C\CCCCCCCCCCCCCCCC,1-(1-enyl-stearoyl)-2-docosahexaenoyl-GPE (P-18:0/22:6)*,1-(1-enyl-stearoyl)-2-docosahexaenoyl-GPE (P-18:0/22:6)*,,24769278,HMDB0011394,,42607458
S100009005,52477,Lipid,Plasmalogen,2817,ZVVYJAAMWXATNY-PRWZWGSOSA-N,[H][C@](OC(CCCCCCC/C=C\CCCCCCCC)=O)(COP(OCCN)(O)=O)CO/C=C\CCCCCCCCCCCCCC,1-(1-enyl-palmitoyl)-2-oleoyl-GPE (P-16:0/18:1)*,1-(1-enyl-palmitoyl)-2-oleoyl-GPE (P-16:0/18:1)*,,24769228,HMDB0011342,,52925128
S100009007,52478,Lipid,Plasmalogen,2823,CRBBMHQTIAELIS-KQBBALDBSA-N,[H][C@](OC(CCCCCCC/C=C\CCCCCCCC)=O)(CO[P-](OCC[N+](C)(C)C)([O])=O)CO/C=C\CCCCCCCCCCCCCC,1-(1-enyl-palmitoyl)-2-oleoyl-GPC (P-16:0/18:1)*,1-(1-enyl-palmitoyl)-2-oleoyl-GPC (P-16:0/18:1)*,,,HMDB0007996,,34779384
S100009008,52630,Lipid,Plasmalogen,2815,QICWUUGBNFIZAZ-KMPUTSBYSA-N,[H][C@](OC(CC/C=C\C/C=C\C/C=C\C/C=C\C/C=C\C/C=C\CC)=O)(COP(OCC[N+](C)(C)C)([O-])=O)CO/C=C\CCCCCCCCCCCCCC,1-(1-enyl-palmitoyl)-2-docosahexaenoyl-GPC (P-16:0/22:6)*,1-(1-enyl-palmitoyl)-2-docosahexaenoyl-GPC (P-16:0/22:6)*,,,HMDB0011229,,53480699
S100009009,52682,Lipid,Plasmalogen,2831,QLEHHUPUHJPURI-PWYDUFMYSA-N,[H][C@](OC(CCCCCCC/C=C\C/C=C\CCCCC)=O)(COP(OCC[N+](C)(C)C)([O-])=O)CO/C=C\CCCCCCCCCCCCCC,1-(1-enyl-palmitoyl)-2-linoleoyl-GPC (P-16:0/18:2)*,1-(1-enyl-palmitoyl)-2-linoleoyl-GPC (P-16:0/18:2)*,,24767486,HMDB0011211,,24779386
S100009014,52689,Lipid,Plasmalogen,2830,IOYKZPNDXIIXLN-LOQSCQKMSA-N,[H][C@](OC(CCC/C=C\C/C=C\C/C=C\C/C=C\CCCCC)=O)(COP(OCC[N+](C)(C)C)([O-])=O)CO/C=C\CCCCCCCCCCCCCC,1-(1-enyl-palmitoyl)-2-arachidonoyl-GPC (P-16:0/20:4)*,1-(1-enyl-palmitoyl)-2-arachidonoyl-GPC (P-16:0/20:4)*,,24767495,HMDB0011220,,
S100009015,52704,Lipid,Plasmalogen,2836,TXHZYNSTTCIWMJ-RXSQUPBGSA-N,[H][C@](OC(CC/C=C\C/C=C\C/C=C\C/C=C\C/C=C\C/C=C\CC)=O)(COP(OCC[N+](C)(C)C)([O-])=O)CO/C=C\CCCCCCCCCCCCCCCC,1-(1-enyl-stearoyl)-2-docosahexaenoyl-GPC (P-18:0/22:6)*,1-(1-enyl-stearoyl)-2-docosahexaenoyl-GPC (P-18:0/22:6)*,,24767537,HMDB0011262,,42607430
S100009019,57333,Lipid,Plasmalogen,2812,GBNPCIWXLWZJGA-ADTCAWDJSA-N,CCCCCCCCCCCCCCCCCCOCC(OC(CCC/C=C/C/C=C/C/C=C/C/C=C/CCCCC)=O)COP([O-])(OCC[N+](C)(C)C)=O,1-stearyl-2-arachidonoyl-GPC (O-18:0/20:4)*,1-stearyl-2-arachidonoyl-GPC (O-18:0/20:4)*,,,,,
S100009025,52495,Lipid,Sphingomyelins,3143,YXSZOBWVQJIWNE-QVDCKBILSA-N,[H][C@](NC(CCCCCCCCCCCCCCCCCCCC)=O)(COP(OCC[N+](C)(C)C)([O-])=O)[C@@](O)([H])/C=C/CCCCCCCCCCCCC,"sphingomyelin (d18:1/21:0, d17:1/22:0, d16:1/23:0)*","sphingomyelin (d18:1/21:0, d17:1/22:0, d16:1/23:0)*",,,"HMDB0240619,HMDB0240611,HMDB0240621",,
S100009026,57331,Lipid,Dihydrosphingomyelins,3119,FONAXCRWZQFJHY-JCGOJSMZSA-N,[H][C@](NC(CCCCCCCCCCCCCCCCCCCCC)=O)(COP(OCC[N+](C)(C)C)([O-])=O)[C@@](O)([H])CCCCCCCCCCCCCCC,behenoyl dihydrosphingomyelin (d18:0/22:0)*,behenoyl dihydrosphingomyelin (d18:0/22:0)*,,24846880,HMDB0012091,,44260132
S100009027,57473,Lipid,Dihydrosphingomyelins,3120,JCELSEVNSMXGKA-IOLBBIBUSA-N,[H][C@](NC(CCCCCCCCCCCCCCCCC)=O)(COP(OCC[N+](C)(C)C)([O-])=O)[C@@](O)([H])CCCCCCCCCCCCCCC,"sphingomyelin (d18:0/18:0, d19:0/17:0)*","sphingomyelin (d18:0/18:0, d19:0/17:0)*",,24846878,HMDB0012087,,44260130
S100009028,52604,Lipid,Dihydroceramides,3027,GCGTXOVNNFGTPQ-JHOUSYSJSA-N,[H][C@](NC(CCCCCCCCCCCCCCC)=O)(CO)[C@@](O)([H])CCCCCCCCCCCCCCC,N-palmitoyl-sphinganine (d18:0/16:0),N-palmitoyl-sphinganine (d18:0/16:0),5966-29-0,4446685,HMDB11760,,5283572
S100009035,52497,Lipid,Phosphatidylcholine (PC),2288,DGBYUHHIADYUMU-UESLNCBNSA-N,O=C(CCCCCCCCCCCCCC)OC[C@]([H])(COP(OCC[N+](C)(C)C)([O-])=O)OC(CCCCCCC/C=C\C/C=C\CCCCC)=O,1-pentadecanoyl-2-linoleoyl-GPC (15:0/18:2)*,1-pentadecanoyl-2-linoleoyl-GPC (15:0/18:2)*,,24766615,HMDB0007940,,24778664
S100009036,52499,Lipid,Phosphatidylcholine (PC),2333,SXNXGNVZTLZDHE-IYEJTHTFSA-N,O=C(CCCCCCCCCCCCCCCC)OC[C@]([H])(COP(OCC[N+](C)(C)C)([O-])=O)OC(CCCCCCC/C=C\CCCCCCCC)=O,1-margaroyl-2-oleoyl-GPC (17:0/18:1)*,1-margaroyl-2-oleoyl-GPC (17:0/18:1)*,,24822423,,,
S100009037,52500,Lipid,Phosphatidylcholine (PC),2334,ZSKWZJYUVZYDQU-WESJWMGVSA-N,O=C(CCCCCCCCCCCCCCCC)OC[C@]([H])(COP(OCC[N+](C)(C)C)([O-])=O)OC(CCCCCCC/C=C\C/C=C\CCCCC)=O,1-margaroyl-2-linoleoyl-GPC (17:0/18:2)*,1-margaroyl-2-linoleoyl-GPC (17:0/18:2)*,,,,,52922491
S100009038,57365,Lipid,Dihydrosphingomyelins,3117,MJAFYELZQYPMQG-MPQUPPDSSA-N,[H][C@](NC(CCCCCCCCCCCCC)=O)(COP(OCC[N+](C)(C)C)([O-])=O)[C@@](O)([H])CCCCCCCCCCCCCCC,myristoyl dihydrosphingomyelin (d18:0/14:0)*,myristoyl dihydrosphingomyelin (d18:0/14:0)*,,24846886,HMDB0012085,,44260138
S100009042,52914,Amino Acid,Tryptophan Metabolism,325,YJRFFCVUYDRNTR-UHFFFAOYSA-N,OS(OC1=CC=C2C(C=CN2)=C1)(=O)=O,5-hydroxyindole sulfate,5-hydroxyindole sulfate,,,,,
S100009043,52915,Amino Acid,Tryptophan Metabolism,326,YBMPUGDWCSVZRS-UHFFFAOYSA-N,O=S(OC1=C2C(C=CN2)=CC=C1)(O)=O,7-hydroxyindole sulfate,7-hydroxyindole sulfate,,,,,
S100009045,52925,Peptide,Acetylated Peptides,1202,PTSRBZOZSRJCKX-JTQLQIEISA-N,O=C(N[C@H](C(O)=O)CCC(O)=O)CC1=CC=CC=C1,phenylacetylglutamate,phenylacetylglutamate,,9754592,HMDB0059772,,11579826
S100009051,52629,Lipid,Phosphatidylcholine (PC),2346,VGSUMLIRUGDCTF-NSMRCOLJSA-N,O=C(CCCCCCCCCCCCCCCCC)OC[C@]([H])(COP(OCC[N+](C)(C)C)([O-])=O)OC(CCCCCC/C=C\C/C=C\C/C=C\CCCCC)=O,1-stearoyl-2-dihomo-linolenoyl-GPC (18:0/20:3n3 or 6)*,1-stearoyl-2-dihomo-linolenoyl-GPC (18:0/20:3n3 or 6)*,,24766712,HMDB0008047,,
S100009052,52633,Lipid,Diacylglycerol,2924,SVXWJFFKLMLOHO-YAIZGCQRSA-N,OC[C@]([H])(OC(CCCCCCC/C=C\C/C=C\CCCCC)=O)COC(CCCCCCCCCCCCCCC)=O,palmitoyl-linoleoyl-glycerol (16:0/18:2) [1]*,palmitoyl-linoleoyl-glycerol (16:0/18:2) [1]*,,7822645,HMDB0007103,,9543695
S100009055,52634,Lipid,Diacylglycerol,2925,ZKYDYRLDJZZKEU-BCTRXSSUSA-N,CCCCCCCCCCCCCCCC(OCC(O)COC(CCCCCCC/C=C\C/C=C\CCCCC)=O)=O,palmitoyl-linoleoyl-glycerol (16:0/18:2) [2]*,palmitoyl-linoleoyl-glycerol (16:0/18:2) [2]*,,,HMDB0007103,,131801744
S100009066,52669,Lipid,Phosphatidylinositol (PI),2551,PDLAMJKMOKWLAJ-KTBSNPQYSA-N,O=C(CCCCCCCCCCCCCCC)OC[C@@]([H])(OC(CCCCCCC/C=C\CCCCCCCC)=O)COP(O[C@H]1[C@H](O)[C@@H](O)[C@H](O)[C@@H](O)[C@H]1O)(O)=O,1-palmitoyl-2-oleoyl-GPI (16:0/18:1)*,1-palmitoyl-2-oleoyl-GPI (16:0/18:1)*,,24767668,HMDB0009783,,71296232
S100009067,52668,Lipid,Phosphatidylinositol (PI),2579,DJVOKHFQPGWUPK-SWXQTFNJSA-N,O=C(CCCCCCCCCCCCCCCCC)OC[C@@]([H])(OC(CC/C=C\C/C=C\C/C=C\C/C=C\C/C=C\C/C=C\CC)=O)COP(O[C@H]1[C@H](O)[C@@H](O)[C@H](O)[C@@H](O)[C@H]1O)(O)=O,1-stearoyl-2-docosahexaenoyl-GPI (18:0/22:6)*,1-stearoyl-2-docosahexaenoyl-GPI (18:0/22:6)*,,24767706,HMDB0009821,,52927465
S100009069,52677,Lipid,Plasmalogen,2818,LJVXDBWIBQQKFU-CCJYEBHUSA-N,[H][C@](OC(CCCCCCC/C=C\C/C=C\CCCCC)=O)(COP(OCCN)(O)=O)CO/C=C\CCCCCCCCCCCCCC,1-(1-enyl-palmitoyl)-2-linoleoyl-GPE (P-16:0/18:2)*,1-(1-enyl-palmitoyl)-2-linoleoyl-GPE (P-16:0/18:2)*,,24769229,HMDB0011343,,52925127
S100009075,52683,Lipid,Phosphatidylcholine (PC),2326,QJWDAOSZZYVBJZ-KXESGEQTSA-N,O=C(CCCCCCC/C=C\CCCCCC)OC[C@]([H])(COP(OCC[N+](C)(C)C)([O-])=O)OC(CCCCCCC/C=C\C/C=C\CCCCC)=O,1-palmitoleoyl-2-linoleoyl-GPC (16:1/18:2)*,1-palmitoleoyl-2-linoleoyl-GPC (16:1/18:2)*,,24766675,HMDB0008006,,24778768
S100009078,52687,Lipid,Phosphatidylethanolamine (PE),2461,GKAFCSRKMWFPSJ-RJXNKANHSA-N,O=C(CCCCCCC/C=C\CCCCCCCC)OC[C@]([H])(COP(OCCN)(O)=O)OC(CCCCCCC/C=C\C/C=C\CCCCC)=O,1-oleoyl-2-linoleoyl-GPE (18:1/18:2)*,1-oleoyl-2-linoleoyl-GPE (18:1/18:2)*,,7825703,HMDB0005349,,9546753
S100009082,52690,Lipid,Lysophospholipid,2604,ZQTAMPRZFOOEEP-KKFOGOCZSA-N,O=C(CCCCCCC/C=C\C/C=C\CCCCC)OC[C@]([H])(COP(O)(O)=O)O,1-linoleoyl-GPA (18:2)*,1-linoleoyl-GPA (18:2)*,,24766514,HMDB0007856,,
S100009122,53194,Lipid,Phosphatidylcholine (PC),2289,ZSWHHKKYMMYPPD-MSZSINMWSA-N,O=C(CCCCCCCCCCCCCC)OC[C@]([H])(COP(OCC[N+](C)(C)C)([O-])=O)OC(CCC/C=C\C/C=C\C/C=C\C/C=C\CCCCC)=O,1-pentadecanoyl-2-arachidonoyl-GPC (15:0/20:4)*,1-pentadecanoyl-2-arachidonoyl-GPC (15:0/20:4)*,,24766624,HMDB0007949,,52922330
S100009123,53197,Lipid,Phosphatidylcholine (PC),2290,GEINPYKZLFHHIL-HEXXMCQTSA-N,O=C(CCCCCCCCCCCCCC)OC[C@]([H])(COP(OCC[N+](C)(C)C)([O-])=O)OC(CC/C=C\C/C=C\C/C=C\C/C=C\C/C=C\C/C=C\CC)=O,1-pentadecanoyl-2-docosahexaenoyl-GPC (15:0/22:6)*,1-pentadecanoyl-2-docosahexaenoyl-GPC (15:0/22:6)*,,24766633,HMDB0007958,,52922342
S100009124,53193,Lipid,Phosphatidylcholine (PC),2335,MHUZXLUKTLNHIX-GUNPMBPGSA-N,O=C(CCCCCCCCCCCCCCCC)OC[C@]([H])(COP(OCC[N+](C)(C)C)([O-])=O)OC(CCC/C=C\C/C=C\C/C=C\C/C=C\CCCCC)=O,1-margaroyl-2-arachidonoyl-GPC (17:0/20:4)*,1-margaroyl-2-arachidonoyl-GPC (17:0/20:4)*,,24822197,,,
S100009126,55062,Lipid,Phosphatidylcholine (PC),2391,UAVRPIXHIHJERN-CBTSKTMBSA-N,O=C(CCCCCCCCCCCCCCCCCCC)OC[C@]([H])(COP(OCC[N+](C)(C)C)([O-])=O)OC(CCC/C=C\C/C=C\C/C=C\C/C=C\CCCCC)=O,1-arachidoyl-2-arachidonoyl-GPC (20:0/20:4)*,1-arachidoyl-2-arachidonoyl-GPC (20:0/20:4)*,,24766940,HMDB0008279,,24779048
S100009130,52697,Lipid,Phosphatidylcholine (PC),2375,FPEVDFOXMCHLKL-KFDYCXSYSA-N,O=C(CCCCCCC/C=C\CCCCCCCC)OC[C@]([H])(COP(OCC[N+](C)(C)C)([O-])=O)OC(CC/C=C\C/C=C\C/C=C\C/C=C\C/C=C\C/C=C\CC)=O,1-oleoyl-2-docosahexaenoyl-GPC (18:1/22:6)*,1-oleoyl-2-docosahexaenoyl-GPC (18:1/22:6)*,,24766785,HMDB0008123,,24778955
S100009131,52710,Lipid,Phosphatidylcholine (PC),2382,ZZSZQATYGVHNLZ-PUMLCSCDSA-N,O=C(CCCCCCC/C=C\C/C=C\CCCCC)OC[C@]([H])(COP(OCC[N+](C)(C)C)([O-])=O)OC(CCC/C=C\C/C=C\C/C=C\C/C=C\CCCCC)=O,1-linoleoyl-2-arachidonoyl-GPC (18:2/20:4n6)*,1-linoleoyl-2-arachidonoyl-GPC (18:2/20:4n6)*,,24766809,HMDB0008147,C05208,24778979
S100009134,53175,Lipid,Plasmalogen,2809,IQACMFWAGALEAQ-WESJWMGVSA-N,[H][C@](OC(CCCCCCC/C=C\C/C=C\CCCCC)=O)(COP(OCC[N+](C)(C)C)([O-])=O)COCCCCCCCCCCCCCCCC,1-palmityl-2-linoleoyl-GPC (O-16:0/18:2)*,1-palmityl-2-linoleoyl-GPC (O-16:0/18:2)*,,4947190,HMDB0011151,,6443157
S100009139,53195,Lipid,Phosphatidylcholine (PC),2283,SRQSAJRUMDQMMS-NLDJLLEISA-N,O=C(CCCCCCCCCCCCC)OC[C@]([H])(COP(OCC[N+](C)(C)C)([O-])=O)OC(CCC/C=C\C/C=C\C/C=C\C/C=C\CCCCC)=O,1-myristoyl-2-arachidonoyl-GPC (14:0/20:4)*,1-myristoyl-2-arachidonoyl-GPC (14:0/20:4)*,,24766559,HMDB0007883,,24778634
S100009141,52699,Lipid,Phosphatidylcholine (PC),2354,MAAMGQXOTCBPFS-JPGWWKBXSA-N,O=C(CCCCCCCCCCCCCCCCC)OC[C@]([H])(COP(OCC[N+](C)(C)C)([O-])=O)OC(CCCCC/C=C\C/C=C\C/C=C\C/C=C\C/C=C\CC)=O,1-stearoyl-2-docosapentaenoyl-GPC (18:0/22:5n3)*,1-stearoyl-2-docosapentaenoyl-GPC (18:0/22:5n3)*,,24766720,HMDB0008056,,24778873
S100009142,52700,Lipid,Phosphatidylcholine (PC),2355,GLPAGCOJQYNMCC-NEEAVLKMSA-N,O=C(CCCCCCCCCCCCCCCCC)OC[C@]([H])(COP(OCC[N+](C)(C)C)([O-])=O)OC(CC/C=C\C/C=C\C/C=C\C/C=C\C/C=C\CCCCC)=O,1-stearoyl-2-docosapentaenoyl-GPC (18:0/22:5n6)*,1-stearoyl-2-docosapentaenoyl-GPC (18:0/22:5n6)*,,24766719,HMDB0008055,,24778871
S100009146,55061,Lipid,Phosphatidylcholine (PC),2353,AXZGUCXCTZMPTR-UVGACIQRSA-N,O=C(CCCCCCCCCCCCCCCCC)OC[C@]([H])(COP(OCC[N+](C)(C)C)([O-])=O)OC(CCCCC/C=C\C/C=C\C/C=C\C/C=C\CCCCC)=O,1-stearoyl-2-adrenoyl-GPC (18:0/22:4)*,1-stearoyl-2-adrenoyl-GPC (18:0/22:4)*,,24766718,HMDB0008054,,24778868
S100009147,52703,Lipid,Lysoplasmalogen,2849,XKBJVQHMEXMFDZ-AREMUKBSSA-N,[H][C@](O)(COP(OCC[N+](C)(C)C)([O-])=O)COCCCCCCCCCCCCCCCCCC,1-stearyl-GPC (O-18:0)*,1-stearyl-GPC (O-18:0)*,,2015318,HMDB0011149,C04317,2733532
S100009153,52738,Lipid,Phosphatidylcholine (PC),2347,QXDDDGCNWRUEFM-UMKMFDOBSA-N,O=C(CCCCCCCCCCCCCCCCC)OC[C@]([H])(COP(OCC[N+](C)(C)C)([O-])=O)OC(CCC/C=C\C/C=C\C/C=C\CCCCCCCC)=O,1-stearoyl-2-meadoyl-GPC (18:0/20:3n9)*,1-stearoyl-2-meadoyl-GPC (18:0/20:3n9)*,,24766711,HMDB0008046,,24778855
S100009162,52716,Lipid,Plasmalogen,2819,PEWXKAOBUSBJLD-MCBGMKGZSA-N,[H][C@](OC(CCCCCCCCCCCCCCC)=O)(COP(OCC[N+](C)(C)C)([O-])=O)CO/C=C\CCCCCCCCCCCCCC,1-(1-enyl-palmitoyl)-2-palmitoyl-GPC (P-16:0/16:0)*,1-(1-enyl-palmitoyl)-2-palmitoyl-GPC (P-16:0/16:0)*,,9322076,HMDB0011206,,11146967
S100009181,52726,Lipid,Phosphatidylinositol (PI),2559,YOBFISPJJWPPTK-BAAZTTAESA-N,O=C(CCCCCCCCCCCCCCCCC)OC[C@@]([H])(OC(CCCCCCC/C=C\CCCCCCCC)=O)COP(O[C@H]1[C@H](O)[C@@H](O)[C@H](O)[C@@H](O)[C@H]1O)(O)=O,1-stearoyl-2-oleoyl-GPI (18:0/18:1)*,1-stearoyl-2-oleoyl-GPI (18:0/18:1)*,,,HMDB0240667,,
S100009184,54984,Lipid,Phosphatidylinositol (PI),2575,ZUGLBBVIAIBIKG-KXPCXWIZSA-N,O=C(CCCCCCCCCCCCCCCCC)OC[C@@]([H])(OC(CCCCCC/C=C\C/C=C\C/C=C\CCCCC)=O)COP(O[C@H]1[C@H](O)[C@@H](O)[C@H](O)[C@@H](O)[C@H]1O)(O)=O,1-stearoyl-2-dihomo-linolenoyl-GPI (18:0/20:3n3 or 6)*,1-stearoyl-2-dihomo-linolenoyl-GPI (18:0/20:3n3 or 6)*,,24767699,HMDB0009814,,
S100009198,61501,Lipid,Lysoplasmalogen,2850,JIJGULMDDZORPH-HSZRJFAPSA-N,[H][C@](O)(COP(OCCN)(O)=O)COCCCCCCCCCCCCCCCCCC,1-stearyl-GPE (O-18:0)*,1-stearyl-GPE (O-18:0)*,,24823081,,,46891690
S100009217,53174,Lipid,Phosphatidylethanolamine (PE),2469,SSCDRSKJTAQNNB-DWEQTYCFSA-N,O=C(CCCCCCC/C=C\C/C=C\CCCCC)OC[C@]([H])(COP(OCCN)(O)=O)OC(CCCCCCC/C=C\C/C=C\CCCCC)=O,"1,2-dilinoleoyl-GPE (18:2/18:2)*","1,2-dilinoleoyl-GPE (18:2/18:2)*",,7825762,HMDB0009093,,9546812
S100009225,52748,Lipid,Plasmalogen,2827,XVXISDREVDGQPX-PISDLAQISA-N,[H][C@](OC(CCCCCCC/C=C\C/C=C\CCCCC)=O)(COP(OCCN)(O)=O)CO/C=C\CCCCCCCCCCCCCCCC,1-(1-enyl-stearoyl)-2-linoleoyl-GPE (P-18:0/18:2)*,1-(1-enyl-stearoyl)-2-linoleoyl-GPE (P-18:0/18:2)*,,24769261,HMDB0011376,,
S100009227,54885,Lipid,Lysophospholipid,2732,VEEHTGYBVMTAAF-RFFZIGDUSA-N,[H][C@@](CO)(O)COP(OC[C@]([H])(O)COC(CCCCCCC/C=C\C/C=C\CCCCC)=O)(O)=O,1-linoleoyl-GPG (18:2)*,1-linoleoyl-GPG (18:2)*,,,HMDB0240600,,
S100009231,54914,Peptide,Gamma-glutamyl Amino Acid,663,SQBNIUOYNOKDTI-WHFBIAKZSA-N,OC([C@H](CO)NC(CC[C@H](N)C(O)=O)=O)=O,gamma-glutamylserine,gamma-glutamylserine,5875-35-4,18691889,HMDB0029158,,22844748
S100009232,53231,Xenobiotics,Chemical,6262,DZLNHFMRPBPULJ-VKHMYHEASA-N,O=C(O)[C@]1(NCSC1)[H],thioproline,thioproline,34592-47-4,84120,HMDB0062164,,93176
S100009233,52944,Lipid,Fatty Acid Metabolism (Acyl Choline),1960,UFQZDKMTMXCDBP-UHFFFAOYSA-N,C[N+](C)(C)CCOC(CCCCCCCCCCCCCC[CH2-])=O,palmitoylcholine,palmitoylcholine,,133731,HMDB0240592,,151731
S100009240,57645,Peptide,Acetylated Peptides,1198,FDWFFCURSPACFQ-UHFFFAOYSA-N,O=C(CC1=CC=CC=C1)N([H])C(C(O)=O)C,phenylacetylalanine,phenylacetylalanine,17966-65-3,490542,,,564251
S100009271,52984,Lipid,"Fatty Acid Metabolism (Acyl Carnitine, Hydroxy)",1937,UEFRDQSMQXDWTO-UHFFFAOYSA-N,CC(O)CC(OC(C[N+](C)(C)C)CC([O-])=O)=O,(S)-3-hydroxybutyrylcarnitine,(S)-3-hydroxybutyrylcarnitine,,,HMDB0013127,,71464477
S100009272,53013,Lipid,Hexosylceramides (HCER),3076,VJLLLMIZEJJZTE-NNTBDIJYSA-N,[H][C@](O)([C@@](NC(CCCCCCCCCCCCCCC)=O)(CO[C@@H]1O[C@H](CO)[C@@H](O)[C@H](O)[C@H]1O)[H])/C=C/CCCCCCCCCCCCC,glycosyl-N-palmitoyl-sphingosine (d18:1/16:0),glycosyl-N-palmitoyl-sphingosine (d18:1/16:0),,,,,
S100009328,54795,Xenobiotics,Food Component/Plant,5181,ZXQZXWJQZQBNQK-UHFFFAOYSA-N,OS(OC1=C(C)OC(C)C1=O)(=O)=O,furaneol sulfate,furaneol sulfate,,,,,59815364
S100009329,63590,Cofactors and Vitamins,Ascorbate and Aldarate Metabolism,4368,SKKZOYBAANIUOV-ZAFYKAAXSA-N,O[C@@H](CO)[C@@](C1=O)([H])OC(O)=C1OS(O)(=O)=O,ascorbic acid 2-sulfate,ascorbic acid 2-sulfate,,77998,HMDB0060649,,54676864
S100009331,53260,Lipid,Fatty Acid Metabolism (Acyl Choline),1961,GFSSJDJAEKYAGX-UHFFFAOYSA-N,O=C(CCCCCCC/[C-]=C/CCCCCCCC)OCC[N+](C)(C)C,oleoylcholine,oleoylcholine,,,HMDB0240596,,59040790
S100009332,53261,Lipid,Fatty Acid Metabolism (Acyl Choline),1969,XUWOVXDQNYUPNL-WYTUUNCASA-N,O=C(CCC/[C-]=C/C/C=C/C/C=C/C/C=C/CCCCC)OCC[N+](C)(C)C,arachidonoylcholine,arachidonoylcholine,,,HMDB0240583,,122198216
S100009333,53263,Lipid,Fatty Acid Metabolism (Acyl Choline),1968,OKLWSURGMYZXCS-GUTOPQIJSA-N,O=C(CC/C=[C-]/C/C=C/C/C=C/C/C=C/C/C=C/C/C=C/CC)OCC[N+](C)(C)C,docosahexaenoylcholine,docosahexaenoylcholine,,,HMDB0240647,,
S100009335,53262,Lipid,Fatty Acid Metabolism (Acyl Choline),1964,FRBBZHFNTVMXIH-OKLKQMLOSA-N,O=C(CCCCCC/C=[C-]/C/C=C/C/C=C/CCCCC)OCC[N+](C)(C)C,dihomo-linolenoyl-choline,dihomo-linolenoyl-choline,,,HMDB0240646,,
S100009336,53258,Lipid,Fatty Acid Metabolism (Acyl Choline),1970,AVBRNEQAXKXDAZ-CGRWFSSPSA-N,O=C(CCC/[C-]=C/C/C=C/C/C=C/C/C=C/C/C=C/CC)OCC[N+](C)(C)C,eicosapentaenoylcholine,eicosapentaenoylcholine,,,,,
S100009337,53254,Xenobiotics,Food Component/Plant,5225,SNVAIAITQIIEMQ-DUXPYHPUSA-N,OS(OC1=CC=C(C=C1O)/C=C/C(O)=O)(=O)=O,caffeic acid sulfate,caffeic acid sulfate,,30777608,HMDB0041708,,21668705
S100009343,53176,Lipid,Phosphatidylcholine (PC),2377,HZGAVPNEGHQJID-UNBCHYIMSA-N,O=C(CCCCCCC/C=C\C/C=C\CCCCC)OC[C@]([H])(COP(OCC[N+](C)(C)C)([O-])=O)OC(CCCCCCC/C=C\C/C=C\C/C=C\CC)=O,1-linoleoyl-2-linolenoyl-GPC (18:2/18:3)*,1-linoleoyl-2-linolenoyl-GPC (18:2/18:3)*,,24766802,HMDB0008141,,52922731
S100009345,53180,Lipid,Phosphatidylcholine (PC),2327,MMUCLZZSNHBNFL-KBTBXKTRSA-N,O=C(CCCCCCC/C=C\CCCCCC)OC[C@]([H])(COP(OCC[N+](C)(C)C)([O-])=O)OC(CCCCCCC/C=C\C/C=C\C/C=C\CC)=O,1-palmitoleoyl-2-linolenoyl-GPC (16:1/18:3)*,1-palmitoleoyl-2-linolenoyl-GPC (16:1/18:3)*,,24766677,HMDB0008008,,52922452
S100009393,57651,Lipid,Long Chain Polyunsaturated Fatty Acid (n3 and n6),1568,KBGYPXOSNDMZRV-PDBXOOCHSA-N,CC/C=C\C/C=C\C/C=C\CCCCCC(O)=O,hexadecatrienoate (16:3n3),hexadecatrienoate (16:3n3),7561-64-0,4471853,,,91820460
S100009394,57652,Lipid,Long Chain Polyunsaturated Fatty Acid (n3 and n6),1583,WPJGPAAPSBVXNU-HZJYTTRNSA-N,CCCCC/C=C\C/C=C\CCCCCC(O)=O,hexadecadienoate (16:2n6),hexadecadienoate (16:2n6),28290-73-5,13628094,HMDB0000477,,13932172
S100009406,53223,Lipid,"Fatty Acid Metabolism (Acyl Carnitine, Monounsaturated)",1902,JFAGPSOZZSTLRF-KHPPLWFESA-N,O=C(OC(CC([O-])=O)C[N+](C)(C)C)CCCCCCC/C=C\CCCCCC,palmitoleoylcarnitine (C16:1)*,palmitoleoylcarnitine (C16:1)*,,28639183,HMDB0013207,,71464547
S100009407,53224,Lipid,"Fatty Acid Metabolism (Acyl Carnitine, Dicarboxylate)",1931,NTBUXPPQHCFLOM-UHFFFAOYSA-N,[O-]C(CC(C[N+](C)(C)C)OC(CCCCCC(O)=O)=O)=O,pimeloylcarnitine/3-methyladipoylcarnitine (C7-DC),pimeloylcarnitine/3-methyladipoylcarnitine (C7-DC),,,,,
S100009413,57585,Xenobiotics,Chemical,6261,QCXJEYYXVJIFCE-UHFFFAOYSA-N,CC(NC1=CC=C(C(O)=O)C=C1)=O,4-acetamidobenzoate,4-acetamidobenzoate,556-08-1,18177,,D03836,6918889
S100010834,54676,Lipid,"Fatty Acid, Dicarboxylate",1679,XJMMNTGIMDZPMU-UHFFFAOYSA-N,OC(CC(CC(O)=O)C)=O,3-methylglutarate/2-methylglutarate,3-methylglutarate/2-methylglutarate,,,"HMDB0000422,HMDB0000752",,"12284,12046"
S100010861,55012,Lipid,Fatty Acid Metabolism (Acyl Glycine),1832,FFFQOVJTIDIKQJ-UHFFFAOYSA-N,O=C(NCC(O)=O)CC1C(CCC)C1,"trans-3,4-methyleneheptanoylglycine","trans-3,4-methyleneheptanoylglycine",,,,,129822188
S100010866,54920,Lipid,"Fatty Acid, Monohydroxy",1987,JBSOOFITVPOOSY-KTKRTIGZSA-N,OC(C(O)=O)CCCCCC/C=C\CCCCCCCC,2-hydroxyoleate,2-hydroxyoleate,56472-29-8,7972070,,,9796304
S100010895,57554,Nucleotide,"Pyrimidine Metabolism, Cytidine containing",4283,RFCQJGFZUQFYRF-ZOQUXTDFSA-N,O=C1N(C=CC(N)=N1)[C@@H]([C@H](OC)[C@@H]2O)O[C@@H]2CO,2'-O-methylcytidine,2'-O-methylcytidine,2140-72-9,133067,,,150971
S100010896,57655,Nucleotide,"Pyrimidine Metabolism, Uracil containing",4242,SXUXMRMBWZCMEN-ZOQUXTDFSA-N,CO[C@@H]1[C@@H]([C@H](O[C@H]1N2C=CC(NC2=O)=O)CO)O,2'-O-methyluridine,2'-O-methyluridine,2140-76-3,92343,HMDB0240328,,102212
S100010900,54911,Peptide,Acetylated Peptides,1212,FNHVSHKKUKMXJJ-UHFFFAOYSA-N,O=C(NC(CO)C(O)=O)CC1=CC=CC=C1,phenylacetylserine,phenylacetylserine,,13598075,,,
S100010922,54955,Lipid,Diacylglycerol,2959,KRECEGQUDDMNAQ-MYBRWWDOSA-N,OC[C@](OC(CCC/C=C\C/C=C\C/C=C\C/C=C\CCCCC)=O)(COC(CCCCCCC/C=C\C/C=C\CCCCC)=O)[H],linoleoyl-arachidonoyl-glycerol (18:2/20:4) [1]*,linoleoyl-arachidonoyl-glycerol (18:2/20:4) [1]*,,,HMDB0007257,,9543796
S100010923,54956,Lipid,Diacylglycerol,2960,KRECEGQUDDMNAQ-MYBRWWDOSA-N,OC[C@](COC(CCCCCCC/C=C\C/C=C\CCCCC)=O)([H])OC(CCC/C=C\C/C=C\C/C=C\C/C=C\CCCCC)=O,linoleoyl-arachidonoyl-glycerol (18:2/20:4) [2]*,linoleoyl-arachidonoyl-glycerol (18:2/20:4) [2]*,,,HMDB0007257,,9543796
S100010930,54967,Lipid,Diacylglycerol,2929,BHGPPCIWDXQOMA-HZFIRFLSSA-N,CCCCCC/C=C/CCCCCCCC(OCC(OC(CCCCCCC/C=C/C/C=C/CCCCC)=O)CO)=O,palmitoleoyl-linoleoyl-glycerol (16:1/18:2) [1]*,palmitoleoyl-linoleoyl-glycerol (16:1/18:2) [1]*,,,HMDB0007132,,9543699
S100010936,54960,Lipid,Diacylglycerol,2957,LWXLWRXRJKMNLM-XBUMEPTLSA-N,CCCCCCCC/C=C/CCCCCCCC(OCC(OC(CCC/C=C/C/C=C/C/C=C/C/C=C/CCCCC)=O)CO)=O,oleoyl-arachidonoyl-glycerol (18:1/20:4) [1]*,oleoyl-arachidonoyl-glycerol (18:1/20:4) [1]*,,,HMDB0007228,,9543786
S100010937,54961,Lipid,Diacylglycerol,2958,LWXLWRXRJKMNLM-XBUMEPTLSA-N,CCCCCCCC/C=C/CCCCCCCC(OCC(OC(CCC/C=C/C/C=C/C/C=C/C/C=C/CCCCC)=O)CO)=O,oleoyl-arachidonoyl-glycerol (18:1/20:4) [2]*,oleoyl-arachidonoyl-glycerol (18:1/20:4) [2]*,,,HMDB0007228,,9543786
S100010940,54966,Lipid,Diacylglycerol,2907,BHGPPCIWDXQOMA-HZFIRFLSSA-N,CCCCCC/C=C/CCCCCCCC(OCC(OC(CCCCCCC/C=C/C/C=C/CCCCC)=O)CO)=O,"diacylglycerol (16:1/18:2 [2], 16:0/18:3 [1])*","diacylglycerol (16:1/18:2 [2], 16:0/18:3 [1])*",,,,,
S100010941,54968,Lipid,Diacylglycerol,2949,MQGBAQLIFKSMEM-WVZYQCMWSA-N,CCCCC/C=C/C/C=C/CCCCCCCC(OCC(OC(CCCCCCC/C=C/C/C=C/CCCCC)=O)CO)=O,linoleoyl-linoleoyl-glycerol (18:2/18:2) [1]*,linoleoyl-linoleoyl-glycerol (18:2/18:2) [1]*,,,HMDB0007248,,9543729
S100010942,54969,Lipid,Diacylglycerol,2950,MQGBAQLIFKSMEM-WVZYQCMWSA-N,CCCCC/C=C/C/C=C/CCCCCCCC(OCC(OC(CCCCCCC/C=C/C/C=C/CCCCC)=O)CO)=O,linoleoyl-linoleoyl-glycerol (18:2/18:2) [2]*,linoleoyl-linoleoyl-glycerol (18:2/18:2) [2]*,,,HMDB0007248,,9543729
S100010951,54994,Lipid,Phosphatidylinositol (PI),2578,SHIZRFSRTKXRQL-XBUMEPTLSA-N,CCCCCCCC/C=C/CCCCCCCC(OCC(OC(CCC/C=C/C/C=C/C/C=C/C/C=C/CCCCC)=O)COP(O)(OC1C(O)C(O)C(O)C(O)C1O)=O)=O,1-oleoyl-2-arachidonoyl-GPI (18:1/20:4)*,1-oleoyl-2-arachidonoyl-GPI (18:1/20:4)*,,,,,
S100010955,57564,Xenobiotics,Chemical,6213,YFSUTJLHUFNCNZ-UHFFFAOYSA-N,O=S(C(F)(F)C(F)(F)C(F)(F)C(F)(F)C(F)(F)C(F)(F)C(F)(F)C(F)(F)F)(O)=O,perfluorooctanesulfonate (PFOS),perfluorooctanesulfonate (PFOS),1763-23-1,67068,HMDB0059586,C18142,74483
S100010957,57654,Nucleotide,"Pyrimidine Metabolism, Cytidine containing",4286,HMUOMFLFUUHUPE-XLPZGREQSA-N,O[C@H]1C[C@H](N2C=C(CO)C(N([H])[H])=NC2=O)O[C@@H]1CO,5-hydroxymethyl-2'-deoxycytidine,5-hydroxymethyl-2'-deoxycytidine,7226-77-9,147825,,,"71749131,169016"
S100010962,55007,Lipid,Lysoplasmalogen,2847,OKXWJISJKQKUTN-OAQYLSRUSA-N,[H][C@](O)(COP(OCCN)(O)=O)COCCCCCCCCCCCCCCCC,1-palmityl-GPE (O-16:0)*,1-palmityl-GPE (O-16:0)*,,24823080,,,
S100010966,55040,Lipid,Plasmalogen,2807,PXPSGTINXJQLBR-VQJSHJPSSA-N,[H][C@](OC(CCCCCCCCCCCCCCCCC)=O)(COP(OCC[N+](C)(C)C)([O-])=O)COCCCCCCCCCCCCCCCC,1-palmityl-2-stearoyl-GPC (O-16:0/18:0)*,1-palmityl-2-stearoyl-GPC (O-16:0/18:0)*,,9977836,HMDB0013405,,11803170
S100015586,57332,Lipid,Plasmalogen,2806,WOTHHEHCEYHCFE-LDLOPFEMSA-N,[H][C@](OC(CCCCCCCCCCCCCCC)=O)(COP(OCC[N+](C)(C)C)([O-])=O)COCCCCCCCCCCCCCCCC,1-palmityl-2-palmitoyl-GPC (O-16:0/16:0)*,1-palmityl-2-palmitoyl-GPC (O-16:0/16:0)*,,128719,,,145911
S100015624,57372,Lipid,Ceramides,3051,HILTUFAERVOALR-MQXYEJFFSA-N,[H][C@](NC(CCCCCCCCCCCCCCCCCCCCC)=O)(CO)[C@@](O)([H])/C=C/CCCCCCCC/C=C\CCC,N-behenoyl-sphingadienine (d18:2/22:0)*,N-behenoyl-sphingadienine (d18:2/22:0)*,,,,,
S100015637,57663,Lipid,"Fatty Acid, Monohydroxy",1991,RPGJJWLCCOPDAZ-UHFFFAOYSA-N,CCCCCCCCCCCCCCCCCCCCC(O)C(O)=O,2-hydroxybehenate,2-hydroxybehenate,,167899,HMDB0061660,,193484
S100015638,61698,Lipid,"Fatty Acid, Monohydroxy",1993,UFOOFOUFKSIFCD-KTKRTIGZSA-N,OC(C(O)=O)CCCCCCCCCCCC/C=C\CCCCCCCC,2-hydroxynervonate*,2-hydroxynervonate*,,4472208,,,5312783
S100015640,57659,Lipid,Endocannabinoid,2215,BFVRFWIQTACAPT-KRWDZBQOSA-N,O=C(CCCCCCCCCCCCCCC)N([H])[C@H](C(O)=O)CO,N-palmitoylserine,N-palmitoylserine,"58725-46-5,474943-14-1",4956046,,,6453686
S100015641,57664,Lipid,Endocannabinoid,2213,MBDKGXAMSZIDKF-KTKRTIGZSA-N,CCCCCCCC/C=C\CCCCCCCC(NC(C(O)=O)CO)=O,N-oleoylserine,N-oleoylserine,,21466990,,,44190514
S100015656,57392,Lipid,"Fatty Acid, Monohydroxy",2042,RGRPPOXMMMSPAK-UHFFFAOYSA-N,OC(C(CCCCCCCCCCCCCCCC)OS(=O)(O)=O)=O,hydroxystearate sulfate,hydroxystearate sulfate,,,,,
S100015666,57404,Lipid,Phospholipid Metabolism,2258,ZWZWYGMENQVNFU-AKGZTFGVSA-N,OC([C@@H](N)COP(OCC(CO)O)(O)=O)=O,glycerophosphoserine*,glycerophosphoserine*,,2339060,,,3081457
S100015723,57428,Lipid,Sphingosines,3186,BTUSGZZCQZACPT-YYZTVXDQSA-N,OC[C@H](N)[C@H](O)/C=C/CCCCCCCCCCC,hexadecasphingosine (d16:1)*,hexadecasphingosine (d16:1)*,,28533427,,,14767871
S100015727,57437,Lipid,Ceramides,3069,ODRVSCJZSDNQBP-LMGPGFSZSA-N,OC(/C=C/CCCCCCCCCCC)C(CO)NC(CCCCCCCCCCCCC/C=C\CCCCCCCC)=O,"ceramide (d16:1/24:1, d18:1/22:1)*","ceramide (d16:1/24:1, d18:1/22:1)*",,,,,
S100015731,57430,Lipid,Ceramides,3061,KXVLPPCAUYSNGY-BYCLXTJYSA-N,OC(/C=C/CCCCCCCCCCCC)C(CO)NC(CCCCCCCCCCCCCCC)=O,N-palmitoyl-heptadecasphingosine (d17:1/16:0)*,N-palmitoyl-heptadecasphingosine (d17:1/16:0)*,,,HMDB0240685,,
S100015735,57432,Lipid,Ceramides,3065,ZKRPGPZHULJLKJ-IMVLJIQESA-N,OC(/C=C/CCCCCCCCCCCCC)C(CO)NC(CCCCCCCCCCCCC)=O,"ceramide (d18:1/14:0, d16:1/16:0)*","ceramide (d18:1/14:0, d16:1/16:0)*",,,"HMDB0240681,HMDB0011773",,
S100015737,57434,Lipid,Ceramides,3066,ICWGMOFDULMCFL-SJCQXOIGSA-N,OC(/C=C/CCCCCCCCCCCCC)C(CO)NC(CCCCCCCCCCCCCCCC)=O,"ceramide (d18:1/17:0, d17:1/18:0)*","ceramide (d18:1/17:0, d17:1/18:0)*",,,"HMDB0240683,HMDB0240678",,
S100015744,57443,Lipid,Ceramides,3070,QMVWGDBKESWTON-OQKRWUNJSA-N,CCCCCCCCCCCCC/C=C/C(O)C(NC(CCC/C=C/CC/C=C/CCCCCCCCCCCCCC)=O)CO,"ceramide (d18:2/24:1, d18:1/24:2)*","ceramide (d18:2/24:1, d18:1/24:2)*",,,"HMDB0240679,HMDB0240680",,
S100015745,57453,Lipid,Hexosylceramides (HCER),3101,WYTRSDHGWSSQLK-PCKKJQKNSA-N,OC(/C=C/CCCCCCCC/C=C\CCC)C(COC1C(O)C(O)C(O)C(CO)O1)NC(CCCCCCCCCCCCC/C=C\CCCCCCCC)=O,"glycosyl ceramide (d18:2/24:1, d18:1/24:2)*","glycosyl ceramide (d18:2/24:1, d18:1/24:2)*",,,,,
S100015752,57444,Lipid,Hexosylceramides (HCER),3083,KNDOGXSGCOJBRQ-UHRQUHAFSA-N,O=C(C(O)CCCCCCCCCCCC/C=C\CCCCCCCC)NC(COC1OC(CO)C(O)C(O)C1O)C(O)/C=C/CCCCCCCCCCCCC,glycosyl-N-(2-hydroxynervonoyl)-sphingosine (d18:1/24:1(2OH))*,glycosyl-N-(2-hydroxynervonoyl)-sphingosine (d18:1/24:1(2OH))*,,,,,
S100015759,57464,Lipid,Fatty Acid Metabolism (Acyl Choline),1967,WYVHUXGFCVDOEA-UHFFFAOYSA-N,C[N+](C)(C)C[CH-]OC(CCCCCCCCCCCCCCCCC)=O,stearoylcholine*,stearoylcholine*,,,HMDB0240648,,90111
S100015760,57463,Lipid,Fatty Acid Metabolism (Acyl Choline),1965,GVYIAXNFCSAJSK-OKLKQMLOSA-N,C[N+](C)(C)C[CH-]OC(CCCCCCC/C=C/C/C=C/CCCCC)=O,linoleoylcholine*,linoleoylcholine*,,,HMDB0013213,,53481656
S100015762,57467,Lipid,Long Chain Polyunsaturated Fatty Acid (n3 and n6),1591,RILVNGKQIULBOQ-YHTMAJSVSA-N,CCCCC/C=C/C/C=C/C/C=C/CCCCCCCCC(O)=O,docosatrienoate (22:3n6)*,docosatrienoate (22:3n6)*,,,,,75955220
S100015772,61505,Lipid,Lysophospholipid,2674,WSDKRPCAPHRNNZ-MGBGTMOVSA-N,C[N+](C)(CCOP([O-])(OC[C@@](O)([H])COC(CCCCCCCCCCCCCCCCCCCCCCCCC)=O)=O)C,1-cerotoyl-GPC (26:0)*,1-cerotoyl-GPC (26:0)*,,35032836,HMDB29205,,
S100015776,57794,Xenobiotics,Drug - Gastrointestinal,5758,FELGMEQIXOGIFQ-UHFFFAOYSA-N,CC1=NC=CN1CC2CCC3=C(C2=O)c4c(N3C)cccc4,ondansetron,ondansetron,99614-02-5,4434,HMDB0005035,C07325,4595
S100015786,57476,Lipid,Dihydrosphingomyelins,3121,UGRZESKDAPEULH-ACEXITHZSA-N,CCCCCCCCCCCCCCC[C@@H](O)[C@@H](NC(CCCCCCCCCCCCCCCCCCC)=O)COP([O-])(OCC[N+](C)(C)C)=O,"sphingomyelin (d18:0/20:0, d16:0/22:0)*","sphingomyelin (d18:0/20:0, d16:0/22:0)*",,,HMDB0012090,,
S100015787,57475,Lipid,Sphingomyelins,3139,HAFQHLHNPJDAGB-MAJDXUCPSA-N,CCCCCCCCCCCCCCCCCCC(N[C@H]([C@H](O)/C=C/CCCCCCCCCCCCC)COP([O-])(OCC[N+](C)(C)C)=O)=O,"sphingomyelin (d18:1/19:0, d19:1/18:0)*","sphingomyelin (d18:1/19:0, d19:1/18:0)*",,,,,
S100015788,57474,Lipid,Sphingomyelins,3128,YMTVMVYOUDDTQJ-UOMMIRHQSA-N,[H][C@](NC(CCCCCCC/C=C\CCCCCCCC)=O)(COP(OCC[N+](C)(C)C)([O-])=O)[C@@](O)([H])/C=C/CCCCCCCC/C=C\CCC,sphingomyelin (d18:2/18:1)*,sphingomyelin (d18:2/18:1)*,,,HMDB0001348,,52931155
S100015789,57479,Lipid,Sphingomyelins,3130,ZLNGRWIWHFFRNK-UKCALJHFSA-N,CCC/C=C/CCCCCCCC/C=C/[C@@H](O)[C@@H](NC(CCCCCCCCCCCCCCCC/C=C/C/C=C/CC)=O)COP([O-])(OCC[N+](C)(C)C)=O,sphingomyelin (d18:2/24:2)*,sphingomyelin (d18:2/24:2)*,,,HMDB0240644,,
S100015790,57480,Lipid,Sphingomyelins,3144,SDUGEKJCGFHJRC-GKPQAQNZSA-N,CCC/C=C/CCCCCCCC/C=C/[C@@H](O)[C@@H](NC(CCCCCCCCCCCCCCCCCCCC)=O)COP([O-])(OCC[N+](C)(C)C)=O,"sphingomyelin (d18:2/21:0, d16:2/23:0)*","sphingomyelin (d18:2/21:0, d16:2/23:0)*",,,HMDB0240676,,
S100015791,57482,Lipid,Sphingomyelins,3129,FEKSRDMVIULIDJ-SQPFVDNVSA-N,CCC/C=C/CCCCCCCC/C=C/[C@@H](O)[C@@H](NC(CCCCCCCCCCCCCCCCC/C=C/CCC)=O)COP([O-])(OCC[N+](C)(C)C)=O,sphingomyelin (d18:2/23:1)*,sphingomyelin (d18:2/23:1)*,,,HMDB0240668,,
S100015792,57478,Lipid,Sphingomyelins,3150,JONXXLXMISNQNG-BXMSAMRLSA-N,[H][C@](NC(CCCCCCCCCCCCCCCCCCCCCCCC)=O)(COP(OCC[N+](C)(C)C)([O-])=O)[C@@](O)([H])/C=C/CCCCCCCCCCCCC,"sphingomyelin (d18:1/25:0, d19:0/24:1, d20:1/23:0, d19:1/24:0)*","sphingomyelin (d18:1/25:0, d19:0/24:1, d20:1/23:0, d19:1/24:0)*",,24846885,"HMDB0240675,HMDB0240674,HMDB0240673,HMDB0240671",,
S100015793,57483,Lipid,Sphingomyelins,3135,YHBBZTIPONDTRX-TVUHHANTSA-N,[H][C@](NC(CCCCCCCCCCCCCC)=O)(COP(OCC[N+](C)(C)C)([O-])=O)[C@@](O)([H])/C=C/CCCCCCCC/C=C\CCC,"sphingomyelin (d17:2/16:0, d18:2/15:0)*","sphingomyelin (d17:2/16:0, d18:2/15:0)*",,,HMDB0240677,,
S100015797,57658,Lipid,Long Chain Polyunsaturated Fatty Acid (n3 and n6),1578,OQOCQFSPEWCSDO-JLNKQSITSA-N,OC(CCCC/C=C\C/C=C\C/C=C\C/C=C\C/C=C\CC)=O,heneicosapentaenoate (21:5n3),heneicosapentaenoate (21:5n3),24257-10-1,10171040,,,11998573
S100015831,57511,Lipid,"Fatty Acid Metabolism (Acyl Carnitine, Polyunsaturated)",1909,WJCRATGUUISKDG-QNEBEIHSSA-N,O=C(OC(C[N+](C)(C)C)CC([O-])=O)CCCCCCC/C=C\C/C=C\C/C=C\CC,linolenoylcarnitine (C18:3)*,linolenoylcarnitine (C18:3)*,,,,,
S100015832,57514,Lipid,"Fatty Acid Metabolism (Acyl Carnitine, Long Chain Saturated)",1885,IUMXSSOVGPXXJL-UHFFFAOYSA-N,O=C(OC(C[N+](C)(C)C)CC([O-])=O)CCCCCCCCCCCCCCCCCCCCC,behenoylcarnitine (C22)*,behenoylcarnitine (C22)*,,28639204,HMDB0062468,,71464577
S100015833,57513,Lipid,"Fatty Acid Metabolism (Acyl Carnitine, Long Chain Saturated)",1884,SVJLJQBGUITFLI-UHFFFAOYSA-N,O=C(OC(C[N+](C)(C)C)CC([O-])=O)CCCCCCCCCCCCCCCCCCC,arachidoylcarnitine (C20)*,arachidoylcarnitine (C20)*,,28639199,HMDB0006460,,53477833
S100015834,57515,Lipid,"Fatty Acid Metabolism (Acyl Carnitine, Long Chain Saturated)",1886,YDUFZFUYBBPVLJ-UHFFFAOYSA-N,O=C(CCCCCCCCCCCCCCCCCCCCCCC)OC(C[N+](C)(C)C)CC([O-])=O,lignoceroylcarnitine (C24)*,lignoceroylcarnitine (C24)*,,,HMDB0240665,,
S100015835,57516,Lipid,"Fatty Acid Metabolism (Acyl Carnitine, Long Chain Saturated)",1887,KOCKWDDTAHPJSX-UHFFFAOYSA-N,[O-]C(CC(C[N+](C)(C)C)OC(CCCCCCCCCCCCCCCCCCCCCCCCC)=O)=O,cerotoylcarnitine (C26)*,cerotoylcarnitine (C26)*,,35015992,HMDB0006347,,53477828
S100015836,57517,Lipid,"Fatty Acid Metabolism (Acyl Carnitine, Monounsaturated)",1907,ONGUASHYQLGIFC-OCOZRVBESA-N,O=C(OC(C[N+](C)(C)C)CC([O-])=O)CCC/C=C/CCCCCCCCCCCCCCCCCCCC,ximenoylcarnitine (C26:1)*,ximenoylcarnitine (C26:1)*,,,,,
S100015837,57518,Lipid,"Fatty Acid Metabolism (Acyl Carnitine, Polyunsaturated)",1911,RBFQHRALHSUPIA-SNPVRQPZSA-N,CCCCC/C=C\C/C=C\C/C=C\C/C=C\CCCC(OC(C[N+](C)(C)C)CC([O-])=O)=O,arachidonoylcarnitine (C20:4),arachidonoylcarnitine (C20:4),,,HMDB0006455,,136212424
S100015838,57519,Lipid,"Fatty Acid Metabolism (Acyl Carnitine, Monounsaturated)",1904,PVOQPLSKYNZHOT-OUKQBFOZSA-N,O=C(OC(CC([O-])=O)C[N+](C)(C)C)CCCCCCCCC/C=C/CCCCCCCC,eicosenoylcarnitine (C20:1)*,eicosenoylcarnitine (C20:1)*,,,,,
S100015839,57520,Lipid,"Fatty Acid Metabolism (Acyl Carnitine, Polyunsaturated)",1910,OLZWDVKTOGTVLC-UTJQPWESSA-N,O=C(CCCCCCCCC/C=C\C/C=C\CCCCC)OC(C[N+](C)(C)C)CC([O-])=O,dihomo-linoleoylcarnitine (C20:2)*,dihomo-linoleoylcarnitine (C20:2)*,,,,,
S100015840,57521,Lipid,"Fatty Acid Metabolism (Acyl Carnitine, Polyunsaturated)",1912,RDIZZXFTCZPSRY-WYTUUNCASA-N,O=C(CCCCCC/C=C/C/C=C/C/C=C/CCCCC)OC(CC([O-])=O)C[N+](C)(C)C,dihomo-linolenoylcarnitine (C20:3n3 or 6)*,dihomo-linolenoylcarnitine (C20:3n3 or 6)*,,,,,
S100015841,57525,Lipid,"Fatty Acid Metabolism (Acyl Carnitine, Monounsaturated)",1905,WDWXOVLPQSTGNY-SEYXRHQNSA-N,O=C(CCCCCCCCCCC/C=C\CCCCCCCC)OC(CC([O-])=O)C[N+](C)(C)C,erucoylcarnitine (C22:1)*,erucoylcarnitine (C22:1)*,,,,,
S100015842,57522,Lipid,"Fatty Acid Metabolism (Acyl Carnitine, Long Chain Saturated)",1880,MDDWQHVKSHTZTD-UHFFFAOYSA-N,O=C(CCCCCCCCCCCCCC)OC(C[N+](C)(C)C)CC([O-])=O,pentadecanoylcarnitine (C15)*,pentadecanoylcarnitine (C15)*,,,HMDB0062517,,123132011
S100015845,57523,Lipid,"Fatty Acid Metabolism (Acyl Carnitine, Polyunsaturated)",1919,WLLMYDQRCSWAST-WSDBEMKQSA-N,O=C(CC/C=C\C/C=C\C/C=C\C/C=C\C/C=C\C/C=C\CC)OC(C[N+](C)(C)C)CC([O-])=O,docosahexaenoylcarnitine (C22:6)*,docosahexaenoylcarnitine (C22:6)*,,,,,
S100015846,57531,Lipid,"Fatty Acid Metabolism (Acyl Carnitine, Monounsaturated)",1906,QGIHQXKFCAACHN-SEYXRHQNSA-N,O=C(CCCCCCCCCCCCC/C=C\CCCCCCCC)OC(C[N+](C)(C)C)CC([O-])=O,nervonoylcarnitine (C24:1)*,nervonoylcarnitine (C24:1)*,,,HMDB0006509,,
S100015850,57528,Lipid,"Fatty Acid Metabolism (Acyl Carnitine, Polyunsaturated)",1916,OLORTLVEDIELGC-SNPVRQPZSA-N,O=C(OC(CC([O-])=O)C[N+](C)(C)C)CCCCC/C=C\C/C=C\C/C=C\C/C=C\CCCCC,adrenoylcarnitine (C22:4)*,adrenoylcarnitine (C22:4)*,,,,,
S100015851,57529,Lipid,"Fatty Acid Metabolism (Acyl Carnitine, Polyunsaturated)",1917,MJPIXACTUMSGGI-WMPRHZDHSA-N,O=C(OC(CC([O-])=O)C[N+](C)(C)C)CCCCC/C=C\C/C=C\C/C=C\C/C=C\C/C=C\CC,docosapentaenoylcarnitine (C22:5n3)*,docosapentaenoylcarnitine (C22:5n3)*,,,,,71464594
S100015882,57595,Lipid,Hexosylceramides (HCER),3097,FXNTXJCUSRJUFN-QOSDPKFLSA-N,OCC(NC(CCCCCCCCCCCCCCCCCCC)=O)C(OC1OC(CO)C(O)C(O)C1O)/C=C/CCCCCCCCCCCCC,"glycosyl ceramide (d18:1/20:0, d16:1/22:0)*","glycosyl ceramide (d18:1/20:0, d16:1/22:0)*",,,,,
S100015962,57687,Amino Acid,Lysine Metabolism,140,CDLVFVFTRQPQFU-UHFFFAOYSA-N,C[N+](C)(C)CCCCC([O-])=O,"N,N,N-trimethyl-5-aminovalerate","N,N,N-trimethyl-5-aminovalerate",,34236878,,,14274897
S100015965,63152,Xenobiotics,Food Component/Plant,5111,WYUFTYLVLQZQNH-UHFFFAOYSA-N,CCOC1C(O)C(O)C(O)C(CO)O1,ethyl alpha-glucopyranoside,ethyl alpha-glucopyranoside,34625-23-5,378664,HMDB0029968,,11127487
S100015966,57635,Cofactors and Vitamins,Vitamin A Metabolism,4451,JKQXZKUSFCKOGQ-DKLMTRRASA-N,CC1=C(/C=C/C(C)=C/C=C/C(C)=C/C=C/C=C(C)/C=C/C=C(C)/C=C/C2=C(C)CC(O)CC2(C)C)C(C)(C)CC(O)C1,carotene diol (1),carotene diol (1),,,,,
S100015967,57636,Cofactors and Vitamins,Vitamin A Metabolism,4452,JKQXZKUSFCKOGQ-DKLMTRRASA-N,CC1=C(/C=C/C(C)=C/C=C/C(C)=C/C=C/C=C(C)/C=C/C=C(C)/C=C/C2=C(C)CC(O)CC2(C)C)C(C)(C)CC(O)C1,carotene diol (2),carotene diol (2),,,,,
S100015968,57637,Cofactors and Vitamins,Vitamin A Metabolism,4453,JKQXZKUSFCKOGQ-DKLMTRRASA-N,CC1=C(/C=C/C(C)=C/C=C/C(C)=C/C=C/C=C(C)/C=C/C=C(C)/C=C/C2=C(C)CC(O)CC2(C)C)C(C)(C)CC(O)C1,carotene diol (3),carotene diol (3),,,,,
S100016019,57757,Lipid,Phosphatidylcholine (PC),2294,NPGWXTIWUUFYAB-DIPNUNPCSA-N,O=C(CCCCCCCCCCCCCCC)OC[C@]([H])(COP(OCC[N+](C)(C)C)([O-])=O)OC(CCCCCCCCCCCCCC)=O,1-palmitoyl-2-pentadecanoyl-GPC (16:0/15:0)*,1-palmitoyl-2-pentadecanoyl-GPC (16:0/15:0)*,,24766642,HMDB0007967,,24778680
S100016038,57814,Amino Acid,Polyamine Metabolism,558,MQTAVJHICJWXBR-UHFFFAOYSA-N,CC(NCCCNCCCCN)=O,(N(1) + N(8))-acetylspermidine,(N(1) + N(8))-acetylspermidine,,,"HMDB0002189,HMDB0001276","C01029,C00612","496,123689"
S100016069,61769,Lipid,"Fatty Acid Metabolism (Acyl Carnitine, Monounsaturated)",1899,PETYOUXDCHQKTQ-QXPKXGMISA-N,CCCCCC/C=C\CCCC(O[C@@H](C[N+](C)(C)C)CC([O-])=O)=O,5-dodecenoylcarnitine (C12:1),5-dodecenoylcarnitine (C12:1),,,HMDB13326,,91825571
S100019761,62881,Lipid,Dihydroceramides,3029,IVBULNXGVIHEKN-MVIDNBQJSA-N,CCCCCCCCCCCCCC[C@@H](O)[C@H]([C@@H](NC(CCCCCCCCCCCCCCC)=O)CO)O,N-palmitoyl-phytosphingosine (t18:0/16:0),N-palmitoyl-phytosphingosine (t18:0/16:0),,8682389,HMDB0010697,,10506988
S100019800,61839,Lipid,"Fatty Acid Metabolism (Acyl Carnitine, Hydroxy)",1945,MHJOYNGEDDXLLU-UHFFFAOYSA-N,CCCCCCCCCCCCCC(O)CC(OC([N+](C)(C)C)CCC([O-])=O)=O,3-hydroxypalmitoylcarnitine,3-hydroxypalmitoylcarnitine,,,HMDB0013336,,126456228
S100019801,61840,Lipid,"Fatty Acid Metabolism (Acyl Carnitine, Hydroxy)",1946,YBCVTTMMURGSEY-LMLDZDDJSA-N,CCCCCCCC/C=C\CCCCCC(O)CC(O[C@@H](C[N+](C)(C)C)CC([O-])=O)=O,3-hydroxyoleoylcarnitine,3-hydroxyoleoylcarnitine,,48061587,,,129637446
S100019816,61789,Lipid,Fatty Acid Metabolism (Acyl Glycine),1818,BQIHXZIDVMRVRP-UHFFFAOYSA-N,CC(CCC(NCC(O)=O)=O)C,isocaproylglycine,isocaproylglycine,,24689758,,,28777652
S100019884,61798,Lipid,Fatty Acid Metabolism (Acyl Glycine),1828,AAPHATPOQGNLOZ-SNAWJCMRSA-N,CCC/C=C/C(NCC(O)=O)=O,trans-2-hexenoylglycine,trans-2-hexenoylglycine,,25033670,,,
S100019892,61700,Lipid,"Fatty Acid, Monohydroxy",1990,CPLYLXYEVLGWFJ-UHFFFAOYSA-N,CCCCCCCCCCCCCCCCCCC(O)C(O)=O,2-hydroxyarachidate*,2-hydroxyarachidate*,,4395406,,,5225199
S100019893,61701,Lipid,"Fatty Acid, Monohydroxy",2008,XXKHCFPQYSMGCI-UHFFFAOYSA-N,CCCCCCCCCCCCCCCCCC(O)CC(O)=O,3-hydroxyarachidate*,3-hydroxyarachidate*,,4446045,HMDB0062566,,5282918
S100019957,61822,Lipid,Endocannabinoid,2214,CLHUCXCVFSEJRR-UHFFFAOYSA-N,CCCCCCCCCCCCCCCCCC(NC(C(O)=O)CO)=O,N-stearoylserine*,N-stearoylserine*,,15545488,,,
S100019958,61823,Lipid,"Fatty Acid, Amide",1754,UQQXKOPWRCINAH-HZJYTTRNSA-N,O=C(O)C(CO)NC(CCCCCCC/C=C\C/C=C\CCCCC)=O,N-linoleoylserine*,N-linoleoylserine*,,,,,
S100019960,61827,Lipid,"Fatty Acid, Monohydroxy",1976,RGMMREBHCYXQMA-UHFFFAOYSA-N,OC(C(O)CCCCC)=O,2-hydroxyheptanoate*,2-hydroxyheptanoate*,,2032206,,,2750949
S100019966,61843,Lipid,"Fatty Acid, Monohydroxy",2007,MFBDGGFIQVOLTJ-MDZDMXLPSA-N,CCCCCCCC/C=C/CCCCCC(O)CC(O)=O,3-hydroxyoleate*,3-hydroxyoleate*,,,,,
S100019968,61858,Carbohydrate,Pentose Metabolism,1306,QXKAIJAYHKCRRA-PZGQECOJSA-N,OC[C@H](O)[C@@H](O)[C@@H](O)C(O)=O,lyxonate,lyxonate,,,HMDB0060255,,
S100019969,62869,Lipid,"Fatty Acid, Dicarboxylate",1714,QCNWZROVPSVEJA-UHFFFAOYSA-N,OC(CCCCCCCCCCCCCCCC(O)=O)=O,heptadecanedioate (C17-DC),heptadecanedioate (C17-DC),2424-90-0,2340922,,,3083765
S100019970,62867,Lipid,"Fatty Acid, Dicarboxylate",1718,IFAWYXIHOVRGHQ-UHFFFAOYSA-N,O=C(O)CCCCCCCCCCCCCCCCCC(O)=O,nonadecanedioate (C19-DC),nonadecanedioate (C19-DC),6250-70-0,11395055,,,12572015
S100019972,61864,Lipid,"Fatty Acid, Dicarboxylate",1705,OHCMUMNQAHNIEP-HNQUOIGGSA-N,OC(CCC/C=C/CCCCCC(O)=O)=O,dodecenedioate (C12:1-DC)*,dodecenedioate (C12:1-DC)*,,,HMDB0000933,,5283028
S100019975,61862,Lipid,"Fatty Acid, Dicarboxylate",1713,IWTMSCUHCJHPPR-ACCUITESSA-N,O=C(O)CCCCCCCCCCCC/C=C/C(O)=O,hexadecenedioate (C16:1-DC)*,hexadecenedioate (C16:1-DC)*,,,,,
S100019978,61861,Lipid,"Fatty Acid, Dicarboxylate",1716,YDPSQMGOAILWPE-FYWRMAATSA-N,O=C(O)CCCCCCCCCCCCCC/C=C/C(O)=O,octadecenedioate (C18:1-DC),octadecenedioate (C18:1-DC),,,,,9543674
S100019982,61860,Lipid,"Fatty Acid, Dicarboxylate",1717,ZKQNWTGXRAIVGG-PXELCPQFSA-N,O=C(O)CCCCCCCCCCCC/C=C/C=C/C(O)=O,octadecadienedioate (C18:2-DC)*,octadecadienedioate (C18:2-DC)*,,,,,
S100020005,61872,Xenobiotics,Chemical,6195,SBYDEYGHJXSIDV-UHFFFAOYSA-N,CC1=C(OS(=O)(O)=O)C=CC2=CC=CC=C21,methylnaphthyl sulfate (1)*,methylnaphthyl sulfate (1)*,,,,,
S100020006,61873,Xenobiotics,Chemical,6196,SBYDEYGHJXSIDV-UHFFFAOYSA-N,CC1=C(OS(=O)(O)=O)C=CC2=CC=CC=C21,methylnaphthyl sulfate (2)*,methylnaphthyl sulfate (2)*,,,,,
S100020205,62060,Amino Acid,Alanine and Aspartate Metabolism,43,ZBYVTTSIVDYQSO-REOHCLBHSA-N,O=C(O)[C@@H](N)CC(NO)=O,hydroxyasparagine**,hydroxyasparagine**,,88149,HMDB32332,C20631,15991574
S100020207,62061,Xenobiotics,Food Component/Plant,4895,DKEIWIJUHWVGRC-UHFFFAOYSA-N,O=C1C(C(O)=C2)=C(C=C2OS(=O)(O)=O)OC=C1C(C=C3)=CC=C3O,genistein sulfate*,genistein sulfate*,,,,,
S100020208,62071,Xenobiotics,Chemical,6264,SNGREZUHAYWORS-UHFFFAOYSA-N,OC(C(F)(F)C(F)(F)C(F)(F)C(F)(F)C(F)(F)C(F)(F)C(F)(F)F)=O,perfluorooctanoate (PFOA),perfluorooctanoate (PFOA),,9180,HMDB0059587,,9554
S100020217,62947,Amino Acid,Urea cycle; Arginine and Proline Metabolism,526,KXONJPJIFNGMCN-UHFFFAOYSA-N,O=C(C([N+](C)(C)C)C)N1CCCC1C([O-])=O,"N,N,N-trimethyl-alanylproline betaine (TMAP)","N,N,N-trimethyl-alanylproline betaine (TMAP)",,,HMDB0240365,,
S100020219,62863,Xenobiotics,Food Component/Plant,4806,OLNJUISKUQQNIM-UHFFFAOYSA-N,O=CC1=CNC2=CC=CC=C12,3-formylindole,3-formylindole,487-89-8,9838,HMDB29737,C08493,10256
S100020227,62087,Peptide,Modified Peptides,1218,YIJVJUARZXCJJP-WHFBIAKZSA-N,O=C([C@H](CC1)N([H])C1=O)N([H])[C@H](C(O)=O)C,pyroglutamylalanine*,pyroglutamylalanine*,,140586,,,159907
S100020241,62104,Peptide,Gamma-glutamyl Amino Acid,664,SCTJBDDLOROJJM-UHFFFAOYSA-N,NC(C(O)=O)CCC(NC(CCCNC(N)=O)C(O)=O)=O,gamma-glutamylcitrulline*,gamma-glutamylcitrulline*,,,,,
S100020254,62146,Partially Characterized Molecules,Partially Characterized Molecules,6441,,,glycine conjugate of C10H14O2 (1)*,glycine conjugate of C10H14O2 (1)*,,,,,
S100020272,62857,Xenobiotics,Food Component/Plant,4901,UMCDODPBPQMWQP-UHFFFAOYSA-N,COC1=C(OS(=O)(O)=O)C=CC(CCC(O)=O)=C1,dihydroferulic acid sulfate,dihydroferulic acid sulfate,,162994,HMDB0041724,,187489
S100020276,62152,Lipid,Sphingomyelins,3131,VDFACZRLDXDTEB-WSYRTZMQSA-N,CCCCCCCCCCC/C=C/[C@@H](O)[C@@H](NC(CCCCCCCCCCCCCC)=O)COP(OCC[N+](C)(C)C)([O-])=O,"sphingomyelin (d17:1/14:0, d16:1/15:0)*","sphingomyelin (d17:1/14:0, d16:1/15:0)*",,,,,
S100020343,62850,Lipid,Long Chain Polyunsaturated Fatty Acid (n3 and n6),1567,HXHZGHRLVRFQDR-HZJYTTRNSA-N,OC(CCC/C=C\C/C=C\CCCCC)=O,tetradecadienoate (14:2)*,tetradecadienoate (14:2)*,39039-37-7,4471834,HMDB0000560,,5312409
S100020361,62853,Amino Acid,Urea cycle; Arginine and Proline Metabolism,496,YCCMTCQQDULIFE-UHFFFAOYSA-N,NC1CCCNC1=O,3-amino-2-piperidone,3-amino-2-piperidone,1892-22-4,4371576,HMDB0000323,,5200225
S100020372,63583,Xenobiotics,Food Component/Plant,5236,DWLVFWDCSFTDOD-UHFFFAOYSA-N,OC(C(C1=CNC2=C1C=CC=C2)=O)=O,3-indoleglyoxylic acid,3-indoleglyoxylic acid,1477-49-2,66497,,,73863
S100020377,64131,Xenobiotics,Food Component/Plant,5246,WYUFTYLVLQZQNH-JAJWTYFOSA-N,O[C@H]([C@H]1O)[C@@H]([C@@H](CO)O[C@H]1OCC)O,ethyl beta-glucopyranoside,ethyl beta-glucopyranoside,,108559,HMDB0029968,,121667
S100020378,63357,Lipid,"Fatty Acid, Dicarboxylate",1726,LPIOYESQKJFWPQ-UHFFFAOYSA-N,OC(C(O)=O)CCCCCCCC(O)=O,2-hydroxysebacate,2-hydroxysebacate,103963-71-9,113866,HMDB0000424,,128458
S100020409,63687,Cofactors and Vitamins,Ascorbate and Aldarate Metabolism,4369,FBFZPSQPKNIVMT-ZAFYKAAXSA-N,O=C1O[C@@]([C@@H](O)CO)([H])C(OS(=O)(O)=O)=C1O,ascorbic acid 3-sulfate*,ascorbic acid 3-sulfate*,,9600241,,,11425365
S100020414,62503,Amino Acid,Tryptophan Metabolism,332,OAORYCZPERQARS-UHFFFAOYSA-N,Brc1ccc2c(CC(N)C(O)=O)c[nH]c2c1,6-bromotryptophan,6-bromotryptophan,,,,,9856996
S100020417,62862,Amino Acid,Lysine Metabolism,117,XXEWFEBMSGLYBY-ZETCQYMHSA-N,OC([C@@H](N)CCCCN(C)C)=O,"N6,N6-dimethyllysine","N6,N6-dimethyllysine",2259-86-1,167778,HMDB0013287,C05545,193344
S100020478,62276,Lipid,"Fatty Acid, Dicarboxylate",1706,QHRHXXRXWDTFLI-HZJYTTRNSA-N,CCCCC/C=C\C/C=C\CC(O)=O,dodecadienoate (12:2)*,dodecadienoate (12:2)*,,,,,25480
S100020487,62309,Amino Acid,Polyamine Metabolism,552,YGIAGXACEXFIDU-UHFFFAOYSA-N,O=C(C)NCCCNCCCC(O)=O,N-acetyl-isoputreanine,N-acetyl-isoputreanine,,,,,131802901
S100020515,62520,Xenobiotics,Chemical,6198,HXEZIDSFDHEIIQ-UHFFFAOYSA-N,O=S(OC1=CC=C(C=CC=C2)C2=C1)(O)=O,2-naphthol sulfate,2-naphthol sulfate,,67020,,,74428
S100020519,62533,Xenobiotics,Food Component/Plant,5224,CLCCTVXAPVYLKM-UHFFFAOYSA-N,CC1=CC=C(C)C(OS(=O)(O)=O)=C1,"(2,4 or 2,5)-dimethylphenol sulfate","(2,4 or 2,5)-dimethylphenol sulfate",,,,,
S100020536,63072,Xenobiotics,Benzoate Metabolism,4525,KHZCNGJFSKSSIJ-UHFFFAOYSA-N,OC1=CC=C(CC)C=C1OS(=O)(O)=O,4-ethylcatechol sulfate,4-ethylcatechol sulfate,,,,,
S100020547,62311,Lipid,Pregnenolone Steroids,3273,NAZGRBPLFCORNW-VTBMCCKRSA-N,C[C@]12CC[C@H](OS(=O)(O)=O)C[C@]1([H])CC[C@]3([H])[C@]2([H])CC[C@@]4(C)[C@@]3([H])CC[C@]4([H])C(CO)=O,21-hydroxypregnanolone monosulfate (1),21-hydroxypregnanolone monosulfate (1),,,,,
S100020578,63597,Xenobiotics,Benzoate Metabolism,4527,USWXDXYEVISELK-UHFFFAOYSA-N,OS(OC1=CC=C(CC=C)C=C1O)(=O)=O,4-allylcatechol sulfate,4-allylcatechol sulfate,,,,,
S100020610,62732,Xenobiotics,Drug - Antibiotic,5523,ZPFYUMPBKRRSTR-UHFFFAOYSA-N,ClC1=CC(Cl)=CC=C1OC2=C(OS(O)(=O)=O)C=C(Cl)C=C2,triclosan sulfate,triclosan sulfate,,30778644,HMDB0061387,,67606152
S100020715,62383,Lipid,Long Chain Polyunsaturated Fatty Acid (n3 and n6),1569,FAFSAZIEJFMBBY-PDBXOOCHSA-N,O=C(CCCCCC/C=C\C/C=C\C/C=C\CC)O,heptadecatrienoate (17:3)*,heptadecatrienoate (17:3)*,,17220717,,C16344,16061034
S100020743,62429,Lipid,Lysophospholipid,2639,UEORCJDSHVBFKT-HTOVTZSWSA-N,O=C(CCCCCCCC/C=C\CCCCCCCC)OC[C@]([H])(COP(OCC[N+](C)(C)C)([O-])=O)O,1-nonadecenoyl-GPC (19:1)*,1-nonadecenoyl-GPC (19:1)*,,,,,
S100020778,62456,Lipid,Lysophospholipid,2664,JYGYVEYUGGTFCT-UHFFFAOYSA-N,OC(COP(OCC[N+](C)(C)C)([O-])=O)COC(CCCCCCCCCCCCCCCCCCCCCC)=O,1-tricosanoyl-GPC (23:0)*,1-tricosanoyl-GPC (23:0)*,,,,,
S100020779,62457,Lipid,Lysophospholipid,2654,XZZSYDYWLNENCT-UHFFFAOYSA-N,OC(COP(OCC[N+](C)(C)C)([O-])=O)COC(CCCCCCCCCCCCCCCCCCCC)=O,1-heneicosanoyl-GPC (21:0)*,1-heneicosanoyl-GPC (21:0)*,,,,,
S100020822,62524,Xenobiotics,Food Component/Plant,4855,WEPNMLSXEATIJK-UHFFFAOYSA-N,OC1=CC(CCC(O)=O)=CC=C1OS(O)(=O)=O,dihydrocaffeate sulfate (2),dihydrocaffeate sulfate (2),,,,,
S100020837,63042,Xenobiotics,Drug - Topical Agents,5983,AKEUNCKRJATALU-UHFFFAOYSA-N,OC(C1=C(O)C=CC=C1O)=O,"2,6-dihydroxybenzoic acid","2,6-dihydroxybenzoic acid",303-07-1,8974,HMDB0013676,,9338
S100020842,62819,Amino Acid,Lysine Metabolism,139,UYZSNVLEDLCWGU-UHFFFAOYSA-N,CN(C)CCCCC(O)=O,"N,N-dimethyl-5-aminovalerate","N,N-dimethyl-5-aminovalerate",,,,,
S100020845,62785,Lipid,Secondary Bile Acid Metabolism,3567,GLVWZDCWCRWVFM-LBSADWJPSA-N,[H][C@@]12[C@@]3(C)CC[C@@H](OS(=O)(O)=O)C[C@@]3([H])C[C@H](O)[C@@]1([H])[C@]4([H])CC[C@]([H])([C@H](C)CCC(NCCS(=O)(O)=O)=O)[C@@]4(C)CC2,tauroursodeoxycholic acid sulfate (2),tauroursodeoxycholic acid sulfate (2),,,,,
S100020853,62798,Xenobiotics,Food Component/Plant,4833,RRWBOGSYNDIRNR-UHFFFAOYSA-N,OC1=CC=C(C(C)=O)C=C1OS(=O)(O)=O,4-acetylcatechol sulfate (1),4-acetylcatechol sulfate (1),,,,,
S100020866,62783,Amino Acid,Urea cycle; Arginine and Proline Metabolism,533,GLWRPXRMUUZNMD-UHFFFAOYSA-N,O=C(O)C(CCCNC(N(C)C)=N)=O,dimethylguanidino valeric acid (DMGV)*,dimethylguanidino valeric acid (DMGV)*,,58779677,,,101535539
S100020893,62805,Amino Acid,"Methionine, Cysteine, SAM and Taurine Metabolism",454,XMZBEAXQGSBWLG-NSCUHMNNSA-N,OC(C(O)=O)C(O)/C=C/SC,"2,3-dihydroxy-5-methylthio-4-pentenoate (DMTPA)*","2,3-dihydroxy-5-methylthio-4-pentenoate (DMTPA)*",,,HMDB0240388,,
S100020973,63230,Xenobiotics,Chemical,6275,UAQAOMYUJQVGMD-UHFFFAOYSA-N,CC1=NC=C(OS(=O)(O)=O)C=C1,5-hydroxy-2-methylpyridine sulfate,5-hydroxy-2-methylpyridine sulfate,,,,,
S100020975,63227,Xenobiotics,Chemical,6277,GOXQGRHDLROYBT-UHFFFAOYSA-N,CC1=NC=CC=C1OS(=O)(O)=O,3-hydroxy-2-methylpyridine sulfate,3-hydroxy-2-methylpyridine sulfate,,,,,
S100020992,62840,Peptide,Dipeptide,797,PCMCCGUMENQJAT-UHFFFAOYSA-N,O=C1C(CC2=CC=C(OS(O)(=O)=O)C=C2)NC(C3N1CCC3)=O,cyclo(pro-sulfo-tyr)*,cyclo(pro-sulfo-tyr)*,,,,,
S100021000,62851,Lipid,Sphingomyelins,3123,FAVAZPKFPKOYCT-VTAPXIELSA-N,CCCCCCCCCCCCCCC(O)C(N[C@@H](COP([O-])(OCC[N+](C)(C)C)=O)[C@@H](/C=C/CCCCCCCCCCCCC)O)=O,hydroxypalmitoyl sphingomyelin (d18:1/16:0(OH))**,hydroxypalmitoyl sphingomyelin (d18:1/16:0(OH))**,,,,,
S100021014,62875,Lipid,"Fatty Acid, Branched",1663,ZIFGCGZZIZETEZ-UHFFFAOYSA-N,CCCCCC(CCCCC)CCCCCCC(O)=O,branched-chain fatty acid 18:0 (1)**,branched-chain fatty acid 18:0 (1)**,,,,,
S100021015,62874,Lipid,"Fatty Acid, Branched",1664,ZIFGCGZZIZETEZ-UHFFFAOYSA-N,CCCCCC(CCCCC)CCCCCCC(O)=O,branched-chain fatty acid 18:0 (2)**,branched-chain fatty acid 18:0 (2)**,,,,,
S100021092,62887,Xenobiotics,Food Component/Plant,4947,WXAIESXRQLSDGI-UHFFFAOYSA-N,COC1=C(O)C=C2C(C(C(C3=CC=C(OS(O)(=O)=O)C=C3)=CO2)=O)=C1,glycitein sulfate (2),glycitein sulfate (2),,,,,
S100021093,62890,Lipid,Secondary Bile Acid Metabolism,3560,IJHJZQKOSUFQCX-WZJRQFJBSA-N,[H][C@@](CCC(NCCS(O)(=O)=O)=O)([C@]1(CC[C@]2([C@@]3([C@@H](C[C@@]4(C[C@H](S(O)(=O)=O)CC[C@@]4([C@]3(C[C@H]([C@]12C)O)[H])C)[H])O)[H])[H])[H])C,taurochenodeoxycholic acid 3-sulfate,taurochenodeoxycholic acid 3-sulfate,,24850141,HMDB0002486,,52931550
S100021097,62893,Lipid,"Fatty Acid, Branched",1656,GAKHLIKRWXSZAU-UHFFFAOYSA-N,CCCC(CCCCCCC(O)=O)CCCCC,branched-chain fatty acid 16:0**,branched-chain fatty acid 16:0**,,,,,
S100021105,62923,Lipid,"Fatty Acid, Dicarboxylate",1720,NZLFRLCYQVOISV-IWQZZHSRSA-N,OC(CCCCCCCCC/C=C\CCCCCCCC(O)=O)=O,eicosenedioate (C20:1-DC)*,eicosenedioate (C20:1-DC)*,,,,,
S100021107,62917,Peptide,Polypeptide,1152,QTVRCQRIGVKQHD-UHFFFAOYSA-N,O=C(O)C(C(C)C)NC(C(NC(CNC(C(N)CCC(O)=O)=O)=O)CC(N)=O)=O,glu-gly-asn-val**,glu-gly-asn-val**,,16618843,,,
S100021123,62959,Amino Acid,Lysine Metabolism,119,ZRJHLGYVUCPZNH-MQWKRIRWSA-N,[O-]C([C@@H](N)C(O)CCC[N+](C)(C)C)=O,"hydroxy-N6,N6,N6-trimethyllysine*","hydroxy-N6,N6,N6-trimethyllysine*",,,,,
S100021131,63613,Lipid,"Fatty Acid Metabolism (Acyl Carnitine, Monounsaturated)",1898,FVOVZEONZTWNTC-OUKQBFOZSA-N,CCCCCCCC/C=C/C(OC(CC([O-])=O)C[N+](C)(C)C)=O,undecenoylcarnitine (C11:1),undecenoylcarnitine (C11:1),,,,,
S100021138,63612,Lipid,"Fatty Acid Metabolism (Acyl Carnitine, Medium Chain)",1875,IQJMCBGYXMVJGG-UHFFFAOYSA-N,CC(CCCCC)CCC(OC(CC([O-])=O)C[N+](C)(C)C)=O,4-methylnonanoylcarnitine,4-methylnonanoylcarnitine,,,,,
S100021141,63358,Lipid,"Fatty Acid Metabolism (Acyl Carnitine, Hydroxy)",1944,VCRSQDIROUELAR-UHFFFAOYSA-N,OC(CCCCCCC)CC(OC(CC([O-])=O)C[N+](C)(C)C)=O,3-hydroxydecanoylcarnitine,3-hydroxydecanoylcarnitine,,59664325,HMDB0061636,,121454166
S100021162,62984,Lipid,Ceramide PEs,3153,JTVNQMOIYKXJKF-WSYRTZMQSA-N,CCCCCCCCCCCCC/C=C/[C@@]([H])(O)[C@@]([H])(NC(CCCCCCCCCCCCCCC)=O)COP(O)(OCCN)=O,palmitoyl-sphingosine-phosphoethanolamine (d18:1/16:0),palmitoyl-sphingosine-phosphoethanolamine (d18:1/16:0),,,,,
S100021198,63057,Lipid,Fatty Acid Metabolism (Acyl Glycine),1854,MNYZGNSHBPLAFN-UHFFFAOYSA-N,O=C(C1=CC=CC=N1)N([H])CC(O)=O,picolinoylglycine,picolinoylglycine,5616-29-5,9963296,HMDB0059766,,11788622
S100021208,64579,Xenobiotics,Benzoate Metabolism,4551,ILVXQMHYFMBCMJ-UHFFFAOYSA-N,C=CC(C=C1O)=CC=C1OS(=O)(O)=O,4-vinylcatechol sulfate,4-vinylcatechol sulfate,,,,,
S100021220,63678,Amino Acid,"Methionine, Cysteine, SAM and Taurine Metabolism",482,SBQWITJAJITAMM-UHFFFAOYSA-N,OC(CCC(NCCS(=O)(O)=O)=O)=O,succinoyltaurine,succinoyltaurine,,20509456,,,
S100021223,63224,Lipid,Endocannabinoid,2197,ADFXUGRCALOSKU-UHFFFAOYSA-N,CCCCCC(NCCS(=O)(O)=O)=O,hexanoyltaurine,hexanoyltaurine,,1680723,,,2245940
S100021232,63225,Lipid,Endocannabinoid,2186,HDMHCMGUZRSREO-UHFFFAOYSA-N,CC(CCC(NCCS(=O)(O)=O)=O)C,isocaproyltaurine,isocaproyltaurine,,,,,
S100021233,63226,Lipid,Endocannabinoid,2196,VWRPEMDBGHWXEQ-UHFFFAOYSA-N,O=C(CCCCCCCC(O)=O)NCCS(=O)(O)=O,azeloyltaurine,azeloyltaurine,,,,,
S100021261,63052,Peptide,Dipeptide Derivative,668,JCCZCUUYYHWRGX-UHFFFAOYSA-N,NC(CC(C)C)C(N1C(C(O)=O)CC(O)C1)=O,leucylhydroxyproline*,leucylhydroxyproline*,,20170035,HMDB0028930,,20847829
S100021262,63051,Peptide,Dipeptide Derivative,667,IFZSZULHIWFRSB-UHFFFAOYSA-N,NC(C(C)CC)C(N1C(C(O)=O)CC(O)C1)=O,isoleucylhydroxyproline*,isoleucylhydroxyproline*,,35032815,HMDB0028908,,61158802
S100021324,63589,Xenobiotics,Chemical,6282,KLXACYSQYFWVLM-UHFFFAOYSA-N,ClC1=C(O)C(C(O)=O)=C(O)C(Cl)=C1,"3,5-dichloro-2,6-dihydroxybenzoic acid","3,5-dichloro-2,6-dihydroxybenzoic acid",,24339141,,,24721632
S100021360,63814,Xenobiotics,Chemical,6285,ICIZNQNCGFFJFO-UHFFFAOYSA-N,CCCOC1OC(C(O)=O)C(O)C(O)C1O,n-propanol glucuronide,n-propanol glucuronide,,,,,
S100021363,63853,Xenobiotics,Food Component/Plant,5240,LOODYTDRRBLQNH-UHFFFAOYSA-N,OC1=CC=C(C=C1OC)C(NCC(O)=O)=O,vanillic acid glycine,vanillic acid glycine,,2340857,HMDB0060026,,3083688
S100021372,63739,Amino Acid,"Methionine, Cysteine, SAM and Taurine Metabolism",455,ONFOSYPQQXJWGS-UHFFFAOYSA-N,CSCCC(O)C(O)=O,2-hydroxy-4-(methylthio)butanoic acid,2-hydroxy-4-(methylthio)butanoic acid,583-91-5,,HMDB0037115,,11427
S100021374,63191,Lipid,"Fatty Acid, Dicarboxylate",1710,JUODHHFNSQAXKF-UHFFFAOYSA-N,CCCCCC(CCCC(O)=O)CCCC(O)=O,branched chain 14:0 dicarboxylic acid**,branched chain 14:0 dicarboxylic acid**,,,,,
S100021467,63264,Partially Characterized Molecules,Partially Characterized Molecules,6446,,,pentose acid*,pentose acid*,,,HMDB0000892,C00803,7991
S100021478,64596,Amino Acid,Histidine Metabolism,95,MXETUSMIYKMMAT-UHFFFAOYSA-N,CN1C=NC=C1CC(O)C(O)=O,1-methyl-5-imidazolelactate,1-methyl-5-imidazolelactate,2022510-60-5,65563369,,,
S100021502,63436,Lipid,Medium Chain Fatty Acid,1515,WXBXVVIUZANZAU-CMDGGOBGSA-N,CCCCCCC/C=C/C(O)=O,(2 or 3)-decenoate (10:1n7 or n8),(2 or 3)-decenoate (10:1n7 or n8),,,,,
S100021503,63854,Amino Acid,Polyamine Metabolism,550,YANFYYGANIYHGI-UHFFFAOYSA-N,O=C(N)NCCCCN,N-carbamoylputrescine,N-carbamoylputrescine,,488,HMDB0033458,C00436,502
S100021666,63615,Partially Characterized Molecules,Partially Characterized Molecules,6453,NIFITBVFNGQSNA-SOFGYWHQSA-N,CC(C)CCCC/C=C/C(O)=O,"branched-chain, straight-chain, or cyclopropyl 10:1 fatty acid (1)*","branched-chain, straight-chain, or cyclopropyl 10:1 fatty acid (1)*",,,,,
S100021707,63681,Xenobiotics,Chemical,6283,AJSVSHDVMDXRFN-UHFFFAOYSA-N,OC(C1=C(O)C(Cl)=CC(Br)=C1O)=O,"3-bromo-5-chloro-2,6-dihydroxybenzoic acid*","3-bromo-5-chloro-2,6-dihydroxybenzoic acid*",,,,,134581543
S100021727,64390,Lipid,"Fatty Acid, Branched",1660,VFMNSFWBDMRNLJ-BQBZGAKWSA-N,O=C(C[C@@]1([H])[C@@](C1)([H])CCC)O,"cis-3,4-methyleneheptanoate","cis-3,4-methyleneheptanoate",,,,,
S100021728,64389,Lipid,"Fatty Acid Metabolism (Acyl Carnitine, Medium Chain)",1873,LNGSHJPPGDBEPT-VYAYZGMFSA-N,O=C(C[C@@]1([H])[C@@](C1)([H])CCC)OC(CC([O-])=O)C[N+](C)(C)C,"cis-3,4-methyleneheptanoylcarnitine","cis-3,4-methyleneheptanoylcarnitine",,,,,
S100021784,63988,Xenobiotics,Chemical,6289,XRHGYUZYPHTUJZ-UHFFFAOYSA-N,O=C(O)C1=CC=C(Cl)C=C1,4-chlorobenzoic acid,4-chlorobenzoic acid,74-11-3,,,C02370,6318
S100021839,64049,Xenobiotics,Benzoate Metabolism,4605,LEJCLCZOTCOTQE-UHFFFAOYSA-N,OC1=CC=C(OS(=O)(O)=O)C=C1OC,2-methoxyhydroquinone sulfate (1),2-methoxyhydroquinone sulfate (1),,,,,
S100021918,64328,Xenobiotics,Chemical,6200,ICKWICRCANNIBI-UHFFFAOYSA-N,CC(C)(c1cc(C(C)(C)C)c(O)cc1)C,"2,4-di-tert-butylphenol","2,4-di-tert-butylphenol",96-76-4,,,,
S100021992,64386,Lipid,Fatty Acid Metabolism (Acyl Glycine),1831,FFFQOVJTIDIKQJ-YUMQZZPRSA-N,O=C(NCC(O)=O)C[C@@H]1C[C@@H]1CCC,"cis-3,4-methyleneheptanoylglycine","cis-3,4-methyleneheptanoylglycine",,,,,
S100022004,64404,Partially Characterized Molecules,Partially Characterized Molecules,6467,,,"bilirubin degradation product, C16H18N2O5 (2)**","bilirubin degradation product, C16H18N2O5 (2)**",,,,,
S100022005,64409,Partially Characterized Molecules,Partially Characterized Molecules,6468,,,"bilirubin degradation product, C17H18N2O4 (1)**","bilirubin degradation product, C17H18N2O4 (1)**",,,,,
S100022006,64407,Partially Characterized Molecules,Partially Characterized Molecules,6469,,,"bilirubin degradation product, C17H18N2O4 (2)**","bilirubin degradation product, C17H18N2O4 (2)**",,,,,
S100022007,64408,Partially Characterized Molecules,Partially Characterized Molecules,6470,,,"bilirubin degradation product, C17H18N2O4 (3)**","bilirubin degradation product, C17H18N2O4 (3)**",,,,,
S100022009,64406,Partially Characterized Molecules,Partially Characterized Molecules,6472,,,"bilirubin degradation product, C17H20N2O5 (2)**","bilirubin degradation product, C17H20N2O5 (2)**",,,,,
S100022041,64571,Peptide,Modified Peptides,1235,VOWFCBSRZKGKTF-UHFFFAOYSA-N,O=C(N1CCCC1C([O-])=O)C2CCC[N+]2(C)C,"N,N-dimethyl-pro-pro","N,N-dimethyl-pro-pro",,,,,
S100022120,64568,Amino Acid,Tryptophan Metabolism,268,YLEQTOAIAOPFBY-UHFFFAOYSA-N,OC(C(N)(C)N(C1=C(C2)C=CC=C1)C2=O)=O,oxindolylalanine,oxindolylalanine,,,,,20977764
S100022172,64623,Xenobiotics,Chemical,6371,QZHDEAJFRJCDMF-UHFFFAOYSA-N,FC(F)(F)C(F)(F)C(F)(F)C(F)(F)C(F)(F)C(F)(F)S(=O)(O)=O,perfluorohexanesulfonate (PFHxS),perfluorohexanesulfonate (PFHxS),355-46-4,,HMDB0094700,,
S1001,32306,Amino Acid,Urea cycle; Arginine and Proline Metabolism,520,PMMYEEVYMWASQN-DMTCNVIQSA-N,O[C@@H]1C[C@@H](C(O)=O)NC1,trans-4-hydroxyproline,hydroxyproline,51-35-4,5605,HMDB0000725,C01157,5810
S1002,1107,Nucleotide,"Purine Metabolism, (Hypo)Xanthine/Inosine containing",4152,POJWUDADGALRAB-UHFFFAOYSA-N,O=C(N1)C(NC(N)=O)NC1=O,allantoin,allantoin,97-59-6,199,HMDB0000462,"C02348,C01551,C02350","439714,204,439713"
S1004,3147,Nucleotide,"Purine Metabolism, (Hypo)Xanthine/Inosine containing",4140,LRFVTYWOQMYALW-UHFFFAOYSA-N,O=C(N1)C(N=CN2)=C2NC1=O,xanthine,xanthine,69-89-6,1151,HMDB0000292,C00385,1188
S1021,1494,Amino Acid,Glutathione Metabolism,587,ODHCTXKNWHHXJC-VKHMYHEASA-N,O=C1CC[C@@H]([C@@](O)=O)N1,5-oxoproline,5-oxoproline,98-79-3,7127,HMDB0000267,"C02237,C01879","439685,7405"
S1022,1512,Amino Acid,Tryptophan Metabolism,287,SIOXPEMLGUPBBT-UHFFFAOYSA-N,O=C(O)C1=NC=CC=C1,picolinate,picolinate,98-98-6,993,HMDB0002243,C10164,1018
S1023,1516,Amino Acid,"Glycine, Serine and Threonine Metabolism",5,FSYKKLYZXJSNPZ-UHFFFAOYSA-N,CNCC(O)=O,sarcosine,sarcosine,107-97-1,1057,HMDB0000271,C00213,1088
S1024,1508,Cofactors and Vitamins,Pantothenate and CoA Metabolism,4356,GHOKWGTUZJEAQD-ZETCQYMHSA-N,O=C(NCCC(O)=O)[C@H](O)C(C)(C)CO,pantothenate,pantothenate (Vitamin B5),137-08-6,6361,HMDB0000210,C00864,6613
S1025,1444,Amino Acid,Lysine Metabolism,133,HXEACLLIILLPRG-UHFFFAOYSA-N,OC(C1NCCCC1)=O,pipecolate,pipecolate,4043-87-2,,HMDB0000070,,
S1026,1600,Lipid,Phospholipid Metabolism,2255,SUHOOTKUPISOBE-UHFFFAOYSA-N,NCCOP(O)(O)=O,phosphoethanolamine,phosphoethanolamine (PE),1071-23-4,990,HMDB0000224,C00346,1015
S1049,21106,Nucleotide,"Pyrimidine Metabolism, Cytidine containing",4277,LRSASMSXMSNRBT-UHFFFAOYSA-N,NC1=NC(NC=C1C)=O,5-methylcytosine,5-methylcytosine,58366-64-6,58551,HMDB0002894,C02376,65040
S1052,1572,Carbohydrate,"Glycolysis, Gluconeogenesis, and Pyruvate Metabolism",1259,RBNPOMFGQQGHHO-UHFFFAOYSA-N,O=C(O)C(O)CO,glycerate,glycerate,600-19-1,732,"HMDB0000139,HMDB0006372",C00258,"439194,752"
S1053,3155,Nucleotide,"Pyrimidine Metabolism, Uracil containing",4257,JSJWCHRYRHKBBW-UHFFFAOYSA-N,OC(CCNC(N)=O)=O,3-ureidopropionate,3-ureidopropionate,462-88-4,109,HMDB0000026,C02642,111
S1082,1587,Amino Acid,"Leucine, Isoleucine and Valine Metabolism",341,WXNXCEHXYPACJF-ZETCQYMHSA-N,O=C(O)[C@H](CC(C)C)NC(C)=O,N-acetylleucine,N-acetylleucine,1188-21-2,64075,HMDB0011756,C02710,70912
S1083,1589,Amino Acid,"Methionine, Cysteine, SAM and Taurine Metabolism",441,XUYPXLNMDZIRQH-LURJTMIESA-N,O=C(O)[C@H](CCSC)NC(C)=O,N-acetylmethionine,N-acetylmethionine,65-82-7,395338,HMDB0011745,C02712,448580
S1084,1591,Amino Acid,"Leucine, Isoleucine and Valine Metabolism",422,IHYJTAOFMMMOPX-LURJTMIESA-N,O=C(O)[C@@H](NC(C)=O)C(C)C,N-acetylvaline,N-acetylvaline,96-81-1,60154,HMDB0011757,,66789
S1087,1552,Lipid,Long Chain Monounsaturated Fatty Acid,1564,DPUOLQHDNGRHBS-KTKRTIGZSA-N,OC(CCCCCCCCCCC\C=C/CCCCCCCC)=O,erucate (22:1n9),erucate (22:1n9),112-86-7,7924,HMDB0002068,C08316,"8216,5281116"
S1090,43807,Cofactors and Vitamins,Hemoglobin and Porphyrin Metabolism,4428,BPYKTIZUTYGOLE-KDUUSRDASA-N,CC(C(N\1)=O)=C(C=C)C1=C/C2=C(C)C(CCC(O)=O)=C(CC3=C(CCC(O)=O)C(C)=C(/C=C4NC(C(C=C)=C/4C)=O)N3)N2,"bilirubin (Z,Z)",bilirubin,635-65-4,4444055,HMDB0000054,C00486,5280352
S1094,2761,Amino Acid,Tyrosine Metabolism,250,XUIIKFGFIJCVMT-LBPRGKRZSA-N,OC1=C(I)C=C(OC2=C(I)C=C(C[C@H](N)C(O)=O)C=C2I)C=C1I,thyroxine,thyroxine,51-48-9,5614,HMDB0000248,C01829,5819
S1099,1573,Nucleotide,"Purine Metabolism, Guanine containing",4201,NYHBQMYGNKIUIF-UUOKFMHZSA-N,O=C1C(N=CN2[C@@]3([H])[C@@](O)([H])[C@@](O)([H])[C@](CO)([H])O3)=C2N=C(N)N1,guanosine,guanosine,118-00-3,6544,HMDB0000133,C00387,6802
S1102,2734,Peptide,Gamma-glutamyl Amino Acid,661,VVLXCWVSSLFQDS-QWRGUYRKSA-N,OC(C=C1)=CC=C1C[C@@H](C(O)=O)NC(CC[C@@H](C(O)=O)N)=O,gamma-glutamyltyrosine,gamma-glutamyltyrosine,7432-23-7,85142,HMDB0011741,,94340
S1104,1584,Xenobiotics,Food Component/Plant,4985,KTHADMDGDNYQRX-UHFFFAOYSA-N,O=C(OC)CC1=CNC2=C1C=CC=C2,methyl indole-3-acetate,methyl indole-3-acetate,1912-33-0,67279,HMDB0029738,,74706
S1105,1561,Cofactors and Vitamins,Tocopherol Metabolism,4380,GVJHHUAWPYXKBD-IEOSBIPESA-N,CC1=C2C(O[C@@](CCC[C@H](C)CCC[C@H](C)CCC[C@H](C)C)(C)CC2)=C(C)C(C)=C1O,alpha-tocopherol,alpha-tocopherol,"10191-41-0,59-02-9",14265,HMDB0001893,C02477,86472
S111,1549,Amino Acid,"Leucine, Isoleucine and Valine Metabolism",433,DBXBTMSZEOQQDU-UHFFFAOYSA-N,CC(C(O)=O)CO,3-hydroxyisobutyrate,3-hydroxyisobutyrate,2068-83-9,10140307,"HMDB0000023,HMDB0000336","C01188,C06001",11966314
S1110,1585,Amino Acid,Alanine and Aspartate Metabolism,31,KTHDTJVBEPMMGL-VKHMYHEASA-N,O=C(O)[C@@H](NC(C)=O)C,N-acetylalanine,N-acetylalanine,97-69-8,79449,HMDB0000766,C02847,88064
S1113,1558,Amino Acid,Polyamine Metabolism,568,UZTFMUBKZQVKLK-UHFFFAOYSA-N,CC(NCCCC(O)=O)=O,4-acetamidobutanoate,4-acetamidobutanoate,3025-96-5,17180,HMDB0003681,C02946,18189
S1114,1566,Nucleotide,"Pyrimidine Metabolism, Thymine containing",4302,QCHPKSFMDHPSNR-UHFFFAOYSA-N,O=C(O)C(C)CN,3-aminoisobutyrate,3-aminoisobutyrate,"214139-20-5,10569-72-9",58481,HMDB0002166,C05145,64956
S112,531,Lipid,Mevalonate Metabolism,3194,NPOAOTPXWNWTSH-UHFFFAOYSA-N,CC(CC(O)=O)(CC(O)=O)O,3-hydroxy-3-methylglutarate,3-hydroxy-3-methylglutarate,503-49-1,4573695,HMDB0000355,C03761,"1662,5459993"
S1123,1563,Lipid,Primary Bile Acid Metabolism,3475,RUDATBOHQWOJDD-LXEZOOAESA-N,C[C@]12CC[C@]3([H])[C@@]4(C)CC[C@@H](O)C[C@@]4([H])C[C@@H](O)[C@@]3([H])[C@]1([H])CC[C@@]2(C(CCC(O)=O)C)[H],chenodeoxycholate,chenodeoxycholate,"474-25-9,474-24-9",,HMDB0000518,C02528,10133
S1124,1564,Energy,TCA Cycle,1456,KRKNYBCHXYNGOX-UHFFFAOYSA-N,OC(CC(CC(O)=O)(O)C(O)=O)=O,citrate,citrate,77-92-9,305,HMDB0000094,C00158,311
S1128,42374,Amino Acid,Glutathione Metabolism,588,QWCKQJZIFLGMSD-GSVOUGTGSA-N,N[C@H](CC)C(O)=O,2-aminobutyrate,2-aminobutyrate,1492-24-6,388757,HMDB0000452,C02356,80283
S1134,1604,Nucleotide,"Purine Metabolism, (Hypo)Xanthine/Inosine containing",4150,LEHOTFFKMJEONL-UHFFFAOYSA-N,O=C1NC(NC(NC2=O)=O)=C2N1,urate,urate,"120K5305,69-93-2",,HMDB0000289,C00366,1175
S1135,1605,Lipid,Secondary Bile Acid Metabolism,3523,RUDATBOHQWOJDD-UZVSRGJWSA-N,O[C@@H]1[C@@]2([H])[C@]3([H])CC[C@@]([C@@H](CCC(O)=O)C)([H])[C@@]3(C)CC[C@]2([H])[C@@]4(C)CC[C@@H](O)C[C@@]4([H])C1,ursodeoxycholate,ursodeoxycholate,128-13-2,29131,HMDB0000946,C07880,31401
S1136,33443,Lipid,Short Chain Fatty Acid,1505,NQPDZGIKBAWPEJ-UHFFFAOYSA-N,OC(CCCC)=O,valerate (5:0),valerate (5:0),109-52-4,7701,HMDB0000892,C00803,7991
S1137,38102,Lipid,Endocannabinoid,2176,BOWVQLFMWHZBEF-KTKRTIGZSA-N,O=C(NCCO)CCCCCCC/C=C\CCCCCCCC,oleoyl ethanolamide,oleoyl ethanolamide,"111-58-0,11-58-0",4446574,HMDB0002088,,5283454
S1140,2730,Peptide,Gamma-glutamyl Amino Acid,650,JBFYFLXEJFQWMU-WDSKDSINSA-N,O=C(N)CC[C@@H](C(O)=O)NC(CC[C@@H](C(O)=O)N)=O,gamma-glutamylglutamine,gamma-glutamylglutamine,10148-81-9,133013,HMDB0011738,C05283,150914
S1141,1669,Amino Acid,Tyrosine Metabolism,180,KKADPXVIOXHVKN-UHFFFAOYSA-N,OC1=CC=C(CC(C(O)=O)=O)C=C1,4-hydroxyphenylpyruvate,4-hydroxyphenylpyruvate,156-39-8,954,HMDB0000707,C01179,979
S1143,40605,Lipid,Short Chain Fatty Acid,1504,FERIUCNNQQJTOY-UHFFFAOYSA-N,OC(CCC)=O,butyrate/isobutyrate (4:0),butyrate/isobutyrate (4:0),109-92-6,259,HMDB0000039,C00246,264
S1162,32377,Carbohydrate,Aminosugar Metabolism,1435,SQVRNKJHWKZAKO-UHFFFAOYSA-N,OC1(C(O)=O)CC(O)C(NC(C)=O)C(C(O)C(O)CO)O1,N-acetylneuraminate,N-acetylneuraminate,131-48-6,10292217,HMDB0000230,C00270,439197
S1206,12110,Energy,TCA Cycle,1460,ODBLHEXUDAPZAU-OKKQSCSOSA-N,OC(C[C@@H]([C@H](O)C(O)=O)[C@@](O)=O)=O,isocitrate,isocitrate,20226-99-7,1161,HMDB0001874,C00451,5318532
S1215,48149,Carbohydrate,Aminosugar Metabolism,1447,YTTRPBWEMMPYSW-VFFCQLMOSA-N,O[C@H]1[C@H](O)[C@@H](CO)O[C@@H](NC(CC(N)C(O)=O)=O)[C@@H]1NC(C)=O,N-acetylglucosaminylasparagine,N-acetylglucosaminylasparagine,2776-93-4,21403014,HMDB0000489,C04540,123826
S1221,27718,Amino Acid,Creatine Metabolism,536,CVSVTCORWBXHQV-UHFFFAOYSA-N,CN(C(N)=N)CC(O)=O,creatine,creatine,57-00-1,566,HMDB0000064,C00300,586
S1231,17805,Lipid,Long Chain Polyunsaturated Fatty Acid (n3 and n6),1587,XSXIVVZCUAHUJO-HZJYTTRNSA-N,O=C(O)CCCCCCCCC/C=C\C/C=C\CCCCC,dihomo-linoleate (20:2n6),dihomolinoleate (20:2n6),2091-39-6,4944228,HMDB0005060,C16525,6439848
S1235,18245,Peptide,Gamma-glutamyl Amino Acid,652,PXVCMZCJAUJLJP-YUMQZZPRSA-N,O=C(O)[C@@H](N)CCC(N[C@@H](CC1=CNC=N1)C(O)=O)=O,gamma-glutamylhistidine,gamma-glutamylhistidine,37460-15-4,5380197,HMDB0029151,,7017195
S1239,17945,Lipid,"Fatty Acid, Monohydroxy",1988,KIHBGTRZFAVZRV-QGZVFWFLSA-N,OC([C@H](O)CCCCCCCCCCCCCCCC)=O,2-hydroxystearate,2-hydroxystearate,629-22-1,62625,HMDB0062549,"C03042,C03045","439887,439885,69417"
S1242,15650,Nucleotide,"Purine Metabolism, Adenine containing",4172,GFYLSDSUCHVORB-IOSLPCCCSA-N,N=C1C2=C(N([C@@]3([H])[C@@](O)([H])[C@@](O)([H])[C@](CO)([H])O3)C=N2)N=CN1C,N1-methyladenosine,1-methyladenosine,15763-06-1,4573813,HMDB0003331,C02494,27476
S1254,15122,Lipid,Glycerolipid Metabolism,2859,PEDCQBHIVMGVHV-UHFFFAOYSA-N,OC(CO)CO,glycerol,glycerol,56-81-5,733,HMDB0000131,C00116,753
S1256,15506,Lipid,Phospholipid Metabolism,2249,CRBHXDCYXIISFC-UHFFFAOYSA-N,[O-]CC[N+](C)(C)C,choline,choline,67-48-1,149278,HMDB0000097,C00114,305
S1258,57746,Amino Acid,Tryptophan Metabolism,280,RWZYAGGXGHYGMB-UHFFFAOYSA-N,OC(C1=CC=CC=C1N)=O,anthranilate,anthranilate,118-92-3,222,HMDB0001123,C00108,227
S1261,57393,Lipid,Eicosanoid,2165,KUKJHGXXZWHSBG-WBGSEQOASA-N,O[C@@H](CCCCC)/C=C/C=C/C/C=C\CCCC(O)=O,12-HHTrE,12-HHTrE,54397-84-1,4446265,HMDB0012535,C20388,5283141
S1268,18369,Peptide,Gamma-glutamyl Amino Acid,654,MYFMARDICOWMQP-YUMQZZPRSA-N,CC(C)C[C@@H](C(O)=O)NC(CC[C@@H](C(O)=O)N)=O,gamma-glutamylleucine,gamma-glutamylleucine,2566-39-4,133115,HMDB0011171,,151023
S1308,17807,Lipid,Eicosanoid,2097,XNRNNGPBEPRNAR-JQBLCGNGSA-N,OC(O1)C[C@H](O)[C@H](C/C=C\CCCC(O)=O)[C@H]1/C=C/[C@@H](O)CCCCC,thromboxane B2,thromboxane B2,54397-85-2,4446261,HMDB0003252,C05963,5283137
S1312,22152,Cofactors and Vitamins,Nicotinate and Nicotinamide Metabolism,4325,DAYLJWODMCOQEW-TURQNECASA-N,O[C@@H]1[C@@H](COP([O-])(O)=O)O[C@@H]([N@@+]2=CC=CC(C(N)=O)=C2)[C@@H]1O,nicotinamide ribonucleotide (NMN),nicotinamide ribonucleotide (NMN),1094-61-7,13553,HMDB0000229,C00455,14180
S1342,12017,Amino Acid,Tyrosine Metabolism,209,PFDUUKDQEHURQC-ZETCQYMHSA-N,COC1=C(O)C=CC(C[C@@H](C(O)=O)N)=C1,3-methoxytyrosine,3-methoxytyrosine,300-48-1,8948,HMDB0001434,,9307
S136,22842,Lipid,Primary Bile Acid Metabolism,3472,BHQCQFFYRZLCQQ-OLRQUHAPSA-N,O[C@H]1[C@@]2([H])[C@]3([H])CC[C@H]([C@H](C)CCC(O)=O)[C@@]3(C)[C@@H](O)C[C@]2([H])[C@@]4(C)CC[C@@H](O)CC4C1,cholate,cholate,81-25-4,,HMDB0000619,C00695,221493
S144,541,Amino Acid,Phenylalanine Metabolism,164,XQXPVVBIMDBYFF-UHFFFAOYSA-N,OC(CC1=CC=C(C=C1)O)=O,4-hydroxyphenylacetate,4-hydroxyphenylacetate,156-38-7,3881560,HMDB0000020,C00642,127
S1442,12129,Amino Acid,"Leucine, Isoleucine and Valine Metabolism",368,AXFYFNCPONWUHW-UHFFFAOYSA-N,CC(C)(O)CC(O)=O,beta-hydroxyisovalerate,beta-hydroxyisovalerate,625-08-1,62571,HMDB0000754,,69362
S1489,38165,Lipid,Endocannabinoid,2179,HXYVTAGFYLMHSO-UHFFFAOYSA-N,CCCCCCCCCCCCCCCC(NCCO)=O,palmitoyl ethanolamide,palmitoyl ethanolamide,544-31-0,4509,HMDB0002100,C16512,4671
S1506,32462,Lipid,Fatty Acid Metabolism (Acyl Glycine),1844,YCRHZEHWEYAHCO-HZJYTTRNSA-N,O=C(O)CNC(CCCCCCC/C=C\C/C=C\CCCCC)=O,N-linoleoylglycine,N-linoleoylglycine,2764-03-6,4938516,,,6433346
S1518,44877,Lipid,Ceramides,3039,YDNKGFDKKRUKPY-TURZORIXSA-N,OC[C@@H]([C@H](O)/C=C/CCCCCCCCCCCCC)NC(CCCCCCCCCCCCCCC)=O,N-palmitoyl-sphingosine (d18:1/16:0),N-palmitoyl-sphingosine (d18:1/16:0),24696-26-2,4446677,HMDB0004949,,5283564
S1526,19263,Lipid,Phosphatidylethanolamine (PE),2425,FHQVHHIBKUMWTI-OTMQOFQLSA-N,CCCCCCCC\C=C/CCCCCCCC(O[C@](COC(CCCCCCCCCCCCCCC)=O)(COP([O-])(OCC[N+]([H])([H])[H])=O)[H])=O,1-palmitoyl-2-oleoyl-GPE (16:0/18:1),1-palmitoyl-2-oleoyl-GPE (16:0/18:1),26662-94-2,4446615,HMDB0005320,,5283496
S1528,52450,Lipid,Phosphatidylinositol (PI),2553,BSNJSZUDOMPYIR-DMDPBSJXSA-N,O=C(CCCCCCC/C=C\C/C=C\CCCCC)O[C@@H](COP(OC1C(O)C(O)C(O)C(O)C1O)(O)=O)COC(CCCCCCCCCCCCCCC)=O,1-palmitoyl-2-linoleoyl-GPI (16:0/18:2),1-palmitoyl-2-linoleoyl-GPI (16:0/18:2),,21403024,HMDB0009784,,46891795
S1537,42446,Lipid,Phosphatidylcholine (PC),2303,JLPULHDHAOZNQI-ZTIMHPMXSA-N,O=P([O-])(OC[C@@H](COC(CCCCCCCCCCCCCCC)=O)OC(CCCCCCC/C=C\C/C=C\CCCCC)=O)OCC[N+](C)(C)C,1-palmitoyl-2-linoleoyl-GPC (16:0/18:2),1-palmitoyl-2-linoleoyl-GPC (16:0/18:2),40811-94-7,4450224,HMDB0007973,,5287971
S1538,19503,Lipid,Sphingomyelins,3124,LKQLRGMMMAHREN-YJFXYUILSA-N,CCCCCCCCCCCCCCCCCC(N[C@@](COP([O-])(OCC[N+](C)(C)C)=O)([C@](O)(/C=C/CCCCCCCCCCCCC)[H])[H])=O,stearoyl sphingomyelin (d18:1/18:0),stearoyl sphingomyelin (d18:1/18:0),"85187-10-6,85187-10-6",4956085,HMDB0001348,C00550,6453725
S1539,52461,Lipid,Phosphatidylcholine (PC),2300,WTJKGGKOPKCXLL-PFDVCBLKSA-N,O=C(CCCCCCC/C=C\CCCCCCCC)O[C@@H](COC(CCCCCCCCCCCCCCC)=O)COP(OCC[N+](C)(C)C)([O-])=O,1-palmitoyl-2-oleoyl-GPC (16:0/18:1),1-palmitoyl-2-oleoyl-GPC (16:0/18:1),"26853-31-6,26853-31-6",4940699,HMDB0007972,C13875,6436017
S1547,54979,Lipid,Ceramides,3043,VODZWWMEJITOND-NXCSZAMKSA-N,OC[C@H](NC(CCCCCCCCCCCCCCCCC)=O)[C@H](O)/C=C/CCCCCCCCCCCCC,N-stearoyl-sphingosine (d18:1/18:0)*,N-stearoyl-sphingosine (d18:1/18:0)*,104404-17-3,4446678,HMDB0004950,,5283565
S158,1418,Nucleotide,"Pyrimidine Metabolism, Thymine containing",4299,NBAKTGXDIBVZOO-UHFFFAOYSA-N,O=C(NCC1C)NC1=O,"5,6-dihydrothymine","5,6-dihydrothymine",696-04-8,84456,HMDB0000079,C00906,93556
S1628,32346,Lipid,Primary Bile Acid Metabolism,3480,GHCZAUBVMUEKKP-AZDOMVTHSA-N,O=C(NCC(O)=O)CC[C@@H](C)[C@@H]1[C@](CC[C@H]2[C@@]3([H])[C@H](O)C[C@@]4([H])C2(C)CC[C@@H](O)C4)(C)[C@]3([H])CC1,glycochenodeoxycholate,glycochenodeoxycholate,16564-43-5,,HMDB0000637,C05466,12544
S1629,18494,Lipid,Primary Bile Acid Metabolism,3481,BHTRKEVKTKCXOH-BJLOMENOSA-N,C[C@@]12[C@@]([H])(CC[C@@]2([C@@H](CCC(NCCS(O)(=O)=O)=O)C)[H])[C@@]([C@@H](C[C@]3([H])C[C@H](O)CC4)O)([H])[C@]([C@]34C)([H])CC1,taurochenodeoxycholate,taurochenodeoxycholate,6009-98-9,343282,HMDB0000951,C05465,387316
S1648,18497,Lipid,Primary Bile Acid Metabolism,3474,WBWWGRHZICKQGZ-HGVCTONRSA-N,C[C@@]12[C@@]([H])(CC[C@]2([H])[C@@H](CCC(NCCS(O)(=O)=O)=O)C)[C@@]([C@H](O)C[C@@]3([H])[C@@]4(CC[C@@H](O)C3)C)([H])[C@@]4([H])C[C@@H]1O,taurocholate,taurocholate,145-42-6,,HMDB0000036,C05122,"6675,46783527"
S1668,12261,Lipid,Secondary Bile Acid Metabolism,3508,AWDRATDZQPNJFN-RZGBOAIJSA-N,C[C@@]12[C@@]([H])(CC[C@]2([H])[C@@H](CCC(NCCS(O)(=O)=O)=O)C)[C@@](CC[C@@]3([H])[C@@]4(CC[C@@H](O)C3)C)([H])[C@@]4([H])C[C@@H]1O,taurodeoxycholate,taurodeoxycholate,207737-97-1,2015539,HMDB0000896,C05463,2733768
S171,3127,Nucleotide,"Purine Metabolism, (Hypo)Xanthine/Inosine containing",4139,FDGQSTZJBFJUBT-UHFFFAOYSA-N,O=C1C(N=CN2)=C2N=CN1,hypoxanthine,hypoxanthine,68-94-0,768,HMDB0000157,C00262,"790,135398638"
S172,32352,Nucleotide,"Purine Metabolism, Guanine containing",4202,UYTPUPDQBNUYGX-UHFFFAOYSA-N,NC(N1)=NC2=C(NC=N2)C1=O,guanine,guanine,73-40-5,744,HMDB0000132,C00242,135398634
S179,38399,Lipid,"Fatty Acid, Dihydroxy",2048,XEBKSQSGNGRGDW-YFHOEESVSA-N,CCCCC/C=C\CC(C(CCCCCCCC(O)=O)O)O,"9,10-DiHOME","9,10-DiHOME",263399-34-4,8142232,HMDB0004704,C14828,9966640
S180,1105,Lipid,Long Chain Polyunsaturated Fatty Acid (n3 and n6),1584,OYHQOLUKZRVURQ-HZJYTTRNSA-N,OC(CCCCCCC/C=C\C/C=C\CCCCC)=O,linoleate (18:2n6),linoleate (18:2n6),60-33-3,4444105,"HMDB0006270,HMDB0000673",C01595,5280450
S181,1645,Lipid,Medium Chain Fatty Acid,1519,POULHZVOKOAJMA-UHFFFAOYSA-N,O=C(O)CCCCCCCCCCC,laurate (12:0),laurate (12:0),143-07-7,3756,HMDB0000638,C02679,3893
S182,1899,Cofactors and Vitamins,Nicotinate and Nicotinamide Metabolism,4319,GJAWHXHKYYXBSV-UHFFFAOYSA-N,OC(C(C=CC=N1)=C1C(O)=O)=O,quinolinate,quinolinate,89-00-9,1037,HMDB0000232,C03722,1066
S1869,18281,Xenobiotics,Benzoate Metabolism,4486,ONJSZLXSECQROL-UHFFFAOYSA-N,O=C(C1=CC=CC=C1O)NCC(O)=O,2-hydroxyhippurate (salicylurate),2-hydroxyhippurate (salicylurate),487-54-7,9835,HMDB0000840,C07588,10253
S189,1498,Amino Acid,Lysine Metabolism,118,MXNRLFUSFKVQSK-UHFFFAOYSA-N,C[N+](C)(CCCCC(C([O-])=O)N)C,"N6,N6,N6-trimethyllysine","N6,N6,N6-trimethyllysine",23284-33-5,140379,HMDB0001325,C03793,440120
S192,37496,Amino Acid,Polyamine Metabolism,546,KLZGKIDSEJWEDW-UHFFFAOYSA-N,CC(NCCCCN)=O,N-acetylputrescine,N-acetylputrescine,18233-70-0,109095,HMDB0002064,C02714,122356
S194,2829,Amino Acid,"Methionine, Cysteine, SAM and Taurine Metabolism",443,PYUSHNKNPOHWEZ-UHFFFAOYSA-N,CSCCC(C(O)=O)NC=O,N-formylmethionine,N-formylmethionine,4289-98-9,388809,HMDB0001015,C03145,439750
S197,42382,Amino Acid,"Methionine, Cysteine, SAM and Taurine Metabolism",452,ZJUKTBDSGOFHSH-UHFFFAOYSA-N,OC1C(N2C=NC3=C2N=CN=C3N)OC(CSCCC(N)C(O)=O)C1O,S-adenosylhomocysteine (SAH),S-adenosylhomocysteine (SAH),979-92-0,16788012,HMDB0000939,C00021,439155
S2029,18362,Lipid,"Fatty Acid, Dicarboxylate",1696,BDJRBEYXGGNYIS-UHFFFAOYSA-N,O=C(O)CCCCCCCC(O)=O,azelate (C9-DC),azelate (C9-DC),123-99-9,2179,HMDB0000784,C08261,2266
S2050,18467,Lipid,Long Chain Polyunsaturated Fatty Acid (n3 and n6),1577,JAZBEHYOTPTENJ-JLNKQSITSA-N,O=C(O)CCC\C=C/C/C=C\C/C=C\C/C=C\C/C=C\CC,eicosapentaenoate (EPA; 20:5n3),eicosapentaenoate (EPA; 20:5n3),"10-2005-9,10417-94-4",393682,HMDB0001999,C06428,446284
S2051,15745,Amino Acid,"Leucine, Isoleucine and Valine Metabolism",415,WXUAQHNMJWJLTG-UHFFFAOYSA-N,CC(C(O)=O)CC(O)=O,methylsuccinate,methylsuccinate,498-21-5,9922,HMDB0001844,,10349
S2054,15765,Amino Acid,"Leucine, Isoleucine and Valine Metabolism",412,UKFXDFUAPNAMPJ-UHFFFAOYSA-N,CCC(C(O)=O)C(O)=O,ethylmalonate,ethylmalonate,601-75-2,11263,HMDB0000622,,11756
S209,32342,Nucleotide,"Purine Metabolism, Adenine containing",4158,UDMBCSSLTHHNCD-UHFFFAOYSA-N,NC1=NC=NC2=C1N=CN2C3OC(C(C3O)O)COP(O)(O)=O,adenosine 5'-monophosphate (AMP),AMP,149022-20-8,10239183,HMDB0000045,C00020,6083
S212,1419,Amino Acid,Polyamine Metabolism,564,WUUGFSXJNOTRMR-IOSLPCCCSA-N,NC1=NC=NC2=C1N=CN2[C@H]3[C@H](O)[C@H](O)[C@@H](CSC)O3,5-methylthioadenosine (MTA),5-methylthioadenosine (MTA),2457-80-9,388321,HMDB0001173,C00170,439176
S213,37114,Nucleotide,"Purine Metabolism, Adenine containing",4173,VQAYFKKCNSOZKM-UHFFFAOYSA-N,OC(C1O)C(OC1CO)N(C=N2)C3=C2C(NC)=NC=N3,N6-methyladenosine,N6-methyladenosine,1867-73-8,92307,HMDB0004044,,102175
S218,33434,Nucleotide,"Purine Metabolism, (Hypo)Xanthine/Inosine containing",4153,NUCLJNSWZCHRKL-UHFFFAOYSA-N,OC(C(NC(N)=O)NC(N)=O)=O,allantoic acid,allantoic acid,99-16-1,198,HMDB0001209,C00499,203
S229,1110,Lipid,Long Chain Polyunsaturated Fatty Acid (n3 and n6),1590,YZXBAPSDXZZRGB-DOFZRALJSA-N,CCCCC/C=C\C/C=C\C/C=C\C/C=C\CCCC(O)=O,arachidonate (20:4n6),arachidonate (20:4n6),506-32-1,392692,HMDB0001043,C00219,444899
S231,1638,Amino Acid,Urea cycle; Arginine and Proline Metabolism,490,ODKSFYDXXFIFQN-UHFFFAOYSA-N,N=C(N)NCCCC(N)C(O)=O,arginine,arginine,1119-34-2,227,HMDB0000517,C00062,6322
S232,15497,Amino Acid,Urea cycle; Arginine and Proline Metabolism,491,KDZOASGQNOPSCU-UHFFFAOYSA-N,NC(C(O)=O)CCCNC(NC(C(O)=O)CC(O)=O)=N,argininosuccinate,argininosuccinate,156637-58-0,805,HMDB0000052,C03406,60150382
S234,443,Amino Acid,Alanine and Aspartate Metabolism,36,CKLJMWTZIZZHCS-UHFFFAOYSA-N,NC(C(O)=O)CC(O)=O,aspartate,aspartate,56-84-8,5745,HMDB0000191,C00049,5960
S235,1432,Amino Acid,Phenylalanine Metabolism,161,CCVYRRGZDBSHFU-UHFFFAOYSA-N,OC(CC1=C(O)C=CC=C1)=O,2-hydroxyphenylacetate,2-hydroxyphenylacetate,614-75-5,11476,HMDB0000669,C05852,11970
S240,32197,Amino Acid,Tyrosine Metabolism,186,JVGVDSSUAVXRDY-UHFFFAOYSA-N,OC(C(O)=O)CC1=CC=C(O)C=C1,3-(4-hydroxyphenyl)lactate,3-(4-hydroxyphenyl)lactate (HPLA),6482-98-0,9010,HMDB0000755,C03672,9378
S241,566,Amino Acid,Phenylalanine Metabolism,155,BTNMPGBKDVTSJY-UHFFFAOYSA-N,O=C(C(O)=O)CC1=CC=CC=C1,phenylpyruvate,phenylpyruvate,156-06-9,972,HMDB0000205,C00166,997
S244,55,Nucleotide,"Pyrimidine Metabolism, Uracil containing",4258,UCMIRNVEIXFBKS-UHFFFAOYSA-N,NCCC(O)=O,beta-alanine,beta-alanine,"107-95-9,56-41-7",234,HMDB0000056,C00099,239
S249,1768,Amino Acid,Histidine Metabolism,86,CQOVPNPJLQNMDC-ZETCQYMHSA-N,OC([C@H](CC1=CNC=N1)NC(CCN)=O)=O,carnosine,carnosine,305-84-0,388363,HMDB0000033,C00386,439224
S250,2137,Cofactors and Vitamins,Hemoglobin and Porphyrin Metabolism,4431,QBUVFDKTZJNUPP-YBRAVLHJSA-N,CC1=C(/C=C(N2)/C(C=C)=C(C)C2=O)NC(/C=C3C(CCC(O)=O)=C(C)C(/C=C(N4)\C(C)=C(C=C)C4=O)=N\3)=C1CCC(O)=O,biliverdin,biliverdin,"55482-27-4,55482-27-4",10628548,HMDB0001008,C00500,5280353
S252,1437,Energy,TCA Cycle,1465,KDYFGRWQOYBRFD-UHFFFAOYSA-N,OC(CCC(O)=O)=O,succinate,succinate,110-15-6,1078,HMDB0000254,C00042,1110
S254,542,Lipid,Ketone Bodies,1955,WHBMMWSBFZVSSR-UHFFFAOYSA-N,CC(O)CC(O)=O,3-hydroxybutyrate (BHBA),3-hydroxybutyrate (BHBA),625-72-9,428,"HMDB0000442,HMDB0000357,HMDB0000011","C03197,C01089","94318,441,92135"
S266,63,Lipid,Sterol,3211,HVYWMOMLDIMFJA-LBHVWCRMSA-N,CC1(C2C(C)CCCC(C)C)C(CC2)C(CC=C3C4(CC[C@H](O)C3)C)C4CC1,cholesterol,cholesterol,57-88-5,4937803,HMDB0000067,C00187,"5997,6432564,11025495"
S267,34396,Lipid,Phospholipid Metabolism,2250,YHHSONZFOIEMCP-UHFFFAOYSA-N,C[N+](C)(CCOP(O)([O-])=O)C,choline phosphate,phosphocholine,72556-74-2,119298,HMDB0001565,C00588,1014
S273,1769,Lipid,Corticosteroids,3334,MFYSYFVPBJMHGN-ZPOLXVRWSA-N,O[C@@]1([C@@](CO)=O)[C@](C2)(C)[C@](CC1)([H])[C@@](CCC3=CC4=O)([H])[C@]([C@@]3(C)CC4)([H])C2=O,cortisone,cortisone,53-06-5,361685,HMDB0002802,C00762,222786
S275,513,Amino Acid,Creatine Metabolism,537,DDRJAANPRJIHGJ-UHFFFAOYSA-N,CN(C(N1)=N)CC1=O,creatinine,creatinine,60-27-5,568,HMDB0000562,C00791,588
S279,56,Amino Acid,"Methionine, Cysteine, SAM and Taurine Metabolism",468,LEVWYRKDKASIDU-UHFFFAOYSA-N,NC(C(O)=O)CSSCC(N)C(O)=O,cystine,cystine,56-89-3,575,HMDB0000192,C00491,67678
S282,2372,Nucleotide,"Pyrimidine Metabolism, Cytidine containing",4266,IERHLVCPSMICTF-UHFFFAOYSA-N,NC1=NC(N(C2OC(C(C2O)O)COP(O)(O)=O)C=C1)=O,cytidine 5'-monophosphate (5'-CMP),CMP,63-37-6,5414497,HMDB0000095,C00055,6131
S297,17747,Lipid,Sphingosines,3178,WWUZIQQURGPMPG-CCEZHUSRSA-N,CCCCCCCCCCCCC/C=C/C(C(CO)N)O,sphingosine,sphingosine,123-78-4,4510275,HMDB0000252,C00319,5280335
S30,39583,Lipid,Mevalonate Metabolism,3196,KJTLQQUUPVSXIM-UHFFFAOYSA-N,CC(CCO)(CC(O)=O)O,mevalonate,mevalonate,96949-03-0,388367,HMDB0000227,C02104,449
S302,1114,Lipid,Secondary Bile Acid Metabolism,3498,KXGVEGMKQFWNSR-OHAQSFBXSA-N,CC12[C@@]([C@]3([H])CC[C@]4([H])C[C@H](O)CC[C@]4(C)[C@@]3([H])C[C@@H]2O)([H])CC[C@]1([H])[C@]([H])(C)CCC(O)=O,deoxycholate,deoxycholate,83-44-3,389318,HMDB0000626,C04483,"222528,440355"
S306,6065,Lipid,Sterol,3210,AVSXSVCZWQODGV-UHFFFAOYSA-N,CC12C(C3CC=C4CC(O)CCC4(C)C3CC2)CCC1C(C)CC/C=C(C)/C,desmosterol,desmosterol,313-04-2,388662,HMDB0002719,C01802,439577
S310,15705,Amino Acid,"Methionine, Cysteine, SAM and Taurine Metabolism",459,ILRYLPWNYFXEMH-UHFFFAOYSA-N,OC(C(CCSCC(N)C(O)=O)N)=O,cystathionine,cystathionine,535-34-2,811,HMDB0000099,C02291,439258
S313,17769,Lipid,Sphingolipid Synthesis,3018,OTKJDMGTUTTYMP-UHFFFAOYSA-N,CCCCCCCCCCCCCCCC(C(CO)N)O,sphinganine,sphinganine,3102-56-5,3014,HMDB0000269,C00836,3126
S330,1643,Energy,TCA Cycle,1466,VZCYOOQTPOCHFL-OWOJBTEDSA-N,OC(/C=C/C(O)=O)=O,fumarate,fumarate,100-17-8,10197150,HMDB0000134,C00122,444972
S331,36738,Peptide,Gamma-glutamyl Amino Acid,649,OWQDWQKWSLFFFR-UHFFFAOYSA-N,O=C(O)C(N)CCC(NC(C(O)=O)CCC(O)=O)=O,gamma-glutamylglutamate,gamma-glutamylglutamate,1116-22-9,83831,HMDB0011737,C05282,92865
S338,587,Xenobiotics,Food Component/Plant,4826,RGHNJXZEOKUKBD-SQOUGZDYSA-N,OC([C@H](O)[C@@H](O)[C@H](O)[C@H](O)CO)=O,gluconate,gluconate,527-07-1,10240,HMDB0000625,C00257,"10690,3085666"
S339,396,Lipid,"Fatty Acid, Dicarboxylate",1676,JFCQEDHGNNZCLN-UHFFFAOYSA-N,OC(CCCC(O)=O)=O,glutarate (C5-DC),glutarate (C5-DC),110-94-1,3618533,HMDB0000661,C00489,"743,4418048"
S340,58,Amino Acid,"Glycine, Serine and Threonine Metabolism",1,DHMQDGOQFOQNFH-UHFFFAOYSA-N,NCC(O)=O,glycine,glycine,56-40-6,730,HMDB0000123,C00037,750
S344,43802,Amino Acid,Creatine Metabolism,535,BPMFZUMJYQTVII-UHFFFAOYSA-N,NC(NCC(O)=O)=N,guanidinoacetate,guanidinoacetate,352-97-6,743,HMDB0000128,C00581,763
S347,2849,Nucleotide,"Purine Metabolism, Guanine containing",4196,RQFCJASXJCIDSX-UHFFFAOYSA-N,NC1=NC2=C(C(N1)=O)N=CN2C3OC(C(C3O)O)COP(O)(O)=O,guanosine 5'-monophosphate (5'-GMP),5'- GMP,5550-12-9,741,HMDB0001397,C00144,6804
S348,1411,Nucleotide,"Purine Metabolism, Guanine containing",4219,YKBGVTZYEHREMT-UHFFFAOYSA-N,OC1=C(N=CN2C(CC3O)OC3CO)C2=NC(N)=N1,2'-deoxyguanosine,2'-deoxyguanosine,961-07-9,163230,HMDB0000085,C00330,135398592
S35,42370,Amino Acid,Glutamate Metabolism,64,DWAKNKKXGALPNW-UHFFFAOYSA-N,OC(C1CCC=N1)=O,S-1-pyrroline-5-carboxylate,S-1-pyrroline-5-carboxylate,2906-39-0,10140206,HMDB0001301,C04322,11966181
S355,59,Amino Acid,Histidine Metabolism,72,HNDVDQJCIGZPNO-UHFFFAOYSA-N,NC(C(O)=O)CC1=CN=CN1,histidine,histidine,5934-29-2,752,HMDB0000177,C00135,6274
S356,1712,Lipid,Corticosteroids,3324,JYGXADMDTFJGBT-VWUMJDOOSA-N,O[C@@]1([C@@](CO)=O)[C@]2(C)[C@](CC1)([H])[C@@](CCC3=CC4=O)([H])[C@]([C@@]3(C)CC4)([H])[C@@H](O)C2,cortisol,cortisol,50-23-7,,HMDB0000063,C00735,5754
S358,590,Amino Acid,"Methionine, Cysteine, SAM and Taurine Metabolism",476,VVIUBCNYACGLLV-UHFFFAOYSA-N,NCCS(O)=O,hypotaurine,hypotaurine,300-84-5,96959,HMDB0000965,C00519,107812
S361,1123,Nucleotide,"Purine Metabolism, (Hypo)Xanthine/Inosine containing",4138,UGQMRVRMYYASKQ-KQYNXXCUSA-N,O[C@H]1[C@H](N2C(N=CN=C3O)=C3N=C2)O[C@H](CO)[C@H]1O,inosine,inosine,58-63-9,21241953,HMDB0000195,C00294,6021
S363,1124,Lipid,Inositol Metabolism,2218,CDAISMWEOUEBRE-GPIVLXJGSA-N,O[C@@H]1[C@@H](O)[C@H](O)[C@H](O)[C@H](O)[C@H]1O,myo-inositol,myo-inositol,87-89-8,10239179,HMDB0000211,C00137,892
S376,1125,Amino Acid,"Leucine, Isoleucine and Valine Metabolism",390,AGPKZVBTJJNPAG-UHFFFAOYSA-N,NC(C(O)=O)C(C)CC,isoleucine,isoleucine,73-32-5,769,HMDB0000172,"C06418,C00407,C16424",6306
S381,6146,Amino Acid,Lysine Metabolism,125,OYIFNHCXNCRBQI-UHFFFAOYSA-N,OC(CCCC(N)C(O)=O)=O,2-aminoadipate,2-aminoadipate,"1118-90-7,542-32-5",456,HMDB0000510,C00956,92136
S391,2132,Amino Acid,Urea cycle; Arginine and Proline Metabolism,499,RHGKLRLOHDJJDR-UHFFFAOYSA-N,NC(C(O)=O)CCCNC(N)=O,citrulline,citrulline,372-75-8,810,HMDB0000904,C00327,9750
S397,60,Amino Acid,"Leucine, Isoleucine and Valine Metabolism",337,ROHFNLRQFUQHCH-YFKPBYRVSA-N,O=C([C@H](CC(C)C)N)O,leucine,leucine,61-90-5,,HMDB0000687,C00123,6106
S407,1301,Amino Acid,Lysine Metabolism,107,KDXKERNSBIXSRK-UHFFFAOYSA-N,NC(C(O)=O)CCCCN,lysine,lysine,56-87-1,5747,HMDB0003405,"C00739,C00047",5962
S409,1303,Energy,TCA Cycle,1468,BJEPYKJPYRNKOW-UHFFFAOYSA-N,OC(C(O)=O)CC(O)=O,malate,malate,6915-15-7,510,"HMDB0031518,HMDB0000156,HMDB0000744","C00149,C00711,C00497",525
S415,1302,Amino Acid,"Methionine, Cysteine, SAM and Taurine Metabolism",440,FFEARJCKVFRZRR-UHFFFAOYSA-N,CSCCC(N)C(O)=O,methionine,methionine,63-68-3,5907,HMDB0000696,C00073,6137
S418,1496,Lipid,Fatty Acid Metabolism (also BCAA Metabolism),1791,ZIYVHBGGAOATLY-UHFFFAOYSA-N,O=C(C(C(O)=O)C)O,methylmalonate (MMA),methylmalonate (MMA),516-05-2,473,HMDB0000202,C02170,487
S424,1336,Lipid,Long Chain Saturated Fatty Acid,1527,IPCSVZSSVZVIGE-UHFFFAOYSA-N,OC(CCCCCCCCCCCCCCC)=O,palmitate (16:0),palmitate (16:0),57-10-3,960,HMDB0000220,C00249,985
S432,594,Cofactors and Vitamins,Nicotinate and Nicotinamide Metabolism,4323,DFPAKSUCGFBDDF-UHFFFAOYSA-N,NC(C1=CN=CC=C1)=O,nicotinamide,nicotinamide,98-92-0,911,HMDB0001406,C00153,936
S437,12035,Lipid,Medium Chain Fatty Acid,1509,FBUKVWPVBMHYJY-UHFFFAOYSA-N,CCCCCCCCC(O)=O,pelargonate (9:0),pelargonate (9:0),112-05-0,4574394,HMDB0000847,C01601,8158
S439,1358,Lipid,Long Chain Saturated Fatty Acid,1531,QIQXTHQIDYTFRH-UHFFFAOYSA-N,CCCCCCCCCCCCCCCCCC(O)=O,stearate (18:0),stearate (18:0),57-11-4,5091,HMDB0000827,C01530,5281
S444,1493,Amino Acid,Urea cycle; Arginine and Proline Metabolism,494,AHLPHDHHMVZTML-BYPYZUCNSA-N,O=C(O)[C@@H](N)CCCN,ornithine,ornithine,3184-13-2,6026,HMDB0000214,C00077,6262
S445,1505,Nucleotide,"Pyrimidine Metabolism, Orotate containing",4226,PXQPEWDEAKTCGB-UHFFFAOYSA-N,O=C(C1=CC(O)=NC(O)=N1)O,orotate,orotate,50887-69-9,942,HMDB0000226,C00295,967
S448,27727,Amino Acid,Glutathione Metabolism,575,YPZRWBKMTBYPTK-BJDJZHNGSA-N,O=C([C@@H](NC(CC[C@@H](C(O)=O)N)=O)CSSC[C@@H](C(NCC(O)=O)=O)NC(CC[C@@H](C(O)=O)N)=O)NCC(O)=O,"glutathione, oxidized (GSSG)","glutathione, oxidized (GSSG)",103239-24-3,58835,HMDB0003337,"D00031,C00127",65359
S452,33447,Lipid,Long Chain Monounsaturated Fatty Acid,1546,SECPZKHBENQXJG-FPLPWBNLSA-N,CCCCCC\C=C/CCCCCCCC(O)=O,palmitoleate (16:1n7),palmitoleate (16:1n7),373-49-9,393216,HMDB0003229,C08362,445638
S460,64,Amino Acid,Phenylalanine Metabolism,142,COLNVLDHVKWLRT-UHFFFAOYSA-N,NC(C(O)=O)CC1=CC=CC=C1,phenylalanine,phenylalanine,63-91-2,5910,HMDB0000159,C00079,6140
S461,42109,Energy,Oxidative Phosphorylation,1485,NBIIXXVUZAFLBC-UHFFFAOYSA-N,O=P(O)(O)O,phosphate,phosphate,7664-38-2,1032,HMDB0001429,C00009,1061
S480,1898,Amino Acid,Urea cycle; Arginine and Proline Metabolism,502,ONIBWKKTOPOVIA-UHFFFAOYSA-N,OC(C1CCCN1)=O,proline,proline,147-85-3,128566,"HMDB0000162,HMDB0003411","C00148,C000763","8988,145742,614"
S482,527,Carbohydrate,"Glycolysis, Gluconeogenesis, and Pyruvate Metabolism",1256,JVTAAEKCZFNVCJ-UHFFFAOYSA-N,CC(O)C(O)=O,lactate,lactate,79-33-4,592,HMDB0000190,C00186,612
S49,1408,Amino Acid,Polyamine Metabolism,545,KIDHWZJUCRJVML-UHFFFAOYSA-N,NCCCCN,putrescine,putrescine,110-60-1,13837702,HMDB0001414,C00134,1045
S491,1651,Cofactors and Vitamins,Vitamin B6 Metabolism,4470,RADKZDMFGJYCBB-UHFFFAOYSA-N,OC1=C(C)N=CC(CO)=C1C=O,pyridoxal,pyridoxal,65-22-5,1021,HMDB0001545,C00250,1050
S498,1806,Cofactors and Vitamins,Vitamin A Metabolism,4449,FPIPGXGPPPQFEQ-OVSJKPMPSA-N,C/C(/C=C/C(C(C)(CCC1)C)=C1C)=C\C=C\C(C)=C\CO,retinol (vitamin A),retinol (vitamin A),68-26-8,393012,HMDB0000305,C00473,445354
S50,485,Amino Acid,Polyamine Metabolism,553,ATHGHQPFGPMSJY-UHFFFAOYSA-N,NCCCCNCCCN,spermidine,spermidine,124-20-9,1071,HMDB0001257,C00315,1102
S501,1515,Xenobiotics,Drug - Topical Agents,5981,YGSDEFSMJLZEOE-UHFFFAOYSA-N,OC1=C(C(O)=O)C=CC=C1,salicylate,salicylate,69-72-7,331,HMDB0001895,C00805,338
S503,1648,Amino Acid,"Glycine, Serine and Threonine Metabolism",10,MTCFGRXMJLQNBG-REOHCLBHSA-N,OC([C@@H](N)CO)=O,serine,serine,56-45-1,5736,HMDB0000187,C00065,5951
S504,2342,Amino Acid,Tryptophan Metabolism,292,QZAYGJVTTNCVMB-UHFFFAOYSA-N,NCCC1=CNC(C=C2)=C1C=C2O,serotonin,serotonin,153-98-0,5013,HMDB0000259,C00780,5202
S512,2125,Amino Acid,"Methionine, Cysteine, SAM and Taurine Metabolism",477,XOAAWQZATWQOTB-UHFFFAOYSA-N,NCCS(=O)(O)=O,taurine,taurine,107-35-7,1091,HMDB0000251,C00245,1123
S519,1365,Lipid,Long Chain Saturated Fatty Acid,1524,TUNFSRHWOTWDNC-UHFFFAOYSA-N,OC(CCCCCCCCCCCCC)=O,myristate (14:0),myristate (14:0),544-63-8,10539,HMDB0000806,C06424,11005
S533,1670,Amino Acid,Urea cycle; Arginine and Proline Metabolism,492,XSQUKJJJFZCRTK-UHFFFAOYSA-N,O=C(N)N,urea,urea,57-13-6,1143,HMDB0000294,C00086,1176
S535,606,Nucleotide,"Pyrimidine Metabolism, Uracil containing",4238,DRTQHJPVMGBUCF-UHFFFAOYSA-N,OC1C(N(C=CC2=O)C(N2)=O)OC(CO)C1O,uridine,uridine,58-96-8,5807,HMDB0000296,C00299,6029
S536,1412,Nucleotide,"Pyrimidine Metabolism, Uracil containing",4254,MXHRCPNRJAMMIM-UHFFFAOYSA-N,O=C(NC1=O)N(C=C1)C(CC2O)OC2CO,2'-deoxyuridine,2'-deoxyuridine,951-78-0,13118,HMDB0000012,C00526,13712
S537,607,Amino Acid,Histidine Metabolism,80,LOIYMIARKYCTBW-OWOJBTEDSA-N,O=C(O)/C=C/C1=CNC=N1,trans-urocanate,trans-urocanate,104-98-3,643824,HMDB0000301,C00785,736715
S55,27665,Cofactors and Vitamins,Nicotinate and Nicotinamide Metabolism,4335,LDHMAVIPBRSVRG-UHFFFAOYSA-N,C[N+]1=CC(C([NH-])=O)=CC=C1,1-methylnicotinamide,1-methylnicotinamide,1005-24-9,8305504,HMDB0000699,C02918,457
S561,57,Amino Acid,Glutamate Metabolism,46,WHUUTDBJXJRKMK-VKHMYHEASA-N,O=C(O)[C@@H](N)CCC(O)=O,glutamate,glutamate,56-86-0,591,HMDB0000148,"C00025,C00217",33032
S563,53,Amino Acid,Glutamate Metabolism,47,ZDXPYRJPNDTMRX-VKHMYHEASA-N,OC([C@@H](N)CCC(N)=O)=O,glutamine,glutamine,56-85-9,5746,HMDB0000641,C00064,5961
S564,1284,Amino Acid,"Glycine, Serine and Threonine Metabolism",17,AYFVYJQAPQTCCC-GBXIJSLDSA-N,N[C@H](C(O)=O)[C@H](O)C,threonine,threonine,72-19-5,6051,HMDB0000167,C00188,6288
S565,54,Amino Acid,Tryptophan Metabolism,259,QIVBCDIJIAJPQS-VIFPVBQESA-N,O=C(O)[C@@H](N)CC1=CNC2=C1C=CC=C2,tryptophan,tryptophan,73-22-3,6066,HMDB0000929,C00078,6305
S566,1649,Amino Acid,"Leucine, Isoleucine and Valine Metabolism",421,KZSNJWFQEVHDMF-BYPYZUCNSA-N,N[C@H](C(O)=O)C(C)C,valine,valine,72-18-4,6050,HMDB0000883,C00183,6287
S568,2150,Cofactors and Vitamins,Vitamin B6 Metabolism,4467,NHZMQXZHNVQTQA-UHFFFAOYSA-N,NCC(C(O)=C(C)N=C1)=C1CO,pyridoxamine,pyridoxamine,58052-48-5,1023,HMDB0001431,C00534,1052
S572,48152,Carbohydrate,"Glycolysis, Gluconeogenesis, and Pyruvate Metabolism",1239,WQZGKKKJIJFFOK-DVKNGEFBSA-N,O[C@H]1O[C@H](CO)[C@@H](O)[C@H](O)[C@H]1O,glucose,glucose,50-99-7,71358,HMDB0000122,C00031,5793
S62,38395,Lipid,"Fatty Acid, Dihydroxy",2047,CQSLTKIXAJTQGA-FLIBITNWSA-N,CCCCCC(C(C/C=C\CCCCCCCC(O)=O)O)O,"12,13-DiHOME","12,13-DiHOME",263399-35-5,8412123,HMDB0004705,C14829,10236635
S796,4968,Amino Acid,"Methionine, Cysteine, SAM and Taurine Metabolism",460,TYEYBOSBBBHJIV-UHFFFAOYSA-N,OC(C(CC)=O)=O,alpha-ketobutyrate,alpha-ketobutyrate,600-18-0,2829426,HMDB0000005,C00109,58
S798,555,Nucleotide,"Purine Metabolism, Adenine containing",4165,OIRDTQYFTABQOQ-KQYNXXCUSA-N,NC1=NC=NC2=C1N=CN2[C@@]3([H])[C@@](O)([H])[C@@](O)([H])[C@](CO)([H])O3,adenosine,adenosine,58-61-7,54923,HMDB0000050,C00212,60961
S799,3141,Amino Acid,"Glycine, Serine and Threonine Metabolism",7,KWIUHFFTVRNATP-UHFFFAOYSA-N,O=C(C[N+](C)(C)C)[O-],betaine,betaine,107-43-7,"19951173,242",HMDB0000043,C00719,247
S800,1868,Amino Acid,"Methionine, Cysteine, SAM and Taurine Metabolism",461,XUJNEKJLAYXESH-REOHCLBHSA-N,SC[C@H](N)C(O)=O,cysteine,cysteine,"56-89-3,52-90-4",5653,HMDB0000574,C00097,5862
S803,48153,Carbohydrate,"Fructose, Mannose and Galactose Metabolism",1369,WQZGKKKJIJFFOK-DXQLJALPSA-N,O[C@@H]1C(CO)O[C@@H](O)[C@@H](O)[C@H]1O,mannose,mannose,3458-28-4,141983,HMDB0000169,"C00159,C02209,C00936","82308,439680,185698,18950"
S806,5086,Amino Acid,"Glycine, Serine and Threonine Metabolism",6,FFDGPVCHZBVARC-UHFFFAOYSA-N,CN(C)CC(O)=O,dimethylglycine,dimethylglycine,1118-68-9,653,HMDB0000092,C03626,673
S811,1126,Amino Acid,Alanine and Aspartate Metabolism,29,QNAYBMKLOCPYGJ-REOHCLBHSA-N,O=C(O)[C@@H](N)C,alanine,alanine,56-41-7,5735,HMDB0000161,C00041,5950
S815,1299,Amino Acid,Tyrosine Metabolism,167,OUYCCCASQSFEME-QMMMGPOBSA-N,N[C@@H](CC1=CC=C(O)C=C1)C(O)=O,tyrosine,tyrosine,60-18-4,5833,HMDB0000158,C00082,6057
S818,15872,Lipid,Fatty Acid Synthesis,1489,OFOBLEOULBTSOW-UHFFFAOYSA-N,O=C(O)CC(O)=O,malonate,malonate,"26522-22-85-0,141-82-2",844,HMDB0000691,C00383,867
S821,33442,Nucleotide,"Pyrimidine Metabolism, Uracil containing",4240,PTJWIQPHWPFNBW-GBNDHIKLSA-N,O[C@]1([H])[C@@](O)([H])[C@](CO)([H])O[C@]1(C2=CNC(NC2=O)=O)[H],pseudouridine,pseudouridine,1445-07-4,21403010,HMDB0000767,C02067,15047
S823,48990,Carbohydrate,"Glycolysis, Gluconeogenesis, and Pyruvate Metabolism",1255,LCTONWCANYUPML-UHFFFAOYSA-N,CC(C(O)=O)=O,pyruvate,pyruvate,127-17-3,96901,HMDB0000243,C00022,1060
S825,605,Nucleotide,"Pyrimidine Metabolism, Uracil containing",4239,ISAKRJDGNUQOIC-UHFFFAOYSA-N,O=C(NC=C1)NC1=O,uracil,uracil,66-22-8,1141,HMDB0000300,C00106,1174
S827,514,Nucleotide,"Pyrimidine Metabolism, Cytidine containing",4270,UHDGCWIWMRVCDJ-XVFCMESISA-N,OC[C@@H]1[C@H]([C@H]([C@H](N2C(N=C(C=C2)N)=O)O1)O)O,cytidine,cytidine,65-46-3,5940,HMDB0000089,C00475,6175
S872,2183,Nucleotide,"Pyrimidine Metabolism, Thymine containing",4293,IQFYYKKMVGJFEH-XLPZGREQSA-N,O=C(NC(C(C)=C1)=O)N1[C@]2([C@@]([C@@]([C@@](CO)(O2)[H])(O)[H])([H])[H])[H],thymidine,thymidine,50-89-5,5585,HMDB0000273,C00214,5789
S878,577,Carbohydrate,"Fructose, Mannose and Galactose Metabolism",1363,RFSUNEUAIZKAJO-ARQDHWQXSA-N,OC[C@@]1(O)O[C@H](CO)[C@@H](O)[C@@H]1O,fructose,fructose,57-48-7,5764,HMDB0000660,C00095,2723872
S880,554,Nucleotide,"Purine Metabolism, Adenine containing",4166,GFFGJBXGBJISGV-UHFFFAOYSA-N,NC1=NC=NC2=C1N=CN2,adenine,adenine,73-24-5,185,HMDB0000034,C00147,190
S881,573,Nucleotide,"Pyrimidine Metabolism, Cytidine containing",4271,OPTASPLRGRRNAP-UHFFFAOYSA-N,NC1=NC(NC=C1)=O,cytosine,cytosine,71-30-7,577,HMDB0000630,C00380,597
S882,604,Nucleotide,"Pyrimidine Metabolism, Thymine containing",4296,RWQNBRDOKXIBIV-UHFFFAOYSA-N,O=C1C(C)=CNC(N1)=O,thymine,thymine,65-71-4,1103,HMDB0000262,C00178,1135
S888,1642,Lipid,Medium Chain Fatty Acid,1511,GHVNFZFCNZKVNT-UHFFFAOYSA-N,CCCCCCCCCC(O)=O,caprate (10:0),caprate (10:0),334-48-5,2863,HMDB0000511,C01571,2969
S891,1121,Lipid,Long Chain Saturated Fatty Acid,1529,KEMQGTRYUADPNZ-UHFFFAOYSA-N,O=C(O)CCCCCCCCCCCCCCCC,margarate (17:0),margarate (17:0),506-12-7,10033,HMDB0002259,,10465
S892,1356,Lipid,Long Chain Saturated Fatty Acid,1533,ISYWECDDZWTKFF-UHFFFAOYSA-N,CCCCCCCCCCCCCCCCCCC(O)=O,nonadecanoate (19:0),nonadecanoate (19:0),646-30-0,12071,HMDB0000772,C16535,12591
S893,1118,Lipid,Long Chain Saturated Fatty Acid,1534,VKOBVWXKNCXXDE-UHFFFAOYSA-N,CCCCCCCCCCCCCCCCCCCC(O)=O,arachidate (20:0),arachidate (20:0),506-30-9,10035,HMDB0002212,C06425,10467
S913,15586,Carbohydrate,Glycogen Metabolism,1316,GUBGYTABKSRVRQ-ASMJPISFSA-N,O[C@@H]1[C@H]([C@H](O[C@@H]([C@H]1O)CO)O[C@H]2[C@@H]([C@H]([C@H](O[C@@H]2CO)O)O)O)O,maltose,maltose,6363-53-7,388469,HMDB0000163,C00208,10991489
S914,1471,Carbohydrate,Pentose Metabolism,1277,PYMYPHUHKUWMLA-LMVFSUKVSA-N,O=C[C@@H]([C@@H]([C@@H](CO)O)O)O,ribose,ribose,50-69-1,4470639,HMDB0000283,C00121,5779
S917,512,Amino Acid,Alanine and Aspartate Metabolism,40,DCXYFEDJOCDNAF-REOHCLBHSA-N,NC(C[C@H](N)C(O)=O)=O,asparagine,asparagine,70-47-3,6031,HMDB0000168,C00152,6267
S92,38347,Amino Acid,Lysine Metabolism,127,FGSBNBBHOZHUBO-UHFFFAOYSA-N,OC(C(CCCC(O)=O)=O)=O,2-oxoadipate,2-oxoadipate,3184-35-8,70,HMDB0000225,C00322,71
S922,1759,Lipid,Dihydroceramides,3030,KZTJQXAANJHSCE-OIDHKYIRSA-N,CCCCCCCCCCCCCCCCCC(N[C@H]([C@H](O)CCCCCCCCCCCCCCC)CO)=O,N-stearoyl-sphinganine (d18:0/18:0)*,N-stearoyl-sphinganine (d18:0/18:0)*,2304-80-5,4446686,HMDB0011761,,5283573
S923,601,Nucleotide,"Pyrimidine Metabolism, Orotate containing",4225,UFIVEPVSAGBUSI-UHFFFAOYSA-N,O=C(C(NC1=O)CC(N1)=O)O,dihydroorotate,dihydroorotate,155-54-4,628,HMDB03349,C00337,648
S925,1644,Lipid,Medium Chain Fatty Acid,1507,MNWFXJYAOYHMED-UHFFFAOYSA-N,CCCCCCC(O)=O,heptanoate (7:0),heptanoate (7:0),111-14-8,7803,HMDB0000666,C17714,8094
S926,32489,Lipid,Medium Chain Fatty Acid,1506,FUZZWVXGSFPDMH-UHFFFAOYSA-N,CCCCCC(O)=O,caproate (6:0),caproate (6:0),142-62-1,8552,HMDB0000535,C01585,8892
S93,528,Energy,TCA Cycle,1462,KPGXRSRHYNQIFN-UHFFFAOYSA-N,O=C(C(O)=O)CCC(O)=O,alpha-ketoglutarate,alpha-ketoglutarate,"328-50-7,22202-68-2,305-72-6",50,HMDB0000208,C00026,51
S935,1519,Carbohydrate,Disaccharides and Oligosaccharides,1342,CZMRCDWAGMRECN-UGDNZRGBSA-N,OC[C@]1(O[C@@H]2[C@@H]([C@H]([C@@H]([C@H](O2)CO)O)O)O)[C@H]([C@@H]([C@@H](CO)O1)O)O,sucrose,sucrose,57-50-1,5768,HMDB0000258,C00089,5988
S936,608,Cofactors and Vitamins,Vitamin B6 Metabolism,4465,LXNHXLLTXMVWPM-UHFFFAOYSA-N,OC1=C(C)N=CC(CO)=C1CO,pyridoxine (vitamin B6),pyridoxine (vitamin B6),58-56-0,1025,HMDB0000239,D08454,1054
S98,1417,Amino Acid,Tryptophan Metabolism,277,HCZHHEIFKROPDY-UHFFFAOYSA-N,OC1=C(C=CC=C2)C2=NC(C(O)=O)=C1,kynurenate,kynurenate,492-27-3,3712,HMDB0000715,C01717,3845
S980,1361,Lipid,Long Chain Saturated Fatty Acid,1526,WQEPLUUGTLDZJY-UHFFFAOYSA-N,O=C(O)CCCCCCCCCCCCCC,pentadecanoate (15:0),pentadecanoate (15:0),"10002-84-2,1002-84-2",13249,HMDB0000826,C16537,13849
S999907765,46590,,,,,,X-07765,X-07765,,,,,
S999910458,47478,,,,,,X-10458,X-10458,,,,,
S999911478,46602,,,,,,X-11478,X-11478,,,,,
S999911787,33132,,,,,,X-11787,X-11787,,,,,
S999911795,33140,,,,,,X-11795,X-11795,,,,,
S999911843,46466,,,,,,X-11843,X-11843,,,,,
S999911850,46507,,,,,,X-11850,X-11850,,,,,
S999911852,46521,,,,,,X-11852,X-11852,,,,,
S999912007,46610,,,,,,X-12007,X-12007,,,,,
S999912027,47510,,,,,,X-12027,X-12027,,,,,
S999912096,47686,,,,,,X-12096,X-12096,,,,,
S999912097,47685,,,,,,X-12097,X-12097,,,,,
S999912100,47687,,,,,,X-12100,X-12100,,,,,
S999912101,47642,,,,,,X-12101,X-12101,,,,,
S999912117,47695,,,,,,X-12117,X-12117,,,,,
S999912127,47702,,,,,,X-12127,X-12127,,,,,
S999912216,46613,,,,,,X-12216,X-12216,,,,,
S999912306,47917,,,,,,X-12306,X-12306,,,,,
S999912407,46615,,,,,,X-12407,X-12407,,,,,
S999912410,47921,,,,,,X-12410,X-12410,,,,,
S999912411,46616,,,,,,X-12411,X-12411,,,,,
S999912680,47201,,,,,,X-12680,X-12680,,,,,
S999912689,47719,,,,,,X-12689,X-12689,,,,,
S999912707,47929,,,,,,X-12707,X-12707,,,,,
S999912726,47936,,,,,,X-12726,X-12726,,,,,
S999912729,46623,,,,,,X-12729,X-12729,,,,,
S999912730,47937,,,,,,X-12730,X-12730,,,,,
S999912731,47938,,,,,,X-12731,X-12731,,,,,
S999912740,46627,,,,,,X-12740,X-12740,,,,,
S999912818,47943,,,,,,X-12818,X-12818,,,,,
S999912847,46364,,,,,,X-12847,X-12847,,,,,
S999913507,47439,,,,,,X-13507,X-13507,,,,,
S999913553,47959,,,,,,X-13553,X-13553,,,,,
S999913695,47962,,,,,,X-13695,X-13695,,,,,
S999913729,47971,,,,,,X-13729,X-13729,,,,,
S999913866,46417,,,,,,X-13866,X-13866,,,,,
S999914056,46632,,,,,,X-14056,X-14056,,,,,
S999914837,48359,,,,,,X-14837,X-14837,,,,,
S999915220,46658,,,,,,X-15220,X-15220,,,,,
S999915245,46661,,,,,,X-15245,X-15245,,,,,
S999915503,46977,,,,,,X-15503,X-15503,,,,,
S999915674,46665,,,,,,X-15674,X-15674,,,,,
S999915728,46666,,,,,,X-15728,X-15728,,,,,
S999916124,46461,,,,,,X-16124,X-16124,,,,,
S999916580,47804,,,,,,X-16580,X-16580,,,,,
S999917010,47993,,,,,,X-17010,X-17010,,,,,
S999917335,47820,,,,,,X-17335,X-17335,,,,,
S999917676,46970,,,,,,X-17676,X-17676,,,,,
S999918899,47670,,,,,,X-18899,X-18899,,,,,
S999918913,46695,,,,,,X-18913,X-18913,,,,,
S999919438,46261,,,,,,X-19438,X-19438,,,,,
S999921258,46259,,,,,,X-21258,X-21258,,,,,
S999921283,46285,,,,,,X-21283,X-21283,,,,,
S999921353,46398,,,,,,X-21353,X-21353,,,,,
S999921796,46972,,,,,,X-21796,X-21796,,,,,
S999921842,47019,,,,,,X-21842,X-21842,,,,,
S999922162,47417,,,,,,X-22162,X-22162,,,,,
S999923137,48707,,,,,,X-23137,X-23137,,,,,
S999923138,48708,,,,,,X-23138,X-23138,,,,,
S999923139,48710,,,,,,X-23139,X-23139,,,,,
S999923587,49463,,,,,,X-23587,X-23587,,,,,
S999923593,49469,,,,,,X-23593,X-23593,,,,,
S999923639,49515,,,,,,X-23639,X-23639,,,,,
S999923641,49517,,,,,,X-23641,X-23641,,,,,
S999923654,49531,,,,,,X-23654,X-23654,,,,,
S999923662,49539,,,,,,X-23662,X-23662,,,,,
S999923680,49557,,,,,,X-23680,X-23680,,,,,
S999923739,49637,,,,,,X-23739,X-23739,,,,,
S999923782,49681,,,,,,X-23782,X-23782,,,,,
S999924295,52483,,,,,,X-24295,X-24295,,,,,
S999924344,52540,,,,,,X-24344,X-24344,,,,,
S999924345,52541,,,,,,X-24345,X-24345,,,,,
S999924411,52640,,,,,,X-24411,X-24411,,,,,
S999924515,52836,,,,,,X-24515,X-24515,,,,,
S999924518,52839,,,,,,X-24518,X-24518,,,,,
S999924742,53227,,,,,,X-24742,X-24742,,,,,
S999924935,57604,,,,,,X-24935,X-24935,,,,,
S999924937,57606,,,,,,X-24937,X-24937,,,,,
S999925109,61682,,,,,,X-25109,X-25109,,,,,
S999925247,62464,,,,,,X-25247,X-25247,,,,,
S999925279,62521,,,,,,X-25279,X-25279,,,,,
S999925343,62636,,,,,,X-25343,X-25343,,,,,
S999925371,62664,,,,,,X-25371,X-25371,,,,,
S999925442,62764,,,,,,X-25442,X-25442,,,,,
S999925877,63777,,,,,,X-25877,X-25877,,,,,
S999925957,63908,,,,,,X-25957,X-25957,,,,,
S999926107,64396,,,,,,X-26107,X-26107,,,,,
