FeatureID,LIB_ID,COMP_ID,SUPER_PATHWAY,SUB_PATHWAY,TYPE,INCHIKEY,SMILES,CHEMICAL_NAME,CAS,CHEMSPIDER,HMDB,KEGG,PUBCHEM,PLATFORM
F30,305,39583,Lipid,Mevalonate Metabolism,NAMED,KJTLQQUUPVSXIM-UHFFFAOYSA-N,CC(CCO)(CC(O)=O)O,mevalonate,96949-03-0,388367,HMDB0000227,C02104,449,Polar
F49,400,1408,Amino Acid,Polyamine Metabolism,NAMED,KIDHWZJUCRJVML-UHFFFAOYSA-N,NCCCCN,putrescine,110-60-1,13837702,HMDB0001414,C00134,1045,Pos Early
F50,400,485,Amino Acid,Polyamine Metabolism,NAMED,ATHGHQPFGPMSJY-UHFFFAOYSA-N,NCCCCNCCCN,spermidine,124-20-9,1071,HMDB0001257,C00315,1102,Pos Early
F54,400,1527,Nucleotide,"Purine Metabolism, Adenine containing",NAMED,SATCOUWSAZBIJO-UHFFFAOYSA-N,CN1C=NC2=C(C1=N)N=CN2,1-methyladenine,5142-22-3,71157,HMDB0011599,C02216,135398646,Pos Early
F55,400,27665,Cofactors and Vitamins,Nicotinate and Nicotinamide Metabolism,NAMED,LDHMAVIPBRSVRG-UHFFFAOYSA-N,C[N+]1=CC(C([NH-])=O)=CC=C1,1-methylnicotinamide,1005-24-9,8305504,HMDB0000699,C02918,457,Pos Early
F62,209,38395,Lipid,"Fatty Acid, Dihydroxy",NAMED,CQSLTKIXAJTQGA-FLIBITNWSA-N,CCCCCC(C(C/C=C\CCCCCCCC(O)=O)O)O,"12,13-DiHOME",263399-35-5,8412123,HMDB0004705,C14829,10236635,Neg
F71,400,437,Amino Acid,Tryptophan Metabolism,NAMED,DUUGKQCEGZLZNO-UHFFFAOYSA-N,OC1=CC=C(NC=C2CC(O)=O)C2=C1,5-hydroxyindoleacetate,54-16-0,1760,HMDB0000763,C05635,1826,Pos Early
F75,209,37137,Nucleotide,"Pyrimidine Metabolism, Uracil containing",NAMED,HWDMHJDYMFRXOX-UHFFFAOYSA-N,OCC1OC(N2C=CC(NC2=O)=O)C3OP(O)(OC13)=O,"uridine-2',3'-cyclic monophosphate",40632-52-8,3824355,HMDB0011640,C02355,439715,Neg
F93,305,528,Energy,TCA Cycle,NAMED,KPGXRSRHYNQIFN-UHFFFAOYSA-N,O=C(C(O)=O)CCC(O)=O,alpha-ketoglutarate,"328-50-7,22202-68-2,305-72-6",50,HMDB0000208,C00026,51,Polar
F98,209,1417,Amino Acid,Tryptophan Metabolism,NAMED,HCZHHEIFKROPDY-UHFFFAOYSA-N,OC1=C(C=CC=C2)C2=NC(C(O)=O)=C1,kynurenate,492-27-3,3712,HMDB0000715,C01717,3845,Neg
F112,305,531,Lipid,Mevalonate Metabolism,NAMED,NPOAOTPXWNWTSH-UHFFFAOYSA-N,CC(CC(O)=O)(CC(O)=O)O,3-hydroxy-3-methylglutarate,503-49-1,4573695,HMDB0000355,C03761,"16,625,459,993",Polar
F114,305,1413,Amino Acid,Phenylalanine Metabolism,NAMED,FVMDYYGIDFPZAX-UHFFFAOYSA-N,OC(CC1=CC=CC(O)=C1)=O,3-hydroxyphenylacetate,621-37-4,5323739,HMDB0000440,C05593,12122,Polar
F136,209,22842,Lipid,Primary Bile Acid Metabolism,NAMED,BHQCQFFYRZLCQQ-OLRQUHAPSA-N,O[C@H]1[C@@]2([H])[C@]3([H])CC[C@H]([C@H](C)CCC(O)=O)[C@@]3(C)[C@@H](O)C[C@]2([H])[C@@]4(C)CC[C@@H](O)CC4C1,cholate,81-25-4,,HMDB0000619,C00695,221493,Neg
F141,400,1416,Amino Acid,Glutamate Metabolism,NAMED,BTCSSZJGUNDROE-UHFFFAOYSA-N,OC(CCCN)=O,gamma-aminobutyrate (GABA),56-12-2,116,HMDB0000112,C00334,119,Pos Early
F144,209,541,Amino Acid,Phenylalanine Metabolism,NAMED,XQXPVVBIMDBYFF-UHFFFAOYSA-N,OC(CC1=CC=C(C=C1)O)=O,4-hydroxyphenylacetate,156-38-7,3881560,HMDB0000020,C00642,127,Neg
F171,209,3127,Nucleotide,"Purine Metabolism, (Hypo)Xanthine/Inosine containing",NAMED,FDGQSTZJBFJUBT-UHFFFAOYSA-N,O=C1C(N=CN2)=C2N=CN1,hypoxanthine,68-94-0,768,HMDB0000157,C00262,"790,135,398,638",Neg
F172,400,32352,Nucleotide,"Purine Metabolism, Guanine containing",NAMED,UYTPUPDQBNUYGX-UHFFFAOYSA-N,NC(N1)=NC2=C(NC=N2)C1=O,guanine,73-40-5,744,HMDB0000132,C00242,135398634,Pos Early
F179,209,38399,Lipid,"Fatty Acid, Dihydroxy",NAMED,XEBKSQSGNGRGDW-YFHOEESVSA-N,CCCCC/C=C\CC(C(CCCCCCCC(O)=O)O)O,"9,10-DiHOME",263399-34-4,8142232,HMDB0004704,C14828,9966640,Neg
F180,209,1105,Lipid,Long Chain Polyunsaturated Fatty Acid (n3 and n6),NAMED,OYHQOLUKZRVURQ-HZJYTTRNSA-N,OC(CCCCCCC/C=C\C/C=C\CCCCC)=O,linoleate (18:2n6),60-33-3,4444105,"HMDB0006270,HMDB0000673",C01595,5280450,Neg
F181,209,1645,Lipid,Medium Chain Fatty Acid,NAMED,POULHZVOKOAJMA-UHFFFAOYSA-N,O=C(O)CCCCCCCCCCC,laurate (12:0),143-07-7,3756,HMDB0000638,C02679,3893,Neg
F182,305,1899,Cofactors and Vitamins,Nicotinate and Nicotinamide Metabolism,NAMED,GJAWHXHKYYXBSV-UHFFFAOYSA-N,OC(C(C=CC=N1)=C1C(O)=O)=O,quinolinate,89-00-9,1037,HMDB0000232,C03722,1066,Polar
F189,400,1498,Amino Acid,Lysine Metabolism,NAMED,MXNRLFUSFKVQSK-UHFFFAOYSA-N,C[N+](C)(CCCCC(C([O-])=O)N)C,"N6,N6,N6-trimethyllysine",23284-33-5,140379,HMDB0001325,C03793,440120,Pos Early
F192,400,37496,Amino Acid,Polyamine Metabolism,NAMED,KLZGKIDSEJWEDW-UHFFFAOYSA-N,CC(NCCCCN)=O,N-acetylputrescine,18233-70-0,109095,HMDB0002064,C02714,122356,Pos Early
F194,209,2829,Amino Acid,"Methionine, Cysteine, SAM and Taurine Metabolism",NAMED,PYUSHNKNPOHWEZ-UHFFFAOYSA-N,CSCCC(C(O)=O)NC=O,N-formylmethionine,4289-98-9,388809,HMDB0001015,C03145,439750,Neg
F209,400,32342,Nucleotide,"Purine Metabolism, Adenine containing",NAMED,UDMBCSSLTHHNCD-UHFFFAOYSA-N,NC1=NC=NC2=C1N=CN2C3OC(C(C3O)O)COP(O)(O)=O,adenosine 5'-monophosphate (AMP),149022-20-8,10239183,HMDB0000045,C00020,6083,Pos Early
F211,400,1553,Nucleotide,"Purine Metabolism, Adenine containing",NAMED,OLXZPDWKRNYJJZ-UHFFFAOYSA-N,NC1=C(N=CN2C(CC3O)OC3CO)C2=NC=N1,2'-deoxyadenosine,16373-93-6,13135,HMDB0000101,C00559,13730,Pos Early
F218,400,33434,Nucleotide,"Purine Metabolism, (Hypo)Xanthine/Inosine containing",NAMED,NUCLJNSWZCHRKL-UHFFFAOYSA-N,OC(C(NC(N)=O)NC(N)=O)=O,allantoic acid,99-16-1,198,HMDB0001209,C00499,203,Pos Early
F229,209,1110,Lipid,Long Chain Polyunsaturated Fatty Acid (n3 and n6),NAMED,YZXBAPSDXZZRGB-DOFZRALJSA-N,CCCCC/C=C\C/C=C\C/C=C\C/C=C\CCCC(O)=O,arachidonate (20:4n6),506-32-1,392692,HMDB0001043,C00219,444899,Neg
F231,400,1638,Amino Acid,Urea cycle; Arginine and Proline Metabolism,NAMED,ODKSFYDXXFIFQN-UHFFFAOYSA-N,N=C(N)NCCCC(N)C(O)=O,arginine,1119-34-2,227,HMDB0000517,C00062,6322,Pos Early
F234,400,443,Amino Acid,Alanine and Aspartate Metabolism,NAMED,CKLJMWTZIZZHCS-UHFFFAOYSA-N,NC(C(O)=O)CC(O)=O,aspartate,56-84-8,5745,HMDB0000191,C00049,5960,Pos Early
F240,209,32197,Amino Acid,Tyrosine Metabolism,NAMED,JVGVDSSUAVXRDY-UHFFFAOYSA-N,OC(C(O)=O)CC1=CC=C(O)C=C1,3-(4-hydroxyphenyl)lactate,6482-98-0,9010,HMDB0000755,C03672,9378,Neg
F241,209,566,Amino Acid,Phenylalanine Metabolism,NAMED,BTNMPGBKDVTSJY-UHFFFAOYSA-N,O=C(C(O)=O)CC1=CC=CC=C1,phenylpyruvate,156-06-9,972,HMDB0000205,C00166,997,Neg
F244,400,55,Nucleotide,"Pyrimidine Metabolism, Uracil containing",NAMED,UCMIRNVEIXFBKS-UHFFFAOYSA-N,NCCC(O)=O,beta-alanine,"107-95-9,56-41-7",234,HMDB0000056,C00099,239,Pos Early
F250,209,2137,Cofactors and Vitamins,Hemoglobin and Porphyrin Metabolism,NAMED,QBUVFDKTZJNUPP-YBRAVLHJSA-N,CC1=C(/C=C(N2)/C(C=C)=C(C)C2=O)NC(/C=C3C(CCC(O)=O)=C(C)C(/C=C(N4)\C(C)=C(C=C)C4=O)=N\3)=C1CCC(O)=O,biliverdin,"55482-27-4,55482-27-4",10628548,HMDB0001008,C00500,5280353,Neg
F251,209,568,Cofactors and Vitamins,Biotin Metabolism,NAMED,YBJHBAHKTGYVGT-UHFFFAOYSA-N,OC(CCCCC(SC1)C(N2)C1NC2=O)=O,biotin,58-85-5,149962,HMDB0000030,C00120,171548,Neg
F252,305,1437,Energy,TCA Cycle,NAMED,KDYFGRWQOYBRFD-UHFFFAOYSA-N,OC(CCC(O)=O)=O,succinate,110-15-6,1078,HMDB0000254,C00042,1110,Polar
F254,305,542,Lipid,Ketone Bodies,NAMED,WHBMMWSBFZVSSR-UHFFFAOYSA-N,CC(O)CC(O)=O,3-hydroxybutyrate (BHBA),625-72-9,428,"HMDB0000442,HMDB0000357,HMDB0000011","C03197,C01089","9,431,844,192,135",Polar
F266,402,63,Lipid,Sterol,NAMED,HVYWMOMLDIMFJA-LBHVWCRMSA-N,CC1(C2C(C)CCCC(C)C)C(CC2)C(CC=C3C4(CC[C@H](O)C3)C)C4CC1,cholesterol,57-88-5,4937803,HMDB0000067,C00187,"5,997,643,256,411,020,000",Pos Late
F267,400,34396,Lipid,Phospholipid Metabolism,NAMED,YHHSONZFOIEMCP-UHFFFAOYSA-N,C[N+](C)(CCOP(O)([O-])=O)C,choline phosphate,72556-74-2,119298,HMDB0001565,C00588,1014,Pos Early
F275,400,513,Amino Acid,Creatine Metabolism,NAMED,DDRJAANPRJIHGJ-UHFFFAOYSA-N,CN(C(N1)=N)CC1=O,creatinine,60-27-5,568,HMDB0000562,C00791,588,Pos Early
F278,400,35637,Amino Acid,Glutathione Metabolism,NAMED,ZUKPVRWZDMRIEO-UHFFFAOYSA-N,NC(C(NCC(O)=O)=O)CS,cysteinylglycine,19246-18-5,58762,HMDB0000078,C01419,439498,Pos Early
F297,402,17747,Lipid,Sphingosines,NAMED,WWUZIQQURGPMPG-CCEZHUSRSA-N,CCCCCCCCCCCCC/C=C/C(C(CO)N)O,sphingosine,123-78-4,4510275,HMDB0000252,C00319,5280335,Pos Late
F298,400,533,Nucleotide,"Pyrimidine Metabolism, Cytidine containing",NAMED,NCMVOABPESMRCP-UHFFFAOYSA-N,NC1=NC(N(C2CC(C(O2)COP(O)(O)=O)O)C=C1)=O,2'-deoxycytidine 5'-monophosphate,1032-65-1,5414501,HMDB0001202,C00239,13945,Pos Early
F302,209,1114,Lipid,Secondary Bile Acid Metabolism,NAMED,KXGVEGMKQFWNSR-OHAQSFBXSA-N,CC12[C@@]([C@]3([H])CC[C@]4([H])C[C@H](O)CC[C@]4(C)[C@@]3([H])C[C@@H]2O)([H])CC[C@]1([H])[C@]([H])(C)CCC(O)=O,deoxycholate,83-44-3,389318,HMDB0000626,C04483,"222,528,440,355",Neg
F313,402,17769,Lipid,Sphingolipid Synthesis,NAMED,OTKJDMGTUTTYMP-UHFFFAOYSA-N,CCCCCCCCCCCCCCCC(C(CO)N)O,sphinganine,3102-56-5,3014,HMDB0000269,C00836,3126,Pos Late
F327,209,2134,Cofactors and Vitamins,Riboflavin Metabolism,NAMED,VWWQXMAJTJZDQX-KUIMXZBMSA-N,OC(C(O)C(O)COP(OP(OC[C@H]1O[C@@H](N(C=N2)C3=C2C(N)=NC=N3)[C@H](O)[C@@H]1O)(O)=O)(O)=O)CN(C(C=C(C)C(C)=C4)=C4N=C5C(N6)=O)C5=NC6=O,flavin adenine dinucleotide (FAD),"146-14-5,84366-81-4",559059,HMDB0001248,C00016,643975,Neg
F330,305,1643,Energy,TCA Cycle,NAMED,VZCYOOQTPOCHFL-OWOJBTEDSA-N,OC(/C=C/C(O)=O)=O,fumarate,100-17-8,10197150,HMDB0000134,C00122,444972,Polar
F338,305,587,Xenobiotics,Food Component/Plant,NAMED,RGHNJXZEOKUKBD-SQOUGZDYSA-N,OC([C@H](O)[C@@H](O)[C@H](O)[C@H](O)CO)=O,gluconate,527-07-1,10240,HMDB0000625,C00257,"106,903,085,666",Polar
F339,305,396,Lipid,"Fatty Acid, Dicarboxylate",NAMED,JFCQEDHGNNZCLN-UHFFFAOYSA-N,OC(CCCC(O)=O)=O,glutarate (C5-DC),110-94-1,3618533,HMDB0000661,C00489,"7,434,418,048",Polar
F340,400,58,Amino Acid,"Glycine, Serine and Threonine Metabolism",NAMED,DHMQDGOQFOQNFH-UHFFFAOYSA-N,NCC(O)=O,glycine,56-40-6,730,HMDB0000123,C00037,750,Pos Early
F342,209,18476,Lipid,Primary Bile Acid Metabolism,NAMED,RFDAIACWWDREDC-FRVQLJSFSA-N,O=C(CNC(CC[C@H]([C@@H]1[C@@]2(C)[C@@H](O)C[C@]3([H])[C@@]4(C)CC[C@@H](O)C[C@@]4([H])C[C@@H](O)[C@@]3([H])[C@]2([H])CC1)C)=O)O,glycocholate,"475-31-0,863-57-0",9734,HMDB0000138,C01921,10140,Neg
F344,400,43802,Amino Acid,Creatine Metabolism,NAMED,BPMFZUMJYQTVII-UHFFFAOYSA-N,NC(NCC(O)=O)=N,guanidinoacetate,352-97-6,743,HMDB0000128,C00581,763,Pos Early
F348,209,1411,Nucleotide,"Purine Metabolism, Guanine containing",NAMED,YKBGVTZYEHREMT-UHFFFAOYSA-N,OC1=C(N=CN2C(CC3O)OC3CO)C2=NC(N)=N1,2'-deoxyguanosine,961-07-9,163230,HMDB0000085,C00330,135398592,Neg
F354,400,1574,Amino Acid,Histidine Metabolism,NAMED,NTYJJOPFIAHURM-UHFFFAOYSA-N,NCCC1=CNC=N1,histamine,51-45-6,753,HMDB0000870,C00388,774,Pos Early
F355,209,59,Amino Acid,Histidine Metabolism,NAMED,HNDVDQJCIGZPNO-UHFFFAOYSA-N,NC(C(O)=O)CC1=CN=CN1,histidine,5934-29-2,752,HMDB0000177,C00135,6274,Neg
F358,400,590,Amino Acid,"Methionine, Cysteine, SAM and Taurine Metabolism",NAMED,VVIUBCNYACGLLV-UHFFFAOYSA-N,NCCS(O)=O,hypotaurine,300-84-5,96959,HMDB0000965,C00519,107812,Pos Early
F361,209,1123,Nucleotide,"Purine Metabolism, (Hypo)Xanthine/Inosine containing",NAMED,UGQMRVRMYYASKQ-KQYNXXCUSA-N,O[C@H]1[C@H](N2C(N=CN=C3O)=C3N=C2)O[C@H](CO)[C@H]1O,inosine,58-63-9,21241953,HMDB0000195,C00294,6021,Neg
F363,305,1124,Lipid,Inositol Metabolism,NAMED,CDAISMWEOUEBRE-GPIVLXJGSA-N,O[C@@H]1[C@@H](O)[C@H](O)[C@H](O)[C@H](O)[C@H]1O,myo-inositol,87-89-8,10239179,HMDB0000211,C00137,892,Polar
F376,400,1125,Amino Acid,"Leucine, Isoleucine and Valine Metabolism",NAMED,AGPKZVBTJJNPAG-UHFFFAOYSA-N,NC(C(O)=O)C(C)CC,isoleucine,73-32-5,769,HMDB0000172,"C06418,C00407,C16424",6306,Pos Early
F381,305,6146,Amino Acid,Lysine Metabolism,NAMED,OYIFNHCXNCRBQI-UHFFFAOYSA-N,OC(CCCC(N)C(O)=O)=O,2-aminoadipate,"1118-90-7,542-32-5",456,HMDB0000510,C00956,92136,Polar
F382,400,47089,Amino Acid,"Methionine, Cysteine, SAM and Taurine Metabolism",NAMED,XVOYSCVBGLVSOL-UHFFFAOYSA-N,O=C(O)C(N)CS(=O)(O)=O,3-sulfo-alanine,498-40-8,65718,HMDB0002757,C00506,72886,Pos Early
F391,400,2132,Amino Acid,Urea cycle; Arginine and Proline Metabolism,NAMED,RHGKLRLOHDJJDR-UHFFFAOYSA-N,NC(C(O)=O)CCCNC(N)=O,citrulline,372-75-8,810,HMDB0000904,C00327,9750,Pos Early
F395,402,1128,Lipid,Sterol,NAMED,CAHGCLMLTWQZNJ-UHFFFAOYSA-N,OC1CCC(C(CCC2(C)C3(C)CCC2C(C)CC/C=C(C)\C)=C3CC4)(C)C4C1(C)C,lanosterol,79-63-0,216175,HMDB0001251,"C01724,C08624",246983,Pos Late
F397,400,60,Amino Acid,"Leucine, Isoleucine and Valine Metabolism",NAMED,ROHFNLRQFUQHCH-YFKPBYRVSA-N,O=C([C@H](CC(C)C)N)O,leucine,61-90-5,,HMDB0000687,C00123,6106,Pos Early
F405,209,1483,Lipid,Secondary Bile Acid Metabolism,NAMED,SMEROWZSTRWXGI-UHFFFAOYSA-N,O=C(CCC(C(CCC1C2CCC3CC4O)C1(CCC2C3(CC4)C)C)C)O,lithocholate,434-13-9,9519,HMDB0000761,C03990,9903,Neg
F407,400,1301,Amino Acid,Lysine Metabolism,NAMED,KDXKERNSBIXSRK-UHFFFAOYSA-N,NC(C(O)=O)CCCCN,lysine,56-87-1,5747,HMDB0003405,"C00739,C00047",5962,Pos Early
F409,209,1303,Energy,TCA Cycle,NAMED,BJEPYKJPYRNKOW-UHFFFAOYSA-N,OC(C(O)=O)CC(O)=O,malate,6915-15-7,510,"HMDB0031518,HMDB0000156,HMDB0000744","C00149,C00711,C00497",525,Neg
F415,400,1302,Amino Acid,"Methionine, Cysteine, SAM and Taurine Metabolism",NAMED,FFEARJCKVFRZRR-UHFFFAOYSA-N,CSCCC(N)C(O)=O,methionine,63-68-3,5907,HMDB0000696,C00073,6137,Pos Early
F418,305,1496,Lipid,Fatty Acid Metabolism (also BCAA Metabolism),NAMED,ZIYVHBGGAOATLY-UHFFFAOYSA-N,O=C(C(C(O)=O)C)O,methylmalonate (MMA),516-05-2,473,HMDB0000202,C02170,487,Polar
F424,209,1336,Lipid,Long Chain Saturated Fatty Acid,NAMED,IPCSVZSSVZVIGE-UHFFFAOYSA-N,OC(CCCCCCCCCCCCCCC)=O,palmitate (16:0),57-10-3,960,HMDB0000220,C00249,985,Neg
F432,400,594,Cofactors and Vitamins,Nicotinate and Nicotinamide Metabolism,NAMED,DFPAKSUCGFBDDF-UHFFFAOYSA-N,NC(C1=CN=CC=C1)=O,nicotinamide,98-92-0,911,HMDB0001406,C00153,936,Pos Early
F439,209,1358,Lipid,Long Chain Saturated Fatty Acid,NAMED,QIQXTHQIDYTFRH-UHFFFAOYSA-N,CCCCCCCCCCCCCCCCCC(O)=O,stearate (18:0),57-11-4,5091,HMDB0000827,C01530,5281,Neg
F444,400,1493,Amino Acid,Urea cycle; Arginine and Proline Metabolism,NAMED,AHLPHDHHMVZTML-BYPYZUCNSA-N,O=C(O)[C@@H](N)CCCN,ornithine,3184-13-2,6026,HMDB0000214,C00077,6262,Pos Early
F445,305,1505,Nucleotide,"Pyrimidine Metabolism, Orotate containing",NAMED,PXQPEWDEAKTCGB-UHFFFAOYSA-N,O=C(C1=CC(O)=NC(O)=N1)O,orotate,50887-69-9,942,HMDB0000226,C00295,967,Polar
F452,209,33447,Lipid,Long Chain Monounsaturated Fatty Acid,NAMED,SECPZKHBENQXJG-FPLPWBNLSA-N,CCCCCC\C=C/CCCCCCCC(O)=O,palmitoleate (16:1n7),373-49-9,393216,HMDB0003229,C08362,445638,Neg
F460,400,64,Amino Acid,Phenylalanine Metabolism,NAMED,COLNVLDHVKWLRT-UHFFFAOYSA-N,NC(C(O)=O)CC1=CC=CC=C1,phenylalanine,63-91-2,5910,HMDB0000159,C00079,6140,Pos Early
F461,400,42109,Energy,Oxidative Phosphorylation,NAMED,NBIIXXVUZAFLBC-UHFFFAOYSA-N,O=P(O)(O)O,phosphate,7664-38-2,1032,HMDB0001429,C00009,1061,Pos Early
F469,402,1510,Lipid,Sphingolipid Synthesis,NAMED,AERBNCYCJBRYDG-KSZLIROESA-N,O[C@@H]([C@@H](O)[C@@H](N)CO)CCCCCCCCCCCCCC,phytosphingosine,554-62-1,21238683,HMDB0004610,C12144,122121,Pos Late
F480,400,1898,Amino Acid,Urea cycle; Arginine and Proline Metabolism,NAMED,ONIBWKKTOPOVIA-UHFFFAOYSA-N,OC(C1CCCN1)=O,proline,147-85-3,128566,"HMDB0000162,HMDB0003411","C00148,C000763","8,988,145,742,614",Pos Early
F482,209,527,Carbohydrate,"Glycolysis, Gluconeogenesis, and Pyruvate Metabolism",NAMED,JVTAAEKCZFNVCJ-UHFFFAOYSA-N,CC(O)C(O)=O,lactate,79-33-4,592,HMDB0000190,C00186,612,Neg
F491,400,1651,Cofactors and Vitamins,Vitamin B6 Metabolism,NAMED,RADKZDMFGJYCBB-UHFFFAOYSA-N,OC1=C(C)N=CC(CO)=C1C=O,pyridoxal,65-22-5,1021,HMDB0001545,C00250,1050,Pos Early
F498,402,1806,Cofactors and Vitamins,Vitamin A Metabolism,NAMED,FPIPGXGPPPQFEQ-OVSJKPMPSA-N,C/C(/C=C/C(C(C)(CCC1)C)=C1C)=C\C=C\C(C)=C\CO,retinol (vitamin A),68-26-8,393012,HMDB0000305,C00473,445354,Pos Late
F500,400,1827,Cofactors and Vitamins,Riboflavin Metabolism,NAMED,AUNGANRZJHBGPY-UHFFFAOYSA-N,OC(C(O)C(O)CO)CN1C(C=C2C)=C(C=C2C)N=C(C(N3)=O)C1=NC3=O,riboflavin (vitamin B2),83-88-5,431981,HMDB0000244,C00255,493570,Pos Early
F501,305,1515,Xenobiotics,Drug - Topical Agents,NAMED,YGSDEFSMJLZEOE-UHFFFAOYSA-N,OC1=C(C(O)=O)C=CC=C1,salicylate,69-72-7,331,HMDB0001895,C00805,338,Polar
F503,400,1648,Amino Acid,"Glycine, Serine and Threonine Metabolism",NAMED,MTCFGRXMJLQNBG-REOHCLBHSA-N,OC([C@@H](N)CO)=O,serine,56-45-1,5736,HMDB0000187,C00065,5951,Pos Early
F504,400,2342,Amino Acid,Tryptophan Metabolism,NAMED,QZAYGJVTTNCVMB-UHFFFAOYSA-N,NCCC1=CNC(C=C2)=C1C=C2O,serotonin,153-98-0,5013,HMDB0000259,C00780,5202,Pos Early
F512,400,2125,Amino Acid,"Methionine, Cysteine, SAM and Taurine Metabolism",NAMED,XOAAWQZATWQOTB-UHFFFAOYSA-N,NCCS(=O)(O)=O,taurine,107-35-7,1091,HMDB0000251,C00245,1123,Pos Early
F519,209,1365,Lipid,Long Chain Saturated Fatty Acid,NAMED,TUNFSRHWOTWDNC-UHFFFAOYSA-N,OC(CCCCCCCCCCCCC)=O,myristate (14:0),544-63-8,10539,HMDB0000806,C06424,11005,Neg
F533,400,1670,Amino Acid,Urea cycle; Arginine and Proline Metabolism,NAMED,XSQUKJJJFZCRTK-UHFFFAOYSA-N,O=C(N)N,urea,57-13-6,1143,HMDB0000294,C00086,1176,Pos Early
F535,209,606,Nucleotide,"Pyrimidine Metabolism, Uracil containing",NAMED,DRTQHJPVMGBUCF-UHFFFAOYSA-N,OC1C(N(C=CC2=O)C(N2)=O)OC(CO)C1O,uridine,58-96-8,5807,HMDB0000296,C00299,6029,Neg
F536,209,1412,Nucleotide,"Pyrimidine Metabolism, Uracil containing",NAMED,MXHRCPNRJAMMIM-UHFFFAOYSA-N,O=C(NC1=O)N(C=C1)C(CC2O)OC2CO,2'-deoxyuridine,951-78-0,13118,HMDB0000012,C00526,13712,Neg
F537,400,607,Amino Acid,Histidine Metabolism,NAMED,LOIYMIARKYCTBW-OWOJBTEDSA-N,O=C(O)/C=C/C1=CNC=N1,trans-urocanate,104-98-3,643824,HMDB0000301,C00785,736715,Pos Early
F561,400,57,Amino Acid,Glutamate Metabolism,NAMED,WHUUTDBJXJRKMK-VKHMYHEASA-N,O=C(O)[C@@H](N)CCC(O)=O,glutamate,56-86-0,591,HMDB0000148,"C00025,C00217",33032,Pos Early
F563,400,53,Amino Acid,Glutamate Metabolism,NAMED,ZDXPYRJPNDTMRX-VKHMYHEASA-N,OC([C@@H](N)CCC(N)=O)=O,glutamine,56-85-9,5746,HMDB0000641,C00064,5961,Pos Early
F564,400,1284,Amino Acid,"Glycine, Serine and Threonine Metabolism",NAMED,AYFVYJQAPQTCCC-GBXIJSLDSA-N,N[C@H](C(O)=O)[C@H](O)C,threonine,72-19-5,6051,HMDB0000167,C00188,6288,Pos Early
F565,400,54,Amino Acid,Tryptophan Metabolism,NAMED,QIVBCDIJIAJPQS-VIFPVBQESA-N,O=C(O)[C@@H](N)CC1=CNC2=C1C=CC=C2,tryptophan,73-22-3,6066,HMDB0000929,C00078,6305,Pos Early
F566,400,1649,Amino Acid,"Leucine, Isoleucine and Valine Metabolism",NAMED,KZSNJWFQEVHDMF-BYPYZUCNSA-N,N[C@H](C(O)=O)C(C)C,valine,72-18-4,6050,HMDB0000883,C00183,6287,Pos Early
F567,400,1504,Cofactors and Vitamins,Nicotinate and Nicotinamide Metabolism,NAMED,PVNIIMVLHYAWGP-UHFFFAOYSA-N,OC(C1=CC=CN=C1)=O,nicotinate,59-67-6,913,HMDB0001488,C00253,938,Pos Early
F568,400,2150,Cofactors and Vitamins,Vitamin B6 Metabolism,NAMED,NHZMQXZHNVQTQA-UHFFFAOYSA-N,NCC(C(O)=C(C)N=C1)=C1CO,pyridoxamine,58052-48-5,1023,HMDB0001431,C00534,1052,Pos Early
F572,305,48152,Carbohydrate,"Glycolysis, Gluconeogenesis, and Pyruvate Metabolism",NAMED,WQZGKKKJIJFFOK-DVKNGEFBSA-N,O[C@H]1O[C@H](CO)[C@@H](O)[C@H](O)[C@H]1O,glucose,50-99-7,71358,HMDB0000122,C00031,5793,Polar
F798,400,555,Nucleotide,"Purine Metabolism, Adenine containing",NAMED,OIRDTQYFTABQOQ-KQYNXXCUSA-N,NC1=NC=NC2=C1N=CN2[C@@]3([H])[C@@](O)([H])[C@@](O)([H])[C@](CO)([H])O3,adenosine,58-61-7,54923,HMDB0000050,C00212,60961,Pos Early
F799,400,3141,Amino Acid,"Glycine, Serine and Threonine Metabolism",NAMED,KWIUHFFTVRNATP-UHFFFAOYSA-N,O=C(C[N+](C)(C)C)[O-],betaine,107-43-7,"19,951,173,242",HMDB0000043,C00719,247,Pos Early
F800,400,1868,Amino Acid,"Methionine, Cysteine, SAM and Taurine Metabolism",NAMED,XUJNEKJLAYXESH-REOHCLBHSA-N,SC[C@H](N)C(O)=O,cysteine,"56-89-3,52-90-4",5653,HMDB0000574,C00097,5862,Pos Early
F803,305,48153,Carbohydrate,"Fructose, Mannose and Galactose Metabolism",NAMED,WQZGKKKJIJFFOK-DXQLJALPSA-N,O[C@@H]1C(CO)O[C@@H](O)[C@@H](O)[C@H]1O,mannose,3458-28-4,141983,HMDB0000169,"C00159,C02209,C00936","8,230,843,968,018,560,000,000",Polar
F806,400,5086,Amino Acid,"Glycine, Serine and Threonine Metabolism",NAMED,FFDGPVCHZBVARC-UHFFFAOYSA-N,CN(C)CC(O)=O,dimethylglycine,1118-68-9,653,HMDB0000092,C03626,673,Pos Early
F811,400,1126,Amino Acid,Alanine and Aspartate Metabolism,NAMED,QNAYBMKLOCPYGJ-REOHCLBHSA-N,O=C(O)[C@@H](N)C,alanine,56-41-7,5735,HMDB0000161,C00041,5950,Pos Early
F815,400,1299,Amino Acid,Tyrosine Metabolism,NAMED,OUYCCCASQSFEME-QMMMGPOBSA-N,N[C@@H](CC1=CC=C(O)C=C1)C(O)=O,tyrosine,60-18-4,5833,HMDB0000158,C00082,6057,Pos Early
F818,305,15872,Lipid,Fatty Acid Synthesis,NAMED,OFOBLEOULBTSOW-UHFFFAOYSA-N,O=C(O)CC(O)=O,malonate,"26522-22-85-0,141-82-2",844,HMDB0000691,C00383,867,Polar
F821,209,33442,Nucleotide,"Pyrimidine Metabolism, Uracil containing",NAMED,PTJWIQPHWPFNBW-GBNDHIKLSA-N,O[C@]1([H])[C@@](O)([H])[C@](CO)([H])O[C@]1(C2=CNC(NC2=O)=O)[H],pseudouridine,1445-07-4,21403010,HMDB0000767,C02067,15047,Neg
F823,305,48990,Carbohydrate,"Glycolysis, Gluconeogenesis, and Pyruvate Metabolism",NAMED,LCTONWCANYUPML-UHFFFAOYSA-N,CC(C(O)=O)=O,pyruvate,127-17-3,96901,HMDB0000243,C00022,1060,Polar
F825,209,605,Nucleotide,"Pyrimidine Metabolism, Uracil containing",NAMED,ISAKRJDGNUQOIC-UHFFFAOYSA-N,O=C(NC=C1)NC1=O,uracil,66-22-8,1141,HMDB0000300,C00106,1174,Neg
F826,305,15581,Carbohydrate,Pentose Metabolism,NAMED,PYMYPHUHKUWMLA-VPENINKCSA-N,O=C[C@@H]([C@H]([C@@H](CO)O)O)O,xylose,609-06-3,85957,HMDB0000098,C00181,135191,Polar
F827,400,514,Nucleotide,"Pyrimidine Metabolism, Cytidine containing",NAMED,UHDGCWIWMRVCDJ-XVFCMESISA-N,OC[C@@H]1[C@H]([C@H]([C@H](N2C(N=C(C=C2)N)=O)O1)O)O,cytidine,65-46-3,5940,HMDB0000089,C00475,6175,Pos Early
F828,305,575,Carbohydrate,Pentose Metabolism,NAMED,SRBFZHDQGSBBOR-SQOUGZDYSA-N,O[C@@H]1CO[C@@H](O)[C@@H](O)[C@@H]1O,arabinose,28697-53-2,59687,HMDB0029942,C00216,66308,Polar
F872,209,2183,Nucleotide,"Pyrimidine Metabolism, Thymine containing",NAMED,IQFYYKKMVGJFEH-XLPZGREQSA-N,O=C(NC(C(C)=C1)=O)N1[C@]2([C@@]([C@@]([C@@](CO)(O2)[H])(O)[H])([H])[H])[H],thymidine,50-89-5,5585,HMDB0000273,C00214,5789,Neg
F873,400,5341,Cofactors and Vitamins,Thiamine Metabolism,NAMED,OHQKBYLHTFYNQF-UHFFFAOYSA-N,NC1=C(C[N+]2=CSC(CC[O-])=C2C)C=NC(C)=N1,thiamin (vitamin B1),59-43-8,,HMDB0000235,"DG00125,C00378,D08580",1130,Pos Early
F878,305,48195,Carbohydrate,"Fructose, Mannose and Galactose Metabolism",NAMED,RFSUNEUAIZKAJO-ARQDHWQXSA-N,OC[C@@]1(O)O[C@H](CO)[C@@H](O)[C@@H]1O,fructose,57-48-7,5764,HMDB0000660,C00095,2723872,Polar
F880,400,554,Nucleotide,"Purine Metabolism, Adenine containing",NAMED,GFFGJBXGBJISGV-UHFFFAOYSA-N,NC1=NC=NC2=C1N=CN2,adenine,73-24-5,185,HMDB0000034,C00147,190,Pos Early
F881,400,573,Nucleotide,"Pyrimidine Metabolism, Cytidine containing",NAMED,OPTASPLRGRRNAP-UHFFFAOYSA-N,NC1=NC(NC=C1)=O,cytosine,71-30-7,577,HMDB0000630,C00380,597,Pos Early
F882,209,604,Nucleotide,"Pyrimidine Metabolism, Thymine containing",NAMED,RWQNBRDOKXIBIV-UHFFFAOYSA-N,O=C1C(C)=CNC(N1)=O,thymine,65-71-4,1103,HMDB0000262,C00178,1135,Neg
F888,209,1642,Lipid,Medium Chain Fatty Acid,NAMED,GHVNFZFCNZKVNT-UHFFFAOYSA-N,CCCCCCCCCC(O)=O,caprate (10:0),334-48-5,2863,HMDB0000511,C01571,2969,Neg
F889,209,12067,Lipid,Medium Chain Fatty Acid,NAMED,ZDPHROOEEOARMN-UHFFFAOYSA-N,O=C(O)CCCCCCCCCC,undecanoate (11:0),334-48-5,7888,HMDB0000947,C17715,8180,Neg
F891,209,1121,Lipid,Long Chain Saturated Fatty Acid,NAMED,KEMQGTRYUADPNZ-UHFFFAOYSA-N,O=C(O)CCCCCCCCCCCCCCCC,margarate (17:0),506-12-7,10033,HMDB0002259,,10465,Neg
F892,209,1356,Lipid,Long Chain Saturated Fatty Acid,NAMED,ISYWECDDZWTKFF-UHFFFAOYSA-N,CCCCCCCCCCCCCCCCCCC(O)=O,nonadecanoate (19:0),646-30-0,12071,HMDB0000772,C16535,12591,Neg
F893,209,1118,Lipid,Long Chain Saturated Fatty Acid,NAMED,VKOBVWXKNCXXDE-UHFFFAOYSA-N,CCCCCCCCCCCCCCCCCCCC(O)=O,arachidate (20:0),506-30-9,10035,HMDB0002212,C06425,10467,Neg
F913,305,15586,Carbohydrate,Glycogen Metabolism,NAMED,GUBGYTABKSRVRQ-ASMJPISFSA-N,O[C@@H]1[C@H]([C@H](O[C@@H]([C@H]1O)CO)O[C@H]2[C@@H]([C@H]([C@H](O[C@@H]2CO)O)O)O)O,maltose,6363-53-7,388469,HMDB0000163,C00208,10991489,Polar
F914,305,1471,Carbohydrate,Pentose Metabolism,NAMED,PYMYPHUHKUWMLA-LMVFSUKVSA-N,O=C[C@@H]([C@@H]([C@@H](CO)O)O)O,ribose,50-69-1,4470639,HMDB0000283,C00121,5779,Polar
F917,400,512,Amino Acid,Alanine and Aspartate Metabolism,NAMED,DCXYFEDJOCDNAF-REOHCLBHSA-N,NC(C[C@H](N)C(O)=O)=O,asparagine,70-47-3,6031,HMDB0000168,C00152,6267,Pos Early
F918,400,15587,Carbohydrate,Aminosugar Metabolism,NAMED,PNNNRSAQSRJVSB-DPYQTVNSSA-N,O=C[C@@H]([C@H]([C@H]([C@@H](C)O)O)O)O,fucose,2438-80-4,2299091,"HMDB0000174,HMDB0029196","C01019,C01018","1,946,617,106",Pos Early
F922,402,1759,Lipid,Dihydroceramides,NAMED,KZTJQXAANJHSCE-OIDHKYIRSA-N,CCCCCCCCCCCCCCCCCC(N[C@H]([C@H](O)CCCCCCCCCCCCCCC)CO)=O,N-stearoyl-sphinganine (d18:0/18:0)*,2304-80-5,4446686,HMDB0011761,,5283573,Pos Late
F923,305,601,Nucleotide,"Pyrimidine Metabolism, Orotate containing",NAMED,UFIVEPVSAGBUSI-UHFFFAOYSA-N,O=C(C(NC1=O)CC(N1)=O)O,dihydroorotate,155-54-4,628,HMDB03349,C00337,648,Polar
F925,209,1644,Lipid,Medium Chain Fatty Acid,NAMED,MNWFXJYAOYHMED-UHFFFAOYSA-N,CCCCCCC(O)=O,heptanoate (7:0),111-14-8,7803,HMDB0000666,C17714,8094,Neg
F926,209,32489,Lipid,Medium Chain Fatty Acid,NAMED,FUZZWVXGSFPDMH-UHFFFAOYSA-N,CCCCCC(O)=O,caproate (6:0),142-62-1,8552,HMDB0000535,C01585,8892,Neg
F932,209,32492,Lipid,Medium Chain Fatty Acid,NAMED,WWZKQHOCKIZLMA-UHFFFAOYSA-N,CCCCCCCC(O)=O,caprylate (8:0),124-07-2,370,HMDB0000482,C06423,379,Neg
F935,305,1519,Carbohydrate,Disaccharides and Oligosaccharides,NAMED,CZMRCDWAGMRECN-UGDNZRGBSA-N,OC[C@]1(O[C@@H]2[C@@H]([C@H]([C@@H]([C@H](O2)CO)O)O)O)[C@H]([C@@H]([C@@H](CO)O1)O)O,sucrose,57-50-1,5768,HMDB0000258,C00089,5988,Polar
F936,400,608,Cofactors and Vitamins,Vitamin B6 Metabolism,NAMED,LXNHXLLTXMVWPM-UHFFFAOYSA-N,OC1=C(C)N=CC(CO)=C1CO,pyridoxine (vitamin B6),58-56-0,1025,HMDB0000239,D08454,1054,Pos Early
F980,209,1361,Lipid,Long Chain Saturated Fatty Acid,NAMED,WQEPLUUGTLDZJY-UHFFFAOYSA-N,O=C(O)CCCCCCCCCCCCCC,pentadecanoate (15:0),"10002-84-2,1002-84-2",13249,HMDB0000826,C16537,13849,Neg
F1001,400,32306,Amino Acid,Urea cycle; Arginine and Proline Metabolism,NAMED,PMMYEEVYMWASQN-DMTCNVIQSA-N,O[C@@H]1C[C@@H](C(O)=O)NC1,trans-4-hydroxyproline,51-35-4,5605,HMDB0000725,C01157,5810,Pos Early
F1002,305,1107,Nucleotide,"Purine Metabolism, (Hypo)Xanthine/Inosine containing",NAMED,POJWUDADGALRAB-UHFFFAOYSA-N,O=C(N1)C(NC(N)=O)NC1=O,allantoin,97-59-6,199,HMDB0000462,"C02348,C01551,C02350","439,714,204,439,713",Polar
F1004,209,3147,Nucleotide,"Purine Metabolism, (Hypo)Xanthine/Inosine containing",NAMED,LRFVTYWOQMYALW-UHFFFAOYSA-N,O=C(N1)C(N=CN2)=C2NC1=O,xanthine,69-89-6,1151,HMDB0000292,C00385,1188,Neg
F1021,209,1494,Amino Acid,Glutathione Metabolism,NAMED,ODHCTXKNWHHXJC-VKHMYHEASA-N,O=C1CC[C@@H]([C@@](O)=O)N1,5-oxoproline,98-79-3,7127,HMDB0000267,"C02237,C01879","4,396,857,405",Neg
F1022,400,1512,Amino Acid,Tryptophan Metabolism,NAMED,SIOXPEMLGUPBBT-UHFFFAOYSA-N,O=C(O)C1=NC=CC=C1,picolinate,98-98-6,993,HMDB0002243,C10164,1018,Pos Early
F1023,400,1516,Amino Acid,"Glycine, Serine and Threonine Metabolism",NAMED,FSYKKLYZXJSNPZ-UHFFFAOYSA-N,CNCC(O)=O,sarcosine,107-97-1,1057,HMDB0000271,C00213,1088,Pos Early
F1024,209,1508,Cofactors and Vitamins,Pantothenate and CoA Metabolism,NAMED,GHOKWGTUZJEAQD-ZETCQYMHSA-N,O=C(NCCC(O)=O)[C@H](O)C(C)(C)CO,pantothenate,137-08-6,6361,HMDB0000210,C00864,6613,Neg
F1025,400,1444,Amino Acid,Lysine Metabolism,NAMED,HXEACLLIILLPRG-UHFFFAOYSA-N,OC(C1NCCCC1)=O,pipecolate,4043-87-2,,HMDB0000070,,,Pos Early
F1049,400,21106,Nucleotide,"Pyrimidine Metabolism, Cytidine containing",NAMED,LRSASMSXMSNRBT-UHFFFAOYSA-N,NC1=NC(NC=C1C)=O,5-methylcytosine,58366-64-6,58551,HMDB0002894,C02376,65040,Pos Early
F1052,305,1572,Carbohydrate,"Glycolysis, Gluconeogenesis, and Pyruvate Metabolism",NAMED,RBNPOMFGQQGHHO-UHFFFAOYSA-N,O=C(O)C(O)CO,glycerate,600-19-1,732,"HMDB0000139,HMDB0006372",C00258,"439,194,752",Polar
F1053,400,3155,Nucleotide,"Pyrimidine Metabolism, Uracil containing",NAMED,JSJWCHRYRHKBBW-UHFFFAOYSA-N,OC(CCNC(N)=O)=O,3-ureidopropionate,462-88-4,109,HMDB0000026,C02642,111,Pos Early
F1082,209,1587,Amino Acid,"Leucine, Isoleucine and Valine Metabolism",NAMED,WXNXCEHXYPACJF-ZETCQYMHSA-N,O=C(O)[C@H](CC(C)C)NC(C)=O,N-acetylleucine,1188-21-2,64075,HMDB0011756,C02710,70912,Neg
F1083,209,1589,Amino Acid,"Methionine, Cysteine, SAM and Taurine Metabolism",NAMED,XUYPXLNMDZIRQH-LURJTMIESA-N,O=C(O)[C@H](CCSC)NC(C)=O,N-acetylmethionine,65-82-7,395338,HMDB0011745,C02712,448580,Neg
F1084,209,1591,Amino Acid,"Leucine, Isoleucine and Valine Metabolism",NAMED,IHYJTAOFMMMOPX-LURJTMIESA-N,O=C(O)[C@@H](NC(C)=O)C(C)C,N-acetylvaline,96-81-1,60154,HMDB0011757,,66789,Neg
F1087,209,1552,Lipid,Long Chain Monounsaturated Fatty Acid,NAMED,DPUOLQHDNGRHBS-KTKRTIGZSA-N,OC(CCCCCCCCCCC\C=C/CCCCCCCC)=O,erucate (22:1n9),112-86-7,7924,HMDB0002068,C08316,"82,165,281,116",Neg
F1090,402,43807,Cofactors and Vitamins,Hemoglobin and Porphyrin Metabolism,NAMED,BPYKTIZUTYGOLE-KDUUSRDASA-N,CC(C(N\1)=O)=C(C=C)C1=C/C2=C(C)C(CCC(O)=O)=C(CC3=C(CCC(O)=O)C(C)=C(/C=C4NC(C(C=C)=C/4C)=O)N3)N2,"bilirubin (Z,Z)",635-65-4,4444055,HMDB0000054,C00486,5280352,Pos Late
F1095,400,6104,Amino Acid,Tryptophan Metabolism,NAMED,APJYDQYYACXCRM-UHFFFAOYSA-N,NCCC1=CNC2=CC=CC=C21,tryptamine,61-54-1,1118,HMDB0000303,C00398,1150,Pos Early
F1099,400,1573,Nucleotide,"Purine Metabolism, Guanine containing",NAMED,NYHBQMYGNKIUIF-UUOKFMHZSA-N,O=C1C(N=CN2[C@@]3([H])[C@@](O)([H])[C@@](O)([H])[C@](CO)([H])O3)=C2N=C(N)N1,guanosine,118-00-3,6544,HMDB0000133,C00387,6802,Pos Early
F1104,400,1584,Xenobiotics,Food Component/Plant,NAMED,KTHADMDGDNYQRX-UHFFFAOYSA-N,O=C(OC)CC1=CNC2=C1C=CC=C2,methyl indole-3-acetate,1912-33-0,67279,HMDB0029738,,74706,Pos Early
F1105,402,1561,Cofactors and Vitamins,Tocopherol Metabolism,NAMED,GVJHHUAWPYXKBD-IEOSBIPESA-N,CC1=C2C(O[C@@](CCC[C@H](C)CCC[C@H](C)CCC[C@H](C)C)(C)CC2)=C(C)C(C)=C1O,alpha-tocopherol,"10191-41-0,59-02-9",14265,HMDB0001893,C02477,86472,Pos Late
F1107,400,1586,Amino Acid,"Methionine, Cysteine, SAM and Taurine Metabolism",NAMED,PWKSKIMOESPYIA-BYPYZUCNSA-N,OC([C@H](CS)NC(C)=O)=O,N-acetylcysteine,616-91-1,11540,HMDB0001890,C06809,12035,Pos Early
F1108,305,1594,Nucleotide,"Pyrimidine Metabolism, Orotate containing",NAMED,HLKXYZVTANABHZ-REOHCLBHSA-N,OC([C@H](CC(O)=O)NC(N)=O)=O,N-carbamoylaspartate,923-37-5,4573859,HMDB0000828,C00438,93072,Polar
F1110,209,1585,Amino Acid,Alanine and Aspartate Metabolism,NAMED,KTHDTJVBEPMMGL-VKHMYHEASA-N,O=C(O)[C@@H](NC(C)=O)C,N-acetylalanine,97-69-8,79449,HMDB0000766,C02847,88064,Neg
F1113,400,1558,Amino Acid,Polyamine Metabolism,NAMED,UZTFMUBKZQVKLK-UHFFFAOYSA-N,CC(NCCCC(O)=O)=O,4-acetamidobutanoate,3025-96-5,17180,HMDB0003681,C02946,18189,Pos Early
F1114,400,1566,Nucleotide,"Pyrimidine Metabolism, Thymine containing",NAMED,QCHPKSFMDHPSNR-UHFFFAOYSA-N,O=C(O)C(C)CN,3-aminoisobutyrate,"214139-20-5,10569-72-9",58481,HMDB0002166,C05145,64956,Pos Early
F1125,209,1559,Nucleotide,"Pyrimidine Metabolism, Uracil containing",NAMED,OIVLITBTBDPEFK-UHFFFAOYSA-N,O=C(CCN1)NC1=O,"5,6-dihydrouracil",504-07-4,629,HMDB0000076,C00429,649,Neg
F1128,400,42374,Amino Acid,Glutathione Metabolism,NAMED,QWCKQJZIFLGMSD-GSVOUGTGSA-N,N[C@H](CC)C(O)=O,2-aminobutyrate,1492-24-6,388757,HMDB0000452,C02356,80283,Pos Early
F1133,400,1603,Amino Acid,Tyrosine Metabolism,NAMED,DZGWFCGJZKJUFP-UHFFFAOYSA-N,OC1=CC=C(CCN)C=C1,tyramine,60-19-5,5408,HMDB0000306,C00483,5610,Pos Early
F1134,209,1604,Nucleotide,"Purine Metabolism, (Hypo)Xanthine/Inosine containing",NAMED,LEHOTFFKMJEONL-UHFFFAOYSA-N,O=C1NC(NC(NC2=O)=O)=C2N1,urate,"120K5305,69-93-2",,HMDB0000289,C00366,1175,Neg
F1136,209,33443,Lipid,Short Chain Fatty Acid,NAMED,NQPDZGIKBAWPEJ-UHFFFAOYSA-N,OC(CCCC)=O,valerate (5:0),109-52-4,7701,HMDB0000892,C00803,7991,Neg
F1137,402,38102,Lipid,Endocannabinoid,NAMED,BOWVQLFMWHZBEF-KTKRTIGZSA-N,O=C(NCCO)CCCCCCC/C=C\CCCCCCCC,oleoyl ethanolamide,"111-58-0,11-58-0",4446574,HMDB0002088,,5283454,Pos Late
F1141,209,1669,Amino Acid,Tyrosine Metabolism,NAMED,KKADPXVIOXHVKN-UHFFFAOYSA-N,OC1=CC=C(CC(C(O)=O)=O)C=C1,4-hydroxyphenylpyruvate,156-39-8,954,HMDB0000707,C01179,979,Neg
F1143,209,40605,Lipid,Short Chain Fatty Acid,NAMED,FERIUCNNQQJTOY-UHFFFAOYSA-N,OC(CCC)=O,butyrate/isobutyrate (4:0),109-92-6,259,HMDB0000039,C00246,264,Neg
F1162,400,32377,Carbohydrate,Aminosugar Metabolism,NAMED,SQVRNKJHWKZAKO-UHFFFAOYSA-N,OC1(C(O)=O)CC(O)C(NC(C)=O)C(C(O)C(O)CO)O1,N-acetylneuraminate,131-48-6,10292217,HMDB0000230,C00270,439197,Pos Early
F1207,400,12142,Amino Acid,Phenylalanine Metabolism,NAMED,BHHGXPLMPWCGHP-UHFFFAOYSA-N,NCCC1=CC=CC=C1,phenethylamine,64-04-0,13856352,HMDB0012275,C05332,1001,Pos Early
F1215,400,48149,Carbohydrate,Aminosugar Metabolism,NAMED,YTTRPBWEMMPYSW-VFFCQLMOSA-N,O[C@H]1[C@H](O)[C@@H](CO)O[C@@H](NC(CC(N)C(O)=O)=O)[C@@H]1NC(C)=O,N-acetylglucosaminylasparagine,2776-93-4,21403014,HMDB0000489,C04540,123826,Pos Early
F1216,209,35469,Carbohydrate,Aminosugar Metabolism,NAMED,MCGXOCXFFNKASF-FMDGEEDCSA-N,N[C@H]1[C@H](NC(C)=O)[C@@H](O)[C@H](O)[C@@H](CO)O1,N-acetyl-beta-glucosaminylamine,4229-38-3,388560,HMDB01104,C01239,439454,Neg
F1221,400,27718,Amino Acid,Creatine Metabolism,NAMED,CVSVTCORWBXHQV-UHFFFAOYSA-N,CN(C(N)=N)CC(O)=O,creatine,57-00-1,566,HMDB0000064,C00300,586,Pos Early
F1231,209,17805,Lipid,Long Chain Polyunsaturated Fatty Acid (n3 and n6),NAMED,XSXIVVZCUAHUJO-HZJYTTRNSA-N,O=C(O)CCCCCCCCC/C=C\C/C=C\CCCCC,dihomo-linoleate (20:2n6),2091-39-6,4944228,HMDB0005060,C16525,6439848,Neg
F1235,400,18245,Peptide,Gamma-glutamyl Amino Acid,NAMED,PXVCMZCJAUJLJP-YUMQZZPRSA-N,O=C(O)[C@@H](N)CCC(N[C@@H](CC1=CNC=N1)C(O)=O)=O,gamma-glutamylhistidine,37460-15-4,5380197,HMDB0029151,,7017195,Pos Early
F1239,209,17945,Lipid,"Fatty Acid, Monohydroxy",NAMED,KIHBGTRZFAVZRV-QGZVFWFLSA-N,OC([C@H](O)CCCCCCCCCCCCCCCC)=O,2-hydroxystearate,629-22-1,62625,HMDB0062549,"C03042,C03045","43,988,743,988,569,400",Neg
F1248,209,12023,Nucleotide,"Pyrimidine Metabolism, Thymine containing",NAMED,GYOZYWVXFNDGLU-XLPZGREQSA-N,CC1=CN([C@@]2([H])[C@@]([H])([H])[C@@](O)([H])[C@](COP(O)(O)=O)([H])O2)C(NC1=O)=O,thymidine 5'-monophosphate,33430-62-5,10239189,HMDB0001227,C00364,9700,Neg
F1254,209,15122,Lipid,Glycerolipid Metabolism,NAMED,PEDCQBHIVMGVHV-UHFFFAOYSA-N,OC(CO)CO,glycerol,56-81-5,733,HMDB0000131,C00116,753,Neg
F1256,400,15506,Lipid,Phospholipid Metabolism,NAMED,CRBHXDCYXIISFC-UHFFFAOYSA-N,[O-]CC[N+](C)(C)C,choline,67-48-1,149278,HMDB0000097,C00114,305,Pos Early
F1258,400,4970,Amino Acid,Tryptophan Metabolism,NAMED,RWZYAGGXGHYGMB-UHFFFAOYSA-N,OC(C1=CC=CC=C1N)=O,anthranilate,118-92-3,222,HMDB0001123,C00108,227,Pos Early
F1268,400,18369,Peptide,Gamma-glutamyl Amino Acid,NAMED,MYFMARDICOWMQP-YUMQZZPRSA-N,CC(C)C[C@@H](C(O)=O)NC(CC[C@@H](C(O)=O)N)=O,gamma-glutamylleucine,2566-39-4,133115,HMDB0011171,,151023,Pos Early
F1276,209,17665,Xenobiotics,Benzoate Metabolism,NAMED,RGHHSNMVTDWUBI-UHFFFAOYSA-N,OC1=CC=C(C([H])=O)C=C1,p-hydroxybenzaldehyde,123-08-0,123,HMDB0011718,C00633,126,Neg
F1277,402,17748,Lipid,Ceramides,NAMED,NPRJSFWNFTXXQC-QFWQFVLDSA-N,OC[C@@H]([C@H](O)/C=C/CCCCCCCCCCCCC)NC(CCCCC)=O,N-hexanoyl-sphingosine (d18:1/6:0),124753-97-5,4642920,,,5702613,Pos Late
F1302,209,17772,Lipid,Sphingosines,NAMED,BLTCBVOJNNKFKC-QUDYQQOWSA-N,OC[C@@H]([C@H](O)/C=C/CCCCCCCCCCCCC)NC(C)=O,N-acetylsphingosine,3102-57-6,4593710,HMDB04950,C00195,5497136,Neg
F1442,305,12129,Amino Acid,"Leucine, Isoleucine and Valine Metabolism",NAMED,AXFYFNCPONWUHW-UHFFFAOYSA-N,CC(C)(O)CC(O)=O,beta-hydroxyisovalerate,625-08-1,62571,HMDB0000754,,69362,Polar
F1488,402,32463,Lipid,Endocannabinoid,NAMED,LGEQQWMQCRIYKG-DOFZRALJSA-N,O=C(NCCO)CCC/C=C\C/C=C\C/C=C\C/C=C\CCCCC,arachidonoyl ethanolamide,94421-68-8,4445241,HMDB0004080,C11695,5281969,Pos Late
F1489,402,38165,Lipid,Endocannabinoid,NAMED,HXYVTAGFYLMHSO-UHFFFAOYSA-N,CCCCCCCCCCCCCCCC(NCCO)=O,palmitoyl ethanolamide,544-31-0,4509,HMDB0002100,C16512,4671,Pos Late
F1490,402,32465,Lipid,Endocannabinoid,NAMED,ULQWKETUACYZLI-QNEBEIHSSA-N,O=C(CCCCCC/C=C\C/C=C\C/C=C\CCCCC)NCCO,dihomo-linolenoyl ethanolamide,150314-34-4,4445443,"HMDB0004080,HMDB0013625",C11695,"52,819,695,282,272",Pos Late
F1506,209,32462,Lipid,Fatty Acid Metabolism (Acyl Glycine),NAMED,YCRHZEHWEYAHCO-HZJYTTRNSA-N,O=C(O)CNC(CCCCCCC/C=C\C/C=C\CCCCC)=O,N-linoleoylglycine,3/6/64,4938516,,,6433346,Neg
F1518,402,44877,Lipid,Ceramides,NAMED,YDNKGFDKKRUKPY-TURZORIXSA-N,OC[C@@H]([C@H](O)/C=C/CCCCCCCCCCCCC)NC(CCCCCCCCCCCCCCC)=O,N-palmitoyl-sphingosine (d18:1/16:0),24696-26-2,4446677,HMDB0004949,,5283564,Pos Late
F1526,402,19263,Lipid,Phosphatidylethanolamine (PE),NAMED,FHQVHHIBKUMWTI-OTMQOFQLSA-N,CCCCCCCC\C=C/CCCCCCCC(O[C@](COC(CCCCCCCCCCCCCCC)=O)(COP([O-])(OCC[N+]([H])([H])[H])=O)[H])=O,1-palmitoyl-2-oleoyl-GPE (16:0/18:1),26662-94-2,4446615,HMDB0005320,,5283496,Pos Late
F1537,402,42446,Lipid,Phosphatidylcholine (PC),NAMED,JLPULHDHAOZNQI-ZTIMHPMXSA-N,O=P([O-])(OC[C@@H](COC(CCCCCCCCCCCCCCC)=O)OC(CCCCCCC/C=C\C/C=C\CCCCC)=O)OCC[N+](C)(C)C,1-palmitoyl-2-linoleoyl-GPC (16:0/18:2),40811-94-7,4450224,HMDB0007973,,5287971,Pos Late
F1538,402,19503,Lipid,Sphingomyelins,NAMED,LKQLRGMMMAHREN-YJFXYUILSA-N,CCCCCCCCCCCCCCCCCC(N[C@@](COP([O-])(OCC[N+](C)(C)C)=O)([C@](O)(/C=C/CCCCCCCCCCCCC)[H])[H])=O,stearoyl sphingomyelin (d18:1/18:0),"85187-10-6,85187-10-6",4956085,HMDB0001348,C00550,6453725,Pos Late
F1539,402,52461,Lipid,Phosphatidylcholine (PC),NAMED,WTJKGGKOPKCXLL-PFDVCBLKSA-N,O=C(CCCCCCC/C=C\CCCCCCCC)O[C@@H](COC(CCCCCCCCCCCCCCC)=O)COP(OCC[N+](C)(C)C)([O-])=O,1-palmitoyl-2-oleoyl-GPC (16:0/18:1),"26853-31-6,26853-31-6",4940699,HMDB0007972,C13875,6436017,Pos Late
F1547,402,54979,Lipid,Ceramides,NAMED,VODZWWMEJITOND-NXCSZAMKSA-N,OC[C@H](NC(CCCCCCCCCCCCCCCCC)=O)[C@H](O)/C=C/CCCCCCCCCCCCC,N-stearoyl-sphingosine (d18:1/18:0)*,104404-17-3,4446678,HMDB0004950,,5283565,Pos Late
F1628,209,32346,Lipid,Primary Bile Acid Metabolism,NAMED,GHCZAUBVMUEKKP-AZDOMVTHSA-N,O=C(NCC(O)=O)CC[C@@H](C)[C@@H]1[C@](CC[C@H]2[C@@]3([H])[C@H](O)C[C@@]4([H])C2(C)CC[C@@H](O)C4)(C)[C@]3([H])CC1,glycochenodeoxycholate,16564-43-5,,HMDB0000637,C05466,12544,Neg
F1629,209,18494,Lipid,Primary Bile Acid Metabolism,NAMED,BHTRKEVKTKCXOH-BJLOMENOSA-N,C[C@@]12[C@@]([H])(CC[C@@]2([C@@H](CCC(NCCS(O)(=O)=O)=O)C)[H])[C@@]([C@@H](C[C@]3([H])C[C@H](O)CC4)O)([H])[C@]([C@]34C)([H])CC1,taurochenodeoxycholate,6009-98-9,343282,HMDB0000951,C05465,387316,Neg
F1648,209,18497,Lipid,Primary Bile Acid Metabolism,NAMED,WBWWGRHZICKQGZ-HGVCTONRSA-N,C[C@@]12[C@@]([H])(CC[C@]2([H])[C@@H](CCC(NCCS(O)(=O)=O)=O)C)[C@@]([C@H](O)C[C@@]3([H])[C@@]4(CC[C@@H](O)C3)C)([H])[C@@]4([H])C[C@@H]1O,taurocholate,145-42-6,,HMDB0000036,C05122,"667,546,783,527",Neg
F1668,209,12261,Lipid,Secondary Bile Acid Metabolism,NAMED,AWDRATDZQPNJFN-RZGBOAIJSA-N,C[C@@]12[C@@]([H])(CC[C@]2([H])[C@@H](CCC(NCCS(O)(=O)=O)=O)C)[C@@](CC[C@@]3([H])[C@@]4(CC[C@@H](O)C3)C)([H])[C@@]4([H])C[C@@H]1O,taurodeoxycholate,207737-97-1,2015539,HMDB0000896,C05463,2733768,Neg
F1869,209,18281,Xenobiotics,Benzoate Metabolism,NAMED,ONJSZLXSECQROL-UHFFFAOYSA-N,O=C(C1=CC=CC=C1O)NCC(O)=O,2-hydroxyhippurate (salicylurate),487-54-7,9835,HMDB0000840,C07588,10253,Neg
F2029,209,18362,Lipid,"Fatty Acid, Dicarboxylate",NAMED,BDJRBEYXGGNYIS-UHFFFAOYSA-N,O=C(O)CCCCCCCC(O)=O,azelate (C9-DC),123-99-9,2179,HMDB0000784,C08261,2266,Neg
F2050,209,18467,Lipid,Long Chain Polyunsaturated Fatty Acid (n3 and n6),NAMED,JAZBEHYOTPTENJ-JLNKQSITSA-N,O=C(O)CCC\C=C/C/C=C\C/C=C\C/C=C\C/C=C\CC,eicosapentaenoate (EPA; 20:5n3),"10-2005-9,10417-94-4",393682,HMDB0001999,C06428,446284,Neg
F2051,305,15745,Amino Acid,"Leucine, Isoleucine and Valine Metabolism",NAMED,WXUAQHNMJWJLTG-UHFFFAOYSA-N,CC(C(O)=O)CC(O)=O,methylsuccinate,498-21-5,9922,HMDB0001844,,10349,Polar
F2053,209,15729,Energy,TCA Cycle,NAMED,KQTIIICEAUMSDG-UHFFFAOYSA-N,OC(CC(C(O)=O)CC(O)=O)=O,tricarballylate,99-14-9,14220,HMDB0031193,C19806,14925,Neg
F2054,305,15765,Amino Acid,"Leucine, Isoleucine and Valine Metabolism",NAMED,UKFXDFUAPNAMPJ-UHFFFAOYSA-N,CCC(C(O)=O)C(O)=O,ethylmalonate,601-75-2,11263,HMDB0000622,,11756,Polar
F100000007,400,15500,Lipid,Carnitine Metabolism,NAMED,PHIQHXFUZVPYII-ZCFIWIBFSA-N,[O-]C(C[C@@H](O)C[N+](C)(C)C)=O,carnitine,461-05-2,10455,HMDB0000062,"C00487,C00308",288,Pos Early
F100000008,209,15778,Xenobiotics,Benzoate Metabolism,NAMED,WPYMKLBDIGXBTP-UHFFFAOYSA-N,OC(C1=CC=CC=C1)=O,benzoate,65-85-0,238,HMDB0001870,C00180,243,Neg
F100000010,209,15749,Xenobiotics,Benzoate Metabolism,NAMED,XMIIGOLPHOKFCH-UHFFFAOYSA-N,OC(CCC1=CC=CC=C1)=O,3-phenylpropionate (hydrocinnamate),501-52-0,10181339,HMDB0000764,C05629,107,Neg
F100000011,209,15958,Amino Acid,Phenylalanine Metabolism,NAMED,WLJVXDMOQOGPHL-UHFFFAOYSA-N,O=C(O)CC1=CC=CC=C1,phenylacetate,103-82-2,10181341,HMDB0000209,C07086,999,Neg
F100000014,209,15753,Xenobiotics,Benzoate Metabolism,NAMED,QIAFMBKCNZACKA-UHFFFAOYSA-N,O=C(C1=CC=CC=C1)NCC(O)=O,hippurate,495-69-2,451,HMDB0000714,C01586,464,Neg
F100000015,209,15679,Amino Acid,Tryptophan Metabolism,NAMED,FBZONXHGGPHHIY-UHFFFAOYSA-N,OC1=C2C(C(O)=CC(C(O)=O)=N2)=CC=C1,xanthurenate,59-007,5497,HMDB0000881,C02470,5699,Neg
F100000016,209,15730,Lipid,"Fatty Acid, Dicarboxylate",NAMED,TYFQFVWCELRYAO-UHFFFAOYSA-N,OC(CCCCCCC(O)=O)=O,suberate (C8-DC),505-48-6,10025,HMDB0000893,C08278,10457,Neg
F100000036,209,15676,Amino Acid,"Leucine, Isoleucine and Valine Metabolism",NAMED,JVQYSWDUAOAHFM-UHFFFAOYSA-N,CCC(C)C(C(O)=O)=O,3-methyl-2-oxovalerate,"51829-07-3,1460-34-0",46,HMDB0000491,"C03465,C06008,C00671","439,286,440,877",Neg
F100000039,400,18374,Amino Acid,"Methionine, Cysteine, SAM and Taurine Metabolism",NAMED,QEFRNWWLZKMPFJ-YGVKFDHGSA-N,O=C(O)[C@@H](N)CCS(C)=O,methionine sulfoxide,3226-65-1,139840,HMDB0002005,C02989,158980,Pos Early
F100000042,209,15677,Amino Acid,Histidine Metabolism,NAMED,JDHILDINMRGULE-LURJTMIESA-N,N[C@H](C(O)=O)CC1=CN=CN1C,3-methylhistidine,368-16-1,58494,HMDB0000479,C01152,64969,Neg
F100000044,400,15747,Amino Acid,Histidine Metabolism,NAMED,MYYIAHXIVFADCU-QMMMGPOBSA-N,CN1C=NC=C1C[C@@H]([C@@](O)=O)NC(CCN)=O,anserine,10030-52-1,100482,HMDB0000194,C01262,112072,Pos Early
F100000054,400,15685,Amino Acid,Lysine Metabolism,NAMED,YSMODUONRAFBET-AKGZTFGVSA-N,N[C@@H](CCC(O)CN)C(O)=O,5-hydroxylysine,13204-98-3,1002,HMDB0000450,C16741,3032849,Pos Early
F100000096,400,15681,Amino Acid,Guanidino and Acetamido Metabolism,NAMED,TUHVEAJXIMEOSA-UHFFFAOYSA-N,N=C(N)NCCCC(O)=O,4-guanidinobutanoate,"463-003,463-00-3",486,HMDB0003464,C01035,500,Pos Early
F100000098,400,27673,Cofactors and Vitamins,Thiamine Metabolism,NAMED,BKAWJIRCKVUVED-UHFFFAOYSA-N,CC1=C(CCO)SC=N1,5-(2-hydroxyethyl)-4-methylthiazole,137-00-8,1104,HMDB0032985,C04294,1136,Pos Early
F100000101,305,15704,Lipid,"Fatty Acid, Dicarboxylate",NAMED,WLJVNTCWHIRURA-UHFFFAOYSA-N,OC(CCCCCC(O)=O)=O,pimelate (C7-DC),111-16-0,376,HMDB0000857,C02656,385,Polar
F100000110,400,15308,Amino Acid,Lysine Metabolism,NAMED,VHRGRCVQAFMJIZ-UHFFFAOYSA-N,NCCCCCN,cadaverine,"462-94-2,1476-39-7",13866593,HMDB0002322,C01672,273,Pos Early
F100000115,400,15130,Xenobiotics,Bacterial/Fungal,NAMED,GMKMEZVLHJARHF-RFZPGFLSSA-N,OC([C@H](N)CCC[C@@H](N)C(O)=O)=O,diaminopimelate,"2577-62-0,1476-39-7",1267353,HMDB0001370,"C00680,C0666",439283,Pos Early
F100000125,400,15949,Nucleotide,"Pyrimidine Metabolism, Cytidine containing",NAMED,CKTSBUTUHBMZGZ-SHYZEUOFSA-N,[H][C@]1([H])[C@@](O)([H])[C@](CO)([H])O[C@]1(N2C(N=C(N)C=C2)=O)[H],2'-deoxycytidine,951-77-9,13117,HMDB0000014,C00881,13711,Pos Early
F100000135,209,15076,Nucleotide,"Purine Metabolism, (Hypo)Xanthine/Inosine containing",NAMED,VGONTNSXDCQUGY-RRKCRQDMSA-N,OC[C@@H]1[C@H](C[C@H](N2C=NC3=C2N=CN=C3O)O1)O,2'-deoxyinosine,890-38-0,58569,HMDB0000071,C05512,135398593,Neg
F100000257,305,15443,Carbohydrate,Aminosugar Metabolism,NAMED,AEMOLEFTQBMNLQ-QIUUJYRFSA-N,O[C@@H]1O[C@H]([C@](O)=O)[C@@H](O)[C@H](O)[C@H]1O,glucuronate,207300-70-7,58552,HMDB0000127,C16245,"441,478,236,779,769,000,000,000,000,000",Polar
F100000258,400,43847,Lipid,Glycerolipid Metabolism,NAMED,AWUCVROLDVIAJX-UHFFFAOYSA-N,O=P(O)(OCC(CO)O)O,glycerol 3-phosphate,29849-82-9,734,HMDB0000126,C0093,754,Pos Early
F100000263,400,15716,Amino Acid,Histidine Metabolism,NAMED,ACZFBYCNAVEFLC-UHFFFAOYSA-N,OC(C(O)=O)CC1=CN=CN1,imidazole lactate,14403-45-3,389128,HMDB0002320,C05568,793,Pos Early
F100000264,209,33965,Amino Acid,Tryptophan Metabolism,NAMED,SIKJAQJRHWYJAI-UHFFFAOYSA-N,C12=C(NC=C2)C=CC=C1,indole,120-72-9,776,HMDB0000738,C00463,798,Neg
F100000265,400,15140,Amino Acid,Tryptophan Metabolism,NAMED,YGPSJZOEDVAXAB-QMMMGPOBSA-N,N[C@H](C(O)=O)CC(C1=CC=CC=C1N)=O,kynurenine,2922-83-0,141580,HMDB0000684,C00328,161166,Pos Early
F100000272,305,15142,Amino Acid,"Glycine, Serine and Threonine Metabolism",NAMED,AYFVYJQAPQTCCC-HRFVKAFMSA-N,O=C(O)[C@@H](N)[C@H](C)O,allo-threonine,28954-12-3,89699,HMDB0004041,C05519,99289,Polar
F100000276,305,44688,Carbohydrate,Glycogen Metabolism,NAMED,FYGDTMLNYKFZSV-DZOUCCHMSA-N,O[C@H]1[C@H](O)[C@@H](CO)O[C@H](O[C@@H]2[C@@H](CO)O[C@H](O[C@@H]3[C@@H](CO)OC(O)[C@H](O)[C@H]3O)[C@H](O)[C@H]2O)[C@@H]1O,maltotriose,1109-28-0,388669,HMDB0001262,C01835,439586,Polar
F100000282,209,15720,Amino Acid,Glutamate Metabolism,NAMED,RFMMMVDNIPUKGG-YFKPBYRVSA-N,O=C(O)CC[C@@H](C(O)=O)NC(C)=O,N-acetylglutamate,8/3/17,1266066,HMDB0001138,C00624,70914,Neg
F100000283,209,18354,Carbohydrate,Aminosugar Metabolism,NAMED,SOARVSUSWULNDI-TVVSKHENSA-N,C[C@H](C(O)=O)O[C@H]([C@@H](NC(C)=O)C=O)[C@@H]([C@@H](CO)O)O,N-acetylmuramate,10597-89-4,74681,HMDB0060493,C02713,5462244,Neg
F100000285,400,32984,Amino Acid,Urea cycle; Arginine and Proline Metabolism,NAMED,JRLGPAXAGHMNOL-LURJTMIESA-N,NCCC[C@@H](C(O)=O)NC(C)=O,N-alpha-acetylornithine,8/9/05,388369,HMDB0003357,C00437,439232,Pos Early
F100000292,402,39321,Cofactors and Vitamins,Hemoglobin and Porphyrin Metabolism,NAMED,KSFOVUSSGSKXFI-UHFFFAOYSA-N,CC1=C(C=C)C(/C=C2N/C(C(CCC(O)=O)=C/2C)=C\3)=N\C1=C/C4=C(C=C)C(C)=C(/C=C5N=C3C(CCC(O)=O)=C/5C)N4,protoporphyrin IX,"50865-10-5,553-12-8",10469486,HMDB0000241,C02191,4971,Pos Late
F100000299,209,15136,Nucleotide,"Purine Metabolism, (Hypo)Xanthine/Inosine containing",NAMED,UBORTCNDUKBEOP-UUOKFMHZSA-N,OC1=C(N=CN2[C@@]3([H])[C@@](O)([H])[C@@](O)([H])[C@](CO)([H])O3)C2=NC(O)=N1,xanthosine,146-80-5,58484,HMDB0000299,C01762,64959,Neg
F100000406,305,15772,Carbohydrate,Pentose Metabolism,NAMED,HEBKCHPVOIAQTA-ZXFHETKHSA-N,OC[C@@H](O)[C@@H](O)[C@@H](O)CO,ribitol,488-81-3,10254628,"HMDB0002917,HMDB0001851,HMDB0000568,HMDB0000508","C00379,C01904,C00474,C00532",6912,Polar
F100000409,305,15667,Xenobiotics,Food Component/Plant,NAMED,BITYXLXUCSKTJS-UHFFFAOYSA-N,OC(CC(O)=O)(C(C)C)C(O)=O,2-isopropylmalate,3237-44-3,76,HMDB0000402,C02504,77,Polar
F100000436,209,18477,Lipid,Secondary Bile Acid Metabolism,NAMED,WVULKSPCQVQLCU-BUXLTGKBSA-N,O=C(NCC(O)=O)CC[C@@H](C)[C@@H]1[C@@]2(C)[C@@H](O)C[C@]3([H])[C@@]4(C)CC[C@@H](O)C[C@@]4([H])CC[C@@]3([H])[C@@]2(CC1)[H],glycodeoxycholate,360-65-6,,HMDB00631,C05464,3035026,Neg
F100000442,305,18335,Xenobiotics,Food Component/Plant,NAMED,AAWZDTNXLSGCEK-WYWMIBKRSA-N,O[C@@]1([C@](O)(C[C@@](C(O)=O)(C[C@]1(O)[H])O)[H])[H],quinate,77-95-2,10246715,HMDB0003072,C00296,6508,Polar
F100000447,209,18280,Amino Acid,Tyrosine Metabolism,NAMED,WXTMDXOMEHJXQO-UHFFFAOYSA-N,O=C(O)C1=CC(O)=CC=C1O,gentisate,490-79-9,3350,HMDB0000152,C00628,3469,Neg
F100000454,400,18319,Amino Acid,Lysine Metabolism,NAMED,JJMDCOVWQOJGCB-UHFFFAOYSA-N,OC(CCCCN)=O,5-aminovalerate,660-88-8,135,HMDB0003355,C00431,138,Pos Early
F100000458,305,18351,Amino Acid,"Glycine, Serine and Threonine Metabolism",NAMED,UKAUYVFTDYCKQA-VKHMYHEASA-N,O=C(O)[C@@H](N)CCO,homoserine,672-15-1,12126,HMDB0000719,C00263,12647,Polar
F100000463,209,18349,Amino Acid,Tryptophan Metabolism,NAMED,XGILAAMKEQUXLS-UHFFFAOYSA-N,OC(C(O)=O)CC1=CNC2=C1C=CC=C2,indolelactate,832-97-3,83867,HMDB0000671,C02043,92904,Neg
F100000467,209,27672,Amino Acid,Tryptophan Metabolism,NAMED,BXFFHSIDQOFMLE-UHFFFAOYSA-N,O=S(OC2=CNC1=CC=CC=C12)(O)=O,3-indoxyl sulfate,2642-37-7,9840,HMDB0000682,,10258,Neg
F100000485,400,46333,Nucleotide,"Purine Metabolism, Adenine containing",NAMED,KHWCHTKSEGGWEX-UHFFFAOYSA-N,NC1=C2C(N(C3C([H])C(O)C(COP(O)(O)=O)O3)C=N2)=NC=N1,2'-deoxyadenosine 5'-monophosphate,653-63-4,601,HMDB0000905,C00360,12599,Pos Early
F100000486,400,17895,Amino Acid,Lysine Metabolism,NAMED,KLPJXDPPMSJWKI-LURJTMIESA-N,N[C@@H](CCCCNC=O)C(O)=O,N6-formyllysine,1190-48-3,64085,,,70923,Pos Early
F100000487,400,18357,Peptide,Dipeptide,NAMED,STKYPAFSDFAEPH-LURJTMIESA-N,CC(C)[C@@H](C(O)=O)NC(CN)=O,glycylvaline,1963-21-9,2006926,HMDB0028854,,2724807,Pos Early
F100000491,400,33422,Peptide,Gamma-glutamyl Amino Acid,NAMED,XHHOHZPNYFQJKL-QWRGUYRKSA-N,O=C(O)[C@H](CC1=CC=CC=C1)NC(CC[C@@H](C(O)=O)N)=O,gamma-glutamylphenylalanine,7432-24-8,99868,HMDB0000594,,111299,Pos Early
F100000551,209,22116,Amino Acid,"Leucine, Isoleucine and Valine Metabolism",NAMED,BKAJNAXTPSGJCU-UHFFFAOYSA-N,CC(C)CC(C(O)=O)=O,4-methyl-2-oxopentanoate,816-66-0,69,HMDB0000695,C00233,70,Neg
F100000631,402,19385,Lipid,Ceramides,NAMED,OBFSLMQLPNKVRW-RHPAUOISSA-N,CCCCCCCC\C=C/CCCCCCCC(N[C@@](CO)([C@](O)(/C=C/CCCCCCCCCCCCC)[H])[H])=O,N-oleoyl-sphingosine (d18:1/18:1)*,5966-28-9,4446676,HMDB0004948,,5283563,Pos Late
F100000656,209,19324,Lipid,Lysophospholipid,NAMED,MXAFDFDAIFZFET-CLBYPKMISA-N,[H]C(C(O)(C(O)([C@](O)1[H])[H])[H])([C@@](OP(O)(OC[C@@]([H])(COC(CCCCCCCCCCCCCCCCC)=O)O)=O)([C@]1(O)[H])[H])O,1-stearoyl-GPI (18:0),796963-93-4,21403067,HMDB0240261,,"7,158,113,542,607,490",Neg
F100000657,402,19130,Lipid,Phosphatidylcholine (PC),NAMED,KILNVBDSWZSGLL-KXQOOQHDSA-N,CCCCCCCCCCCCCCCC(OC[C@]([H])(COP([O-])(OCC[N+](C)(C)C)=O)OC(CCCCCCCCCCCCCCC)=O)=O,"1,2-dipalmitoyl-GPC (16:0/16:0)",63-89-8,398235,HMDB0000564,D03585,452110,Pos Late
F100000665,209,44675,Lipid,Long Chain Polyunsaturated Fatty Acid (n3 and n6),NAMED,MBMBGCFOFBJSGT-KUBAVDMBSA-N,CC\C=C/C\C=C/C\C=C/C/C=C\C/C=C\C/C=C\CCC(O)=O,docosahexaenoate (DHA; 22:6n3),6217-54-5,393183,HMDB0002183,C06429,445580,Neg
F100000700,305,21365,Carbohydrate,Aminosugar Metabolism,NAMED,NHZWETQZLORZIR-UHFFFAOYSA-N,OC(C(O)C(O)COS(=O)(O)=O)C(C=O)NC(C)=O,N-acetylglucosamine 6-sulfate,10357-00-3,3615280,HMDB0000814,C04132,440235,Polar
F100000702,305,21296,Carbohydrate,Aminosugar Metabolism,NAMED,KRCSEEITTBNSQS-UHFFFAOYSA-N,OC(C(O)COS(=O)(O)=O)C(O)C(N)C=O,glucosamine 6-sulfate,91674-26-9,2578069,HMDB0000592,,72361,Polar
F100000706,209,22132,Amino Acid,"Leucine, Isoleucine and Valine Metabolism",NAMED,LVRFTAZAXQPQHI-UHFFFAOYSA-N,OC(C(CC(C)C)O)=O,alpha-hydroxyisocaproate,10303-64-7,75520,"HMDB0000665,HMDB00746,HMDB0000624",C03264,"8,369,792,779,439,960",Neg
F100000707,305,20676,Lipid,"Fatty Acid, Dicarboxylate",NAMED,VZCYOOQTPOCHFL-UHFFFAOYSA-N,O=C(C=CC(O)=O)O,maleate,110-16-7,392248,HMDB0000176,C01384,444266,Polar
F100000708,209,44656,Amino Acid,"Leucine, Isoleucine and Valine Metabolism",NAMED,GWYFCOCPABKNJV-UHFFFAOYSA-N,CC(C)CC(O)=O,isovalerate (i5:0),503-74-2,10001,HMDB0000718,C08262,10430,Neg
F100000711,209,44620,Xenobiotics,Benzoate Metabolism,NAMED,HOFGLAYWQRGTKC-UHFFFAOYSA-N,O=S(OC1=CC=C(C(C)=O)C=C1)(O)=O,4-acetylphenol sulfate,,3872009,,,4684006,Neg
F100000715,400,48114,Amino Acid,Guanidino and Acetamido Metabolism,NAMED,CHJJGSNFBQVOTG-UHFFFAOYSA-N,N=C(N)NC,1-methylguanidine,22661-87-6,28576,HMDB0001522,C02294,10111,Pos Early
F100000743,209,22036,Lipid,"Fatty Acid, Monohydroxy",NAMED,JKRDADVRIYVCCY-UHFFFAOYSA-N,O=C(C(CCCCCC)O)O,2-hydroxyoctanoate,617-73-2,84994,HMDB0002264,,"9,418,069,950,135,310,000",Neg
F100000765,400,22177,Xenobiotics,Food Component/Plant,NAMED,JOOXCMJARBKPKM-UHFFFAOYSA-N,CC(CCC(O)=O)=O,levulinate (4-oxovalerate),123-76-2,11091,HMDB0000720,,11579,Pos Early
F100000773,209,22001,Lipid,"Fatty Acid, Monohydroxy",NAMED,NDPLAKGOSZHTPH-UHFFFAOYSA-N,OC(CC(O)=O)CCCCC,3-hydroxyoctanoate,88930-08-9,24791,HMDB0001954,C20793,26613,Neg
F100000774,209,22130,Amino Acid,Phenylalanine Metabolism,NAMED,VOXXWSYKYCBWHO-UHFFFAOYSA-N,OC(C(O)=O)CC1=CC=CC=C1,phenyllactate (PLA),828-01-3,3715,"HMDB0000779,HMDB0000563",C05607,3848,Neg
F100000776,402,44681,Lipid,"Fatty Acid Metabolism (Acyl Carnitine, Long Chain Saturated)",NAMED,XOMRRQXKHMYMOC-UHFFFAOYSA-N,[O-]C(CC(OC(CCCCCCCCCCCCCCC)=O)C[N+](C)(C)C)=O,palmitoylcarnitine (C16),6865-14-1,448,HMDB0000222,C02990,461,Pos Late
F100000787,305,22185,Amino Acid,Alanine and Aspartate Metabolism,NAMED,OTCCIMWXFLJLIA-BYPYZUCNSA-N,OC([C@@H](NC(C)=O)CC(O)=O)=O,N-acetylaspartate (NAA),"997-55-7,997-55-7",58576,HMDB0000812,C01042,65065,Polar
F100000799,400,27536,Xenobiotics,Food Component/Plant,NAMED,PSFDQSOCUJVVGF-UHFFFAOYSA-N,CC1=NC=CC2=C1NC3=C2C=CC=C3,harmane,486-84-0,4444755,HMDB0035196,C09209,5281404,Pos Early
F100000802,400,32198,Lipid,"Fatty Acid Metabolism (Acyl Carnitine, Short Chain)",NAMED,RDHQFKQIGNGIED-MRVPVSSYSA-N,C[N+](C)(C)C[C@H](OC(C)=O)CC([O-])=O,acetylcarnitine (C2),5080-50-2,5406074,HMDB0000201,C02571,7045767,Pos Early
F100000806,209,22273,Lipid,"Fatty Acid, Branched",NAMED,FGKJLKRYENPLQH-UHFFFAOYSA-N,CC(C)CCC(O)=O,isocaproate (i6:0),646-07-1,12067,HMDB00689,,12587,Neg
F100000808,305,22176,Amino Acid,"Methionine, Cysteine, SAM and Taurine Metabolism",NAMED,NOKPBJYHPHHWAN-REOHCLBHSA-N,N[C@H](C(O)=O)CSS(O)(=O)=O,cysteine s-sulfate,1637-71-4,102939,HMDB0000731,C05824,115015,Polar
F100000809,305,27680,Cofactors and Vitamins,Nicotinate and Nicotinamide Metabolism,NAMED,BLHCMGRVFXRYRN-UHFFFAOYSA-N,O=C(O)C1=CC=C(O)N=C1,6-hydroxynicotinate,5006-66-6,65756,HMDB0002658,C01020,72924,Polar
F100000827,209,21127,Lipid,Monoacylglycerol,NAMED,QHZLMUACJMDIAE-UHFFFAOYSA-N,O=C(CCCCCCCCCCCCCCC)OCC(O)CO,1-palmitoylglycerol (16:0),542-44-9,14201,HMDB0011564,,14900,Neg
F100000842,209,20698,Xenobiotics,Food Component/Plant,NAMED,KKSDGJDHHZEWEP-SNAWJCMRSA-N,OC1=CC(/C=C/C(O)=O)=CC=C1,3-hydroxycinnamate,"14755-02-3,588-30-7",553147,HMDB0001713,C12621,637541,Neg
F100000862,305,21133,Xenobiotics,Benzoate Metabolism,NAMED,FJKROLUGYXJWQN-UHFFFAOYSA-N,OC1=CC=C(C(O)=O)C=C1,4-hydroxybenzoate,99-96-7,132,HMDB0000500,C00156,135,Polar
F100000863,305,21134,Lipid,"Fatty Acid, Dicarboxylate",NAMED,WNLRTRBMVRJNCN-UHFFFAOYSA-N,OC(CCCCC(O)=O)=O,adipate (C6-DC),124-04-9,191,HMDB0000448,C06104,196,Polar
F100000869,209,21150,Xenobiotics,Food Component/Plant,NAMED,PCMORTLOPMLEFB-ONEGZZNKSA-N,OC1=C(OC)C=C(/C=C/C(O)=O)C=C1OC,sinapate,530-59-6,553361,HMDB0032616,C00482,637775,Neg
F100000870,209,21151,Xenobiotics,Food Component/Plant,NAMED,CVHZOJJKTDOEJC-UHFFFAOYSA-N,O=S(C1=CC=CC=C1C2=O)(N2)=O,saccharin,81-07-2,4959,HMDB0029723,C12283,5143,Neg
F100000873,305,20758,Xenobiotics,Food Component/Plant,NAMED,IAJILQKETJEXLJ-UHFFFAOYSA-N,OC(C(O)C(O)=O)C(O)C(O)C=O,galacturonate,91510-62-2,76444,HMDB0002545,C08348,84740,Polar
F100000882,209,21158,Lipid,"Fatty Acid, Monohydroxy",NAMED,ATRNZOYKSNPPBF-UHFFFAOYSA-N,CCCCCCCCCCCC(O)CC(O)=O,3-hydroxymyristate,3422-31-9,15252,HMDB0061656,,16064,Neg
F100000920,209,44663,Xenobiotics,Food Component/Plant,NAMED,FTVWIRXFELQLPI-UHFFFAOYSA-N,O=C1C(C(O)=CC(O)=C2)=C2OC(C3=CC=C(O)C=C3)C1,naringenin,67604-48-2,907,HMDB0002670,C00509,932,Neg
F100000923,402,21183,Lipid,Sterol,NAMED,HCXVJBMSMIARIN-MFWSXVRSSA-N,[H][C@]12[C@]3([H])CC=C4C[C@@H](O)CC[C@]4(C)[C@@]3([H])CC[C@]1(C)[C@@H]([C@@H](/C=C/C(CC)C(C)C)C)CC2,stigmasterol,83-48-7,4444352,HMDB0000937,C05442,5280794,Pos Late
F100000924,209,21184,Lipid,Monoacylglycerol,NAMED,RZRNAYUHWVFMIP-KTKRTIGZSA-N,O=C(OCC(O)CO)CCCCCCC/C=C\CCCCCCCC,1-oleoylglycerol (18:1),111-03-5,4446588,HMDB0011567,,5283468,Neg
F100000930,402,21187,Lipid,Sterol,NAMED,OSELKOCHBMDKEJ-XRPCMWTNSA-N,C[C@@]12[C@@]([H])(CC[C@@]2([C@H](C)CC/C(C(C)C)=C/C)[H])[C@@](CC=C3[C@@]4(CC[C@H](O)C3)C)([H])[C@@]4([H])CC1,fucosterol,17605-67-3,4444705,HMDB0030021,C08817,5281328,Pos Late
F100000935,209,21189,Xenobiotics,Food Component/Plant,NAMED,KZNIFHPLKGYRTM-UHFFFAOYSA-N,O=C1C(C(O)=CC(O)=C2)=C2OC(C3=CC=C(O)C=C3)=C1,apigenin,520-36-5,4444100,HMDB0002124,C01477,5280443,Neg
F100000936,305,44526,Amino Acid,"Leucine, Isoleucine and Valine Metabolism",NAMED,QHKABHOOEWYVLI-UHFFFAOYSA-N,OC(C(C(C)C)=O)=O,3-methyl-2-oxobutyrate,3715-29-5,48,HMDB0000019,C00141,49,Polar
F100000943,209,21232,Lipid,Monoacylglycerol,NAMED,UPWGQKDVAURUGE-KTKRTIGZSA-N,O=C(OC(CO)CO)CCCCCCC/C=C\CCCCCCCC,2-oleoylglycerol (18:1),3443-84-3,4478086,HMDB0011537,,5319879,Neg
F100000956,209,21239,Lipid,"Fatty Acid, Monohydroxy",NAMED,KDMSVYIHKLZKET-UHFFFAOYSA-N,OCCCCCCCC(O)=O,8-hydroxyoctanoate,764-89-6,63018,HMDB0061914,,69820,Neg
F100000963,400,22138,Amino Acid,Urea cycle; Arginine and Proline Metabolism,NAMED,XIGSAGMEBXLVJJ-YFKPBYRVSA-N,N[C@H](C(O)=O)CCCCNC(N)=O,homocitrulline,1190-49-4,58582,HMDB0000679,C02427,65072,Pos Early
F100000964,400,22166,Peptide,Dipeptide,NAMED,KOSRFJWDECSPRO-WDSKDSINSA-N,N[C@H](C(N[C@@H](CCC(O)=O)C(O)=O)=O)CCC(O)=O,alpha-glutamylglutamate,3929-61-1,388598,HMDB0028818,C01425,439500,Pos Early
F100000976,400,22171,Peptide,Dipeptide,NAMED,KZNQNBZMBZJQJO-YFKPBYRVSA-N,O=C(O)[C@H](CCC1)N1C(CN)=O,glycylproline,704-15-4,2282246,HMDB0000721,,3013625,Pos Early
F100000987,209,32506,Lipid,Monoacylglycerol,NAMED,IEPGNWMPIFDNSD-HZJYTTRNSA-N,O=C(OC(CO)CO)CCCCCCC/C=C\C/C=C\CCCCC,2-linoleoylglycerol (18:2),3443-82-1,4517636,HMDB0011538,,5365676,Neg
F100000989,400,22202,Xenobiotics,Chemical,NAMED,GSEJCLTVZPLZKY-UHFFFAOYSA-N,OCCN(CCO)CCO,triethanolamine,102-71-6,13835630,HMDB0032538,C06771,7618,Pos Early
F100001007,305,27731,Carbohydrate,Pentose Metabolism,NAMED,QXKAIJAYHKCRRA-BXXZVTAOSA-N,OC([C@H](O)[C@H](O)[C@H](O)CO)=O,ribonate,8/3/36,4574162,HMDB0000867,C01685,5460677,Polar
F100001018,209,33444,Xenobiotics,Benzoate Metabolism,NAMED,IWDCLRJOBJJRNH-UHFFFAOYSA-N,OC1=CC=C(C)C=C1,p-cresol,106-44-5,13839082,HMDB0001858,C01468,2879,Neg
F100001020,402,27553,Lipid,Sterol,NAMED,DNVPQKQSNYMLRS-APGDWVJJSA-N,O[C@H]1CC[C@]2(C)[C@@]3([H])CC[C@@]4(C)[C@@]([H])(CC[C@@]4([C@@](C)([H])/C=C/[C@@](C)([H])C(C)C)[H])C3=CC=C2C1,ergosterol,57-87-4,392539,HMDB0000878,C01694,444679,Pos Late
F100001022,305,27738,Cofactors and Vitamins,Ascorbate and Aldarate Metabolism,NAMED,JPIJQSOTBSSVTP-UHFFFAOYSA-N,O=C(O)C(O)([H])C([H])(O)CO,threonate,70753-61-6,133224,"HMDB0062620,HMDB0000943",C01620,"1,511,525,460,407",Polar
F100001026,305,27719,Carbohydrate,"Fructose, Mannose and Galactose Metabolism",NAMED,RGHNJXZEOKUKBD-MGCNEYSASA-N,O[C@H]([C@H]([C@H]([C@@H](CO)O)O)O)C(O)=O,galactonate,299-28-5,114198,HMDB0000565,"C00880,C15930","12,310,779,128,869",Polar
F100001033,402,27414,Lipid,Sterol,NAMED,KZJWDPNRJALLNS-XGEQACPASA-N,C[C@@]1([C@]([C@@H](CC[C@@H]([C@H](C)C)CC)C)([H])CC2)[C@@]2([H])[C@@](CC=C3[C@@]4(CC[C@H](O)C3)C)([H])[C@@]4([H])CC1,beta-sitosterol,83-46-5,192962,HMDB0000852,C01753,222284,Pos Late
F100001034,209,27513,Amino Acid,Tryptophan Metabolism,NAMED,SEOVTRFCIGRIMH-UHFFFAOYSA-N,OC(CC1=CNC2=C1C=CC=C2)=O,indoleacetate,"87-51-4,6505-45-9",780,HMDB0000197,C00954,802,Neg
F100001039,209,27514,Xenobiotics,Food Component/Plant,NAMED,AIONOLUJZLIMTK-AWEZNQCLSA-N,O=C1C(C(O)=CC(O)=C2)=C2O[C@H]([C@]3=CC(O)=C(OC)C=C3)C1,hesperetin,41001-90-5,65234,HMDB0005782,C01709,72281,Neg
F100001040,209,27447,Lipid,Monoacylglycerol,NAMED,WECGLUPZRHILCT-HZJYTTRNSA-N,CCCCC/C=C\C/C=C\CCCCCCCC(OCC(O)CO)=O,1-linoleoylglycerol (18:2),2277-28-3,4446589,HMDB0011568,,5283469,Neg
F100001048,209,33419,Lipid,Monoacylglycerol,NAMED,BBNYCLAREVXOSG-UHFFFAOYSA-N,OCC(CO)OC(CCCCCCCCCCCCCCC)=O,2-palmitoylglycerol (16:0),23470-00-0,110006,HMDB0011533,,123409,Neg
F100001050,402,33484,Lipid,Secondary Bile Acid Metabolism,NAMED,IOIZWEJGGCZDOL-RQDYSCIWSA-N,CC(C)CCC[C@@H](C)[C@H]1CC[C@@]2([H])[C@]3([H])[C@H](O)CC4=CC(CC[C@]4(C)[C@@]3([H])CC[C@]12C)=O,7alpha-hydroxycholestenone,3862-25-7,110306,HMDB0001993,C05455,123743,Pos Late
F100001062,209,43835,Lipid,Secondary Bile Acid Metabolism,NAMED,OEKUSRBIIZNLHZ-YXRVOZSUSA-N,C[C@H](CCC(O)=O)[C@]1([H])CC[C@@]2([H])[C@]3([H])[C@H](O)C[C@]4([H])CC(CC[C@]4(C)[C@@]3([H])C[C@H](O)[C@]12C)=O,3-dehydrocholate,2304-89-4,140376,HMDB00502,,159655,Neg
F100001063,209,31904,Lipid,Secondary Bile Acid Metabolism,NAMED,RHCPKKNRWFXMAT-RRWYKFPJSA-N,[H][C@]1([C@]2(C)[C@](CC1)([H])[C@]3([H])C(C[C@]4([H])C[C@H](O)CC[C@]4(C)[C@@]3([H])C[C@@H]2O)=O)[C@H](C)CCC(O)=O,7-ketodeoxycholate,911-40-0,163659,HMDB0000391,,188292,Neg
F100001067,209,31891,Lipid,Secondary Bile Acid Metabolism,NAMED,KIQFUORWRVZTHT-MRBXEDHFSA-N,C[C@H](CCC(O)=O)[C@]1([H])CC[C@@]2([H])[C@]3([H])CC[C@]4([H])CC(CC[C@]4(C)[C@@]3([H])CC[C@]12C)=O,dehydrolithocholate,1553-56-6,140347,HMDB00502,,5283906,Neg
F100001068,209,46336,Lipid,Secondary Bile Acid Metabolism,NAMED,JWZBXKZZDYMDCJ-IJPFKRJSSA-N,C[C@H](CCC(O)=O)[C@@]1([H])CC[C@@]2([H])[C@]3([H])CC([C@]4([H])C[C@H](O)CC[C@]4(C)[C@@]3([H])CC[C@]12C)=O,6-oxolithocholate,2393-61-5,144621,,,164960,Neg
F100001069,209,43830,Lipid,Secondary Bile Acid Metabolism,NAMED,DXOCDBGWDZAYRQ-MAODZAEWSA-N,CC1(CC2)C(CCC1C(C)CCC(O)=O)C(C(C3)=O)C2C(CC4)(C)[C@]3([H])C[C@@H]4O,7-ketolithocholate,4651-67-6,392247,HMDB0000467,,444262,Neg
F100001070,209,31906,Lipid,Secondary Bile Acid Metabolism,NAMED,MAFJMPFLJJCSTB-GPXHYDOQSA-N,[H][C@@]([C@H](C)CCC(O)=O)([C@]12C)CC[C@]1([H])[C@]3([H])C(C[C@]4([H])C[C@H](O)CC[C@]4(C)[C@@]3([H])CC2=O)=O,"7,12-diketolithocholate",517-33-9,2338317,,,3080560,Neg
F100001072,209,44644,Lipid,Secondary Bile Acid Metabolism,NAMED,MIHNUBCEFJLAGN-DMMBONCOSA-N,O=C1C[C@@]([C@](CC2)(C)[C@@]3([H])C[C@@H]2O)([H])[C@]([C@H](O)C3)([H])[C@]4([H])CC[C@@]([C@H](C)CCC(O)=O)([H])[C@]41C,12-dehydrocholate,"2458-08-4,2458-08-4",85044,HMDB00400,,6674,Neg
F100001083,209,32405,Amino Acid,Tryptophan Metabolism,NAMED,GOLXRNDWAUTYKT-UHFFFAOYSA-N,OC(CCC1=CNC2=C1C=CC=C2)=O,indolepropionate,830-96-6,3613,HMDB0002302,,3744,Neg
F100001092,400,32401,Cofactors and Vitamins,Nicotinate and Nicotinamide Metabolism,NAMED,WWNNZCOKKKDOPX-UHFFFAOYSA-N,C[N+]1=CC(C([O-])=O)=CC=C1,trigonelline (N'-methylnicotinate),535-83-1,5369,HMDB0000875,C01004,5570,Pos Early
F100001102,209,32388,Lipid,"Fatty Acid, Dicarboxylate",NAMED,TVIDDXQYHWJXFK-UHFFFAOYSA-N,OC(CCCCCCCCCCC(O)=O)=O,dodecanedioate (C12-DC),693-23-2,12213,HMDB0000623,C02678,12736,Neg
F100001103,400,33487,Amino Acid,Glutamate Metabolism,NAMED,ZGEYCCHDTIDZAE-UHFFFAOYSA-N,O=C(CCC(C(O)=O)N)OC,"glutamate, gamma-methyl ester","1499-55-4,1499-55-4",66546,HMDB0061715,,68662,Pos Early
F100001104,400,32390,Amino Acid,Tyrosine Metabolism,NAMED,CAHKINHBCWCHCF-JTQLQIEISA-N,OC1=CC=C(C[C@@H](C(O)=O)NC(C)=O)C=C1,N-acetyltyrosine,537-55-3,61606,HMDB0000866,,68310,Pos Early
F100001112,209,32457,Lipid,"Fatty Acid, Monohydroxy",NAMED,MUCMKTPAZLSKTL-UHFFFAOYSA-N,OC(CC(CCCCCCCCC)O)=O,3-hydroxylaurate,53941-38-1,85026,HMDB0000387,,94216,Neg
F100001120,209,31557,Xenobiotics,Food Component/Plant,NAMED,MXYATHGRPJZBNA-BGPDWWDRSA-N,C[C@@]12C(CC=C3C2CCC(C=C)(C)C3)[C@@](C(O)=O)(C)CCC1,isopimaric acid,5835-26-7,390596,HMDB0036811,C09118,442048,Neg
F100001121,209,31555,Cofactors and Vitamins,Vitamin B6 Metabolism,NAMED,HXACOUQIXZGNBF-UHFFFAOYSA-N,OC1=C(C(O)=O)C(CO)=CN=C1C,pyridoxate,82-82-6,6467,HMDB0000017,C00847,6723,Neg
F100001125,209,31530,Peptide,Dipeptide,NAMED,IQHUITKNHOKGFC-CSUXEGHOSA-N,N[C@@H](C(C)O)C(N[C@@H](CC1=CC=CC=C1)C(O)=O)=O,threonylphenylalanine,16875-27-7,3313819,HMDB0029068,,7010580,Neg
F100001132,209,32394,Peptide,Modified Peptides,NAMED,DTSWLLBBGHRXQH-XPUUQOCRSA-N,O=C1CC[C@@H](C(N[C@@H](C(C)C)C(O)=O)=O)N1,pyroglutamylvaline,21282-10-0,134331,,,152416,Neg
F100001143,209,31936,Lipid,"Fatty Acid, Monohydroxy",NAMED,ARJZZFJXSNJKGR-UHFFFAOYSA-N,O=C(O)CCCCC(O)CC(O)=O,3-hydroxysuberate,73141-47-6,13498677,HMDB0000325,,22328017,Neg
F100001145,209,31943,Lipid,"Fatty Acid, Monohydroxy",NAMED,OQYZCCKCJQWHIE-UHFFFAOYSA-N,OC(CC(O)CCCCCCC(O)=O)=O,3-hydroxysebacate,73141-46-5,2285525,HMDB0000350,,3017884,Neg
F100001148,209,31938,Lipid,"Fatty Acid, Monohydroxy",NAMED,YDCRNMJQROAWFT-UHFFFAOYSA-N,CC(O)CCCC(O)=O,5-hydroxyhexanoate,44843-89-2,149280,"HMDB0000409,HMDB0000525",,170748,Neg
F100001150,305,31932,Lipid,Fatty Acid Metabolism (also BCAA Metabolism),NAMED,WOMAZEJKVZLLFE-UHFFFAOYSA-N,O=C(CC)NCC(O)=O,propionylglycine,21709-90-0,89122,HMDB0000783,,98681,Polar
F100001151,209,31850,Lipid,Fatty Acid Metabolism (also BCAA Metabolism),NAMED,WPSSBBPLVMTKRN-UHFFFAOYSA-N,O=C(CNC(CCC)=O)O,butyrylglycine,20208-73-5,79766,HMDB0000808,,88412,Neg
F100001153,305,31934,Lipid,"Fatty Acid, Dicarboxylate",NAMED,OTTXIFWBPRRYOG-UHFFFAOYSA-N,O=C(O)C(O)CCCC(O)=O,2-hydroxyadipate,18294-85-4,167943,HMDB0000321,C02360,193530,Polar
F100001170,305,32397,Amino Acid,"Leucine, Isoleucine and Valine Metabolism",NAMED,ZMZQVAUJTDKQGE-UHFFFAOYSA-N,O=C(O)C(CC)CO,3-hydroxy-2-ethylpropionate,4374-62-3,164207,HMDB0000396,,188979,Polar
F100001180,209,32413,Lipid,"Fatty Acid, Monohydroxy",NAMED,JYZJYKOZGGEXSX-UHFFFAOYSA-N,OC(C(O)=O)CCCCCCCCCCCC,2-hydroxymyristate,2507-55-3,1508,HMDB0002261,C13790,1563,Neg
F100001181,209,32504,Lipid,Long Chain Polyunsaturated Fatty Acid (n3 and n6),NAMED,YUFFSWGQGVEMMI-JLNKQSITSA-N,O=C(O)CCCCC/C=C\C/C=C\C/C=C\C/C=C\C/C=C\CC,docosapentaenoate (n3 DPA; 22:5n3),2234-74-4,,"HMDB0006528,HMDB0001976",C16513,6441454,Neg
F100001182,209,32415,Lipid,Long Chain Polyunsaturated Fatty Acid (n3 and n6),NAMED,HVGRZDASOHMCSK-AVQMFFATSA-N,CCCCC/C=C/C/C=C/CCCCCCCCCCCC(O)=O,docosadienoate (22:2n6),7370-49-2,4445934,HMDB0061714,C16533,5282807,Neg
F100001193,209,32980,Lipid,Long Chain Polyunsaturated Fatty Acid (n3 and n6),NAMED,TWSWSIQAPQLDBP-CGRWFSSPSA-N,O=C(CCCCC/C=C/C/C=C/C/C=C/C/C=C/CCCCC)O,adrenate (22:4n6),2091-25-0,4445971,HMDB0002226,C16527,"52,828,445,497,181",Neg
F100001198,209,32418,Lipid,Long Chain Monounsaturated Fatty Acid,NAMED,YWWVWXASSLXJHU-WAYWQWQTSA-N,O=C(CCCCCCC/C=C\CCCC)O,myristoleate (14:1n5),544-64-9,4444564,HMDB0002000,C08322,5281119,Neg
F100001204,400,43831,Amino Acid,Histidine Metabolism,NAMED,FHQDWPCFSJMNCT-UHFFFAOYSA-N,CN1C=C(CCN)N=C1,1-methylhistamine,501-75-7,3488,HMDB0000898,C05127,3614,Pos Early
F100001207,400,32349,Amino Acid,Histidine Metabolism,NAMED,PRJKNHOMHKJCEJ-UHFFFAOYSA-N,O=C(O)CC1=CNC=N1,4-imidazoleacetate,645-65-8,86856,HMDB0002024,C02835,96215,Pos Early
F100001208,400,32350,Amino Acid,Histidine Metabolism,NAMED,ZHCKPJGJQOPTLB-UHFFFAOYSA-N,O=C(O)CC1=CN(C)C=N1,1-methyl-4-imidazoleacetate,2625-49-2,68319,HMDB0002820,C05828,75810,Pos Early
F100001211,209,32398,Lipid,"Fatty Acid, Dicarboxylate",NAMED,CXMXRPHRNRROMY-UHFFFAOYSA-N,OC(CCCCCCCCC(O)=O)=O,sebacate (C10-DC),111-20-6,5004,HMDB0000792,C08277,5192,Neg
F100001212,400,32446,Amino Acid,Guanidino and Acetamido Metabolism,NAMED,VVHOUVWJCQOYGG-UHFFFAOYSA-N,N=C(N)NC(C(O)=O)CC(O)=O,guanidinosuccinate,6133-30-8,88329,HMDB0003157,C03139,439918,Pos Early
F100001216,402,33418,Cofactors and Vitamins,Tocopherol Metabolism,NAMED,GZIFEOYASATJEH-VHFRWLAGSA-N,OC1=CC(C)=C2O[C@@](CCC[C@H](C)CCC[C@H](C)CCCC(C)C)(C)CCC2=C1,delta-tocopherol,119-13-1,83144,HMDB0002902,C14151,92094,Pos Late
F100001219,209,32453,Xenobiotics,Food Component/Plant,NAMED,ZQSIJRDFPHDXIC-UHFFFAOYSA-N,OC1=CC2=C(C(C(C3=CC=C(O)C=C3)=CO2)=O)C=C1,daidzein,486-66-8,4445025,HMDB0003312,C10208,5281708,Neg
F100001221,209,32448,Xenobiotics,Food Component/Plant,NAMED,TZBJGXHYKVUXJN-UHFFFAOYSA-N,O=C1C(C(O)=C2)=C(C=C2O)OC=C1C(C=C3)=CC=C3O,genistein,446-72-0,4444448,HMDB0003217,C06563,5280961,Neg
F100001222,402,34024,Xenobiotics,Food Component/Plant,NAMED,DXYUAIFZCFRPTH-UHFFFAOYSA-N,O=C1C2=CC(OC)=C(O)C=C2OC=C1C3=CC=C(O)C=C3,glycitein,40957-83-3,4476508,HMDB0005781,C14536,5317750,Pos Late
F100001226,209,32426,Cofactors and Vitamins,Hemoglobin and Porphyrin Metabolism,NAMED,OBHRVMZSZIDDEK-UHFFFAOYSA-N,CC1=C(CC(NC2=O)C(CC)=C2C)NC(CC3=C(CCC(O)=O)C(C)=C(CC(NC4=O)C(C)=C4CC)N3)=C1CCC(O)=O,I-urobilinogen,14684-37-8,24980,HMDB0004157,C05789,9548718,Neg
F100001229,209,33969,Lipid,Long Chain Polyunsaturated Fatty Acid (n3 and n6),NAMED,JIWBIWFOSCKQMA-LTKCOYKYSA-N,CC\C=C/C\C=C/C\C=C/C\C=C/CCCCC(O)=O,stearidonate (18:4n3),111174-40-4,4471933,HMDB0006547,C16300,5312508,Neg
F100001232,209,33968,Lipid,Medium Chain Fatty Acid,NAMED,IJBFSOLHRKELLR-FPLPWBNLSA-N,CCCCCC\C=C/CCCC(O)=O,5-dodecenoate (12:1n7),2430-94-6,4471803,HMDB0000529,,5312378,Neg
F100001253,400,33943,Amino Acid,Glutamate Metabolism,NAMED,KSMRODHGGIIXDV-YFKPBYRVSA-N,OC([C@H](CCC(N)=O)NC(C)=O)=O,N-acetylglutamine,2490-97-3,158492,HMDB0006029,C02716,182230,Pos Early
F100001254,209,33959,Amino Acid,Tryptophan Metabolism,NAMED,DZTHIGRZJZPRDV-LBPRGKRZSA-N,O=C(O)[C@@H](NC(C)=O)CC1=CNC2=C1C=CC=C2,N-acetyltryptophan,1218-34-4,610602,HMDB0013713,C03137,"439,917,700,653",Neg
F100001256,209,33950,Amino Acid,Phenylalanine Metabolism,NAMED,CBQJSKKFNMDLON-JTQLQIEISA-N,O=C(O)[C@@H](NC(C)=O)CC1=CC=CC=C1,N-acetylphenylalanine,2018-61-3,67404,HMDB0000512,C03519,74839,Neg
F100001257,400,33942,Amino Acid,Alanine and Aspartate Metabolism,NAMED,HXFOXFJUNFFYMO-BYPYZUCNSA-N,OC([C@@H](NC(C)=O)CC(N)=O)=O,N-acetylasparagine,4033-40-3,90090,HMDB0006028,,99715,Pos Early
F100001258,400,34398,Peptide,Dipeptide,NAMED,DKEXFJVMVGETOO-LURJTMIESA-N,OC([C@@H](NC(CN)=O)CC(C)C)=O,glycylleucine,869-19-2,83812,HMDB0000759,C02155,92843,Pos Early
F100001262,400,33934,Peptide,Gamma-glutamyl Amino Acid,NAMED,JPKNLFVGUZRHOB-YUMQZZPRSA-N,N[C@H](C(O)=O)CCCCNC(CC[C@@H](C(O)=O)N)=O,gamma-glutamyl-epsilon-lysine,17105-15-6,5378717,HMDB0003869,,7015685,Pos Early
F100001263,402,33955,Lipid,Lysophospholipid,NAMED,ASWBNKHCZGQVJV-UHFFFAOYSA-N,O=P(OCC[N+](C)(C)C)([O-])OCC(O)COC(CCCCCCCCCCCCCCC)=O,1-palmitoyl-GPC (16:0),17364-16-8,78064,HMDB0010382,C04102,86554,Pos Late
F100001266,400,33953,Amino Acid,Urea cycle; Arginine and Proline Metabolism,NAMED,SNEIUMQYRCDYCH-LURJTMIESA-N,O=C(O)[C@@H](NC(C)=O)CCCNC(N)=N,N-acetylarginine,155-84-0,60752,HMDB0004620,C02562,67427,Pos Early
F100001269,402,33997,Lipid,Sterol,NAMED,SGNBVLSWZMBQTH-PODYLUTMSA-N,C[C@H](CC[C@@H](C)C(C)C)[C@@]1([H])CC[C@@]2([H])[C@]3([H])CC=C4C[C@@H](O)CC[C@]4(C)[C@@]3([H])CC[C@@]21C,campesterol,474-62-4,151215,HMDB0002869,C01789,173183,Pos Late
F100001270,402,33952,Lipid,"Fatty Acid Metabolism (Acyl Carnitine, Long Chain Saturated)",NAMED,PSHXNVGSVNEJBD-UHFFFAOYSA-N,O=C(CCCCCCCCCCCCC)OC(CC([O-])=O)C[N+](C)(C)C,myristoylcarnitine (C14),18822-89-4,4932274,HMDB0005066,,6426854,Pos Late
F100001271,402,33961,Lipid,Lysophospholipid,NAMED,IHNKQIMGVNPMTC-RUZDIDTESA-N,O[C@H](COC(CCCCCCCCCCCCCCCCC)=O)COP(OCC[N+](C)(C)C)([O-])=O,1-stearoyl-GPC (18:0),19420-57-6,435389,HMDB0010384,,497300,Pos Late
F100001272,402,48258,Lipid,Lysophospholipid,NAMED,YAMUFBLWGFFICM-PTGWMXDISA-N,O[C@H](COC(CCCCCCC/C=C\CCCCCCCC)=O)COP(OCC[N+](C)(C)C)([O-])=O,1-oleoyl-GPC (18:1),19420-56-5,17240641,HMDB0002815,C03916,16081932,Pos Late
F100001275,209,33945,Peptide,Acetylated Peptides,NAMED,UTYVDVLMYQPLQB-UHFFFAOYSA-N,OC(CNC(CC1=CC=CC=C1)=O)=O,phenylacetylglycine,500-98-1,61452,HMDB0000821,C05598,68144,Neg
F100001276,209,33967,Amino Acid,"Leucine, Isoleucine and Valine Metabolism",NAMED,JDTWZSUNGHMMJM-MSZQBOFLSA-N,CC(N[C@H](C(O)=O)C(C)CC)=O,N-acetylisoleucine,3077-46-1,2081100,HMDB0061684,,306109,Neg
F100001277,209,33972,Lipid,Long Chain Monounsaturated Fatty Acid,NAMED,BBOWBNGUEWHNQZ-KTKRTIGZSA-N,O=C(O)CCCCCCCC/C=C\CCCCCCCC,10-nonadecenoate (19:1n9),73033-09-7,4471938,HMDB0013622,,5312513,Neg
F100001278,209,33971,Lipid,Long Chain Monounsaturated Fatty Acid,NAMED,GDTXICBNEOEPAZ-FPLPWBNLSA-N,O=C(O)CCCCCCCC/C=C\CCCCCC,10-heptadecenoate (17:1n7),29743-97-3,4471860,HMDB0060038,,5312435,Neg
F100001279,209,34093,Lipid,Secondary Bile Acid Metabolism,NAMED,DKPMWHFRUGMUKF-OAEKOJLISA-N,C[C@]12CC[C@@H](O)C[C@@]1([H])[C@@H](O)[C@@H](O)C3C2CC[C@@]4(C)C3CCC4C(CCC(O)=O)C,hyocholate,547-75-1,21403098,HMDB0000760,C17649,92805,Neg
F100001293,400,33946,Amino Acid,Histidine Metabolism,NAMED,KBOJOGQFRVVWBH-ZETCQYMHSA-N,OC([C@@H](NC(C)=O)CC1=CNC=N1)=O,N-acetylhistidine,39145-52-3,68142,HMDB0032055,C02997,75619,Pos Early
F100001294,400,33949,Peptide,Gamma-glutamyl Amino Acid,NAMED,ACIJGUBIMXQCMF-BYPYZUCNSA-N,O=C(O)[C@@H](N)CCC(NCC(O)=O)=O,gamma-glutamylglycine,1948-29-4,145071,HMDB0011667,,100099,Pos Early
F100001296,400,34384,Xenobiotics,Food Component/Plant,NAMED,CMUNUTVVOOHQPW-LURJTMIESA-N,C[N+]1(C)[C@H]([C@@]([O-])=O)CCC1,stachydrine,4136-37-2,103115,HMDB0004827,C10172,115244,Pos Early
F100001300,305,46537,Amino Acid,"Leucine, Isoleucine and Valine Metabolism",NAMED,NGEWQZIDQIYUNV-UHFFFAOYSA-N,OC(C(O)=O)C(C)C,alpha-hydroxyisovalerate,600-37-3,90190,HMDB0000407,,99823,Polar
F100001310,400,33013,Cofactors and Vitamins,Nicotinate and Nicotinamide Metabolism,NAMED,BUCXGWMZJBKEMD-UHFFFAOYSA-N,NC(C1=C[N+](C2C(C(C(C[O-])O2)O)O)=CC=C1)=O,nicotinamide riboside,1341-23-7,,HMDB0000855,C03150,439924,Pos Early
F100001312,400,33468,Amino Acid,Felinine Metabolism,NAMED,IFERABFGYYJODC-LURJTMIESA-N,N[C@H](C(O)=O)CSC(C)(C)CCO,felinine,471-09-0,144304,,,"534,472,164,607",Pos Early
F100001313,400,44872,Peptide,Gamma-glutamyl Amino Acid,NAMED,RQNSKRXMANOPQY-BQBZGAKWSA-N,O=C(O)[C@H](CCSC)NC(CC[C@@H](C(O)=O)N)=O,gamma-glutamylmethionine,17663-87-5,5373147,HMDB0029155,,7009567,Pos Early
F100001315,209,36103,Xenobiotics,Benzoate Metabolism,NAMED,WGNAKZGUSRVWRH-UHFFFAOYSA-N,O=S(OC1=CC=C(C)C=C1)(O)=O,p-cresol sulfate,3233-57-7,3806480,HMDB0011635,,4615423,Neg
F100001316,400,33471,Cofactors and Vitamins,Nicotinate and Nicotinamide Metabolism,NAMED,PUEDDPCUCPRQNY-ZYUZMQFOSA-N,O[C@H]([C@@H]1O)[C@@H](O[C@@H]1CO)[N@+]2=CC(C([O-])=O)=CC=C2,nicotinate ribonucleoside,2625-49-2,141635,HMDB0006809,C05841,161233,Pos Early
F100001319,209,33466,Amino Acid,Felinine Metabolism,NAMED,IWZOUBIWPYHNIH-UHFFFAOYSA-N,OC(C(CCC(NC(CSC(C)(CCO)C)C(NCC(O)=O)=O)=O)N)=O,gamma-glutamylfelinylglycine*,,21403109,,,87632550,Neg
F100001320,305,42420,Carbohydrate,Aminosugar Metabolism,NAMED,JPIJQSOTBSSVTP-PWNYCUMCSA-N,OC[C@@H](O)[C@@H](O)C(O)=O,erythronate*,88759-55-1,2061231,HMDB0000613,,2781043,Polar
F100001334,400,34387,Amino Acid,Urea cycle; Arginine and Proline Metabolism,NAMED,GNMSLDIYJOSUSW-UHFFFAOYSA-N,O=C(O)C(CCC1)N1C(C)=O,N-acetylproline,1074-79-9,285677,HMDB0094701,,322640,Pos Early
F100001335,209,33587,Lipid,Long Chain Monounsaturated Fatty Acid,NAMED,BITHHVVYSMSWAG-KTKRTIGZSA-N,O=C(O)CCCCCCCCC/C=C\CCCCCCCC,eicosenoate (20:1),,4445895,"HMDB0002231,HMDB0062436",C16526,"5,282,768,528,276,990,000",Neg
F100001337,209,34035,Lipid,Long Chain Polyunsaturated Fatty Acid (n3 and n6),NAMED,DTOSIQBPPRVQHS-PDBXOOCHSA-N,O=C(O)CCCCCCC/C=C\C/C=C\C/C=C\CC,linolenate [alpha or gamma; (18:3n3 or 6)],,4444437,"HMDB0003073,HMDB0001388","C06426,C06427","52,809,335,280,934",Neg
F100001391,402,34409,Lipid,"Fatty Acid Metabolism (Acyl Carnitine, Long Chain Saturated)",NAMED,FNPHNLNTJNMAEE-HSZRJFAPSA-N,[O-]C(C[C@@H](OC(CCCCCCCCCCCCCCCCC)=O)C[N+](C)(C)C)=O,stearoylcarnitine (C18),18822-91-8,21233653,HMDB0000848,,3006797,Pos Late
F100001395,402,34419,Lipid,Lysophospholipid,NAMED,SPJFYYJXNPEZDW-UTJQPWESSA-N,O=P(OCC(O)COC(CCCCCCC/C=C\C/C=C\CCCCC)=O)([O-])OCC[N+](C)(C)C,1-linoleoyl-GPC (18:2),,10160888,HMDB0010386,C04100,11988421,Pos Late
F100001400,400,34395,Xenobiotics,Xanthine Metabolism,NAMED,QFDRTQONISXGJA-UHFFFAOYSA-N,CN1C(NC(N2)=C(C1=O)NC2=O)=O,1-methylurate,708-79-2,62926,HMDB0003099,C16359,69726,Pos Early
F100001405,209,34389,Xenobiotics,Xanthine Metabolism,NAMED,MVOYJPOZRLFTCP-UHFFFAOYSA-N,O=C(N1C)NC2=C(NC=N2)C1=O,1-methylxanthine,6136-37-4,72464,HMDB0010738,C16358,80220,Neg
F100001411,400,35101,Xenobiotics,Food Component/Plant,NAMED,KMXXSJLYVJEBHI-UHFFFAOYSA-N,OC(CCNC(N)=N)=O,beta-guanidinopropanoate,353-09-3,61020,HMDB0013222,C03065,67701,Pos Early
F100001416,305,35172,Nucleotide,"Pyrimidine Metabolism, Orotate containing",NAMED,FKCRAVPPBFWEJD-XVFCMESISA-N,O=C(C=C(C(O)=O)N1[C@H]2[C@H](O)[C@H](O)[C@@H](CO)O2)NC1=O,orotidine,314-50-1,83729,HMDB0000788,,92751,Polar
F100001423,209,35527,Xenobiotics,Benzoate Metabolism,NAMED,ZMHLUFWWWPBTIU-UHFFFAOYSA-N,O=C(NCC(O)=O)C1=CC=C(O)C=C1,4-hydroxyhippurate,2482-25-9,133104,HMDB0013678,,151012,Neg
F100001425,209,61833,Nucleotide,"Pyrimidine Metabolism, Uracil containing",NAMED,ZPTBLXKRQACLCR-XVFCMESISA-N,OC[C@H]1O[C@@H](N2CCC(NC2=O)=O)[C@@H]([C@@H]1O)O,"5,6-dihydrouridine",5/4/27,85115,HMDB0000497,,94312,Neg
F100001429,209,34391,Lipid,Monoacylglycerol,NAMED,SVUQHVRAGMNPLW-UHFFFAOYSA-N,OCC(O)COC(CCCCCCCCCCCCCCCC)=O,1-margaroylglycerol (17:0),68002-72-2,96316,,,107036,Neg
F100001431,209,47898,Lipid,Monoacylglycerol,NAMED,QSKPZDMBULYMDQ-UHFFFAOYSA-N,O=C(CCCCCCCCCCCCCC)OCC(O)CO,1-pentadecanoylglycerol (15:0),104140-07-0,165667,,,190750,Neg
F100001435,209,34393,Lipid,Monoacylglycerol,NAMED,XQBHBEXBUZDCRY-QNEBEIHSSA-N,O=C(OCC(O)CO)CCCC\C=C/C\C=C/C\C=C/CCCCC,1-linolenoylglycerol (18:3),124151-74-2,21403134,HMDB0011569,,53480978,Neg
F100001436,402,34381,Lipid,Sphingolipid Synthesis,NAMED,KBUNOSOGGAARKZ-UHFFFAOYSA-N,OCC(N)C(CCCCCCCCCCCCCCC)=O,3-ketosphinganine,18944-28-0,611,HMDB01480,C02934,631,Pos Late
F100001446,209,35136,Nucleotide,"Pyrimidine Metabolism, Uracil containing",NAMED,DWRXFEITVBNRMK-JXOAFFINSA-N,O[C@@H]1[C@H](O)[C@@H](CO)O[C@H]1N(C=C2C)C(NC2=O)=O,5-methyluridine (ribothymidine),1463-10-1,393058,HMDB0000884,,445408,Neg
F100001451,209,36768,Lipid,Fatty Acid Metabolism (Acyl Glycine),NAMED,NYZBWOSRZJKQAI-UHFFFAOYSA-N,OC(CNC(CCCC)=O)=O,valerylglycine,24003-66-5,3924818,HMDB0000927,,4737557,Neg
F100001452,209,35107,Amino Acid,"Leucine, Isoleucine and Valine Metabolism",NAMED,ZRQXMKMBBMNNQC-UHFFFAOYSA-N,O=C(O)CNC(CC(C)C)=O,isovalerylglycine,16284-60-9,475516,HMDB00678,,546304,Neg
F100001454,209,62915,Lipid,"Fatty Acid, Dicarboxylate",NAMED,FYVQCLGZFXHEGL-UHFFFAOYSA-N,O=C(O)CC(O)CCCCCCCCC(O)=O,3-hydroxydodecanedioate*,34574-69-1,13628081,HMDB0000413,,16663321,Neg
F100001456,400,35114,Nucleotide,"Purine Metabolism, Guanine containing",NAMED,FZWGECJQACGGTI-UHFFFAOYSA-N,O=C1C(N2C)=C(N=C2)N=C(N)N1,7-methylguanine,578-76-7,10883,HMDB0000897,C02242,135398679,Pos Early
F100001458,402,34394,Lipid,Ceramides,NAMED,UCBLGIBMIAFISC-CQLAPORSSA-N,CCCCCCCCCCCCC/C=C/[C@@H](O)[C@@H](NC(CCC)=O)CO,N-butyroyl-sphingosine (d18:1/4:0),,4642919,,,5702612,Pos Late
F100001461,402,42398,Lipid,Lysophospholipid,NAMED,BBYWOYAFBUOUFP-JOCHJYFZSA-N,O=P(OCC[NH3+])([O-])OC[C@H](O)COC(CCCCCCCCCCCCCCCCC)=O,1-stearoyl-GPE (18:0),69747-55-3,7826018,HMDB0011130,,9547068,Pos Late
F100001462,209,34437,Lipid,Lysophospholipid,NAMED,HFJVKBVEKQHVTO-OZAIVSQSSA-N,O=P(OCC(O)CO)(O)OC[C@H](O)COC(CCCCCCCCCCCCCCCCC)=O,1-stearoyl-GPG (18:0),,21403138,,,,Neg
F100001468,209,40469,Cofactors and Vitamins,Nicotinate and Nicotinamide Metabolism,NAMED,JLQSXXWTCJPCBC-UHFFFAOYSA-N,O=C(C1=C([H])N(C(C([H])=C1[H])=O)C([H])([H])[H])N([H])[H],N1-methyl-2-pyridone-5-carboxamide,701-44-0,62899,HMDB0004193,C05842,69698,Neg
F100001472,209,35174,Lipid,Long Chain Polyunsaturated Fatty Acid (n3 and n6),NAMED,UNSRRHDPHVZAHH-YOILPLPUSA-N,O=C(O)CCC\C=C/C/C=C\C/C=C\CCCCCCCC,mead acid (20:3n9),20590-32-3,4471956,HMDB0010378,,5312531,Neg
F100001477,402,35149,Lipid,Monoacylglycerol,NAMED,HPTOSMWVVSKAGZ-KTKRTIGZSA-N,CCCCCCCC\C=C/CCCCCCCCCC(OCC(O)CO)=O,1-eicosenoylglycerol (20:1),55355-34-5,21403139,,,11033741,Pos Late
F100001485,400,34456,Peptide,Gamma-glutamyl Amino Acid,NAMED,SNCKGJWJABDZHI-SIPWABPFSA-N,CCC(C)[C@@H](C(O)=O)NC(CC[C@@H](C(O)=O)N)=O,gamma-glutamylisoleucine*,,21403145,HMDB0011170,,22885096,Pos Early
F100001491,400,37123,Carbohydrate,Aminosugar Metabolism,NAMED,FDJKUWYYUZCUJX-UHFFFAOYSA-N,OC(C1(O)OC(C(NC(CO)=O)C(C1)O)C(C(CO)O)O)=O,N-glycolylneuraminate,1113-83-3,3794850,HMDB0000833,C03410,123802,Pos Early
F100001501,402,35160,Lipid,"Fatty Acid Metabolism (Acyl Carnitine, Monounsaturated)",NAMED,IPOLTUVFXFHAHI-WHIOSMTNSA-N,[O-]C(C[C@@H](OC(CCCCCCC/C=C\CCCCCCCC)=O)C[N+](C)(C)C)=O,oleoylcarnitine (C18:1),38677-66-6,21403150,HMDB0005065,,6441392,Pos Late
F100001502,400,37092,Peptide,Gamma-glutamyl Amino Acid,NAMED,FUZOZPRKGAXGOB-UHFFFAOYSA-N,O=C(O)C(CCC(NC(CC)C(O)=O)=O)N,gamma-glutamyl-2-aminobutyrate,16869-42-4,21403151,,,,Pos Early
F100001510,209,32553,Amino Acid,Tyrosine Metabolism,NAMED,CTYRPMDGLDAWRQ-UHFFFAOYSA-N,OS(OC1=CC=CC=C1)(=O)=O,phenol sulfate,937-34-8,67018,HMDB0060015,C02180,74426,Neg
F100001526,400,37059,Lipid,Fatty Acid Synthesis,NAMED,ZGNBLKBZJBJFDG-UHFFFAOYSA-N,O=C(CC(O)=O)OC(CC([O-])=O)C[N+](C)(C)C,malonylcarnitine,853728-01-5,21403153,HMDB0002095,,22833583,Pos Early
F100001527,209,35436,Lipid,Fatty Acid Metabolism (Acyl Glycine),NAMED,UPCKIPHSXMXJOX-UHFFFAOYSA-N,O=C(O)CNC(CCCCC)=O,hexanoylglycine,24003-67-6,89859,HMDB0000701,,99463,Neg
F100001540,400,46225,Partially Characterized Molecules,Partially Characterized Molecules,NAMED,NPWMTBZSRRLQNJ-UHFFFAOYSA-N,O=C(CCC1N)NC1=O,glutamine_degradant*,2353-44-8,,,,,Pos Early
F100001541,209,36746,Amino Acid,"Leucine, Isoleucine and Valine Metabolism",NAMED,RILPIWOPNGRASR-UHFFFAOYSA-N,O=C(C(C(CC)C)O)O,2-hydroxy-3-methylvalerate,488-15-3,144317,HMDB0000317,,164623,Neg
F100001542,209,35630,Xenobiotics,Food Component/Plant,NAMED,KSEBMYQBYZTDHS-HWKANZROSA-N,COC1=CC(/C=C/C(O)=O)=CC=C1O,ferulate,537-98-4,393368,HMDB0000954,C01494,445858,Neg
F100001562,209,35253,Lipid,Lysophospholipid,NAMED,NEGQHKSYEYVFTD-HSZRJFAPSA-N,OC[C@](OC(CCCCCCCCCCCCCCC)=O)([H])COP(OCC[N+](C)(C)C)([O-])=O,2-palmitoyl-GPC (16:0)*,,21403165,HMDB0061702,,15061532,Neg
F100001567,402,35631,Lipid,Lysophospholipid,NAMED,YVYMBNSKXOXSKW-HXUWFJFHSA-N,O=P(OCC[NH3+])([O-])OC[C@H](O)COC(CCCCCCCCCCCCCCC)=O,1-palmitoyl-GPE (16:0),53862-35-4,7826019,HMDB0011503,,9547069,Pos Late
F100001569,402,35628,Lipid,Lysophospholipid,NAMED,PYVRVRFVLRNJLY-MZMPXXGTSA-N,O=P(OCC[NH3+])([O-])OC[C@H](O)COC(CCCCCCC\C=C/CCCCCCCC)=O,1-oleoyl-GPE (18:1),89576-29-4,7826021,HMDB0011506,,9547071,Pos Late
F100001570,402,36600,Lipid,Lysophospholipid,NAMED,DBHKHNGBVGWQJE-HZJYTTRNSA-N,O=P(OCC(O)COC(CCCCCCC/C=C\C/C=C\CCCCC)=O)(O)OCCN,1-linoleoyl-GPE (18:2)*,,21403170,HMDB0011507,,52925130,Pos Late
F100001571,209,35186,Lipid,Lysophospholipid,NAMED,ROPRRXYVXLDXQO-XSQXPFHXSA-N,NCCOP(OC[C@@](O)([H])COC(CCC\C=C/C\C=C/C/C=C\C/C=C\CCCCC)=O)(O)=O,1-arachidonoyl-GPE (20:4n6)*,,21403171,HMDB0011517,,42607465,Neg
F100001577,209,48434,Amino Acid,Urea cycle; Arginine and Proline Metabolism,NAMED,WMQMIOYQXNRROC-LURJTMIESA-N,OC([C@@H](NC(C)=O)CCCNC(N)=O)=O,N-acetylcitrulline,33965-42-3,571213,HMDB0000856,"C15532,C02851",656979,Neg
F100001579,209,35675,Lipid,"Fatty Acid, Monohydroxy",NAMED,JGHSBPIZNUXPLA-UHFFFAOYSA-N,O=C(O)C(O)CCCCCCCCCCCCCC,2-hydroxypalmitate,764-67-0,83805,HMDB0031057,,"125,759,649,283,611,000,000",Neg
F100001580,209,37478,Lipid,Long Chain Polyunsaturated Fatty Acid (n3 and n6),NAMED,AVKOENOBFIYBSA-WMPRHZDHSA-N,OC(CC/C=C\C/C=C\C/C=C\C/C=C\C/C=C\CCCCC)=O,docosapentaenoate (n6 DPA; 22:5n6),25182-74-5,4945614,HMDB0001976,C16513,6441454,Neg
F100001586,305,46957,Cofactors and Vitamins,Ascorbate and Aldarate Metabolism,NAMED,RGHNJXZEOKUKBD-NRXMZTRTSA-N,OC([C@H](O)[C@H](O)[C@H](O)[C@@H](O)CO)=O,gulonate*,20246-53-1,7969943,HMDB0003290,C00800,152304,Polar
F100001590,209,35437,Amino Acid,"Leucine, Isoleucine and Valine Metabolism",NAMED,DCICDMMXFIELDF-UHFFFAOYSA-N,O=C(O)CNC(C(C)C)=O,isobutyrylglycine,15926-18-8,9030891,HMDB0000730,,10855600,Neg
F100001591,209,35434,Xenobiotics,Benzoate Metabolism,NAMED,YEIQSAXUPKPPBN-UHFFFAOYSA-N,O=C(O)CNC(CCC1=CC=CC=C1)=O,phenylpropionylglycine,56613-60-6,134261,HMDB0000860,,152323,Neg
F100001604,209,35322,Xenobiotics,Drug - Topical Agents,NAMED,FPXPQMOQWJZYBL-UHFFFAOYSA-N,OC1=CC=C(C=C1)OS(=O)(O)=O,hydroquinone sulfate,123-31-9,141624,HMDB0240263,C00530,161220,Neg
F100001605,209,35320,Xenobiotics,Benzoate Metabolism,NAMED,MZPWKJZDOCIALD-UHFFFAOYSA-N,O=S(OC1=C(O)C=CC=C1)(O)=O,catechol sulfate,4918-96-1,2341024,HMDB0059724,,3083879,Neg
F100001606,305,35324,Lipid,Sterol,NAMED,BHYOQNUELFTYRT-UHFFFAOYSA-N,CC1(C2C(C)CCCC(C)C)C(CC2)C(CC=C3C4(CCC(OS(=O)(O)=O)C3)C)C4CC1,cholesterol sulfate,2864-50-8,4371550,HMDB00653,C18043,65076,Polar
F100001609,209,36776,Lipid,Sterol,NAMED,SATGKQGFUDXGAX-MYWFJNCASA-N,O=C(C(CCC[C@H]([C@H]1CC[C@H]2[C@H]3[C@@H]([C@]4(C)C(C[C@H]3O)=CC(CC4)=O)CC[C@@]21C)C)C)O,7alpha-hydroxy-3-oxo-4-cholestenoate (7-Hoca),115538-85-7,2338765,HMDB0012458,C17337,3081085,Neg
F100001612,209,35665,Amino Acid,Glutamate Metabolism,NAMED,OPVPGKGADVGKTG-UHFFFAOYSA-N,CC(NC(C(NC(CCC(O)=O)C(O)=O)=O)CC(O)=O)=O,N-acetyl-aspartyl-glutamate (NAAG),3106-85-2,5065,HMDB0001067,C12270,188803,Neg
F100001613,209,35669,Lipid,"Fatty Acid, Dicarboxylate",NAMED,HQHCYKULIHKCEB-UHFFFAOYSA-N,O=C(O)CCCCCCCCCCCCC(O)=O,tetradecanedioate (C14-DC),821-38-5,12630,HMDB0000872,,13185,Neg
F100001614,209,35678,Lipid,"Fatty Acid, Dicarboxylate",NAMED,QQHJDPROMQRDLA-UHFFFAOYSA-N,O=C(O)CCCCCCCCCCCCCCC(O)=O,hexadecanedioate (C16-DC),505-54-4,10027,HMDB0000672,C19615,10459,Neg
F100001617,209,42395,Lipid,"Fatty Acid, Dicarboxylate",NAMED,LWBHHRRTOZQPDM-UHFFFAOYSA-N,O=C(O)CCCCCCCCCC(O)=O,undecanedioate (C11-DC),1852-04-6,15037,HMDB0000888,,15816,Neg
F100001618,209,35625,Lipid,Monoacylglycerol,NAMED,DCBSHORRWZKAKO-UHFFFAOYSA-N,O=C(CCCCCCCCCCCCC)OCC(O)CO,1-myristoylglycerol (14:0),75685-84-6,71382,HMDB0011561,C01885,10957631,Neg
F100001619,400,48857,Lipid,Glycerolipid Metabolism,NAMED,LLCSXHMJULHSJN-UHFFFAOYSA-N,OC(CO)COP(O)(OCC(CO)O)=O,glycerophosphoglycerol,,388990,HMDB0240316,C03274,54575349,Pos Early
F100001620,400,37455,Lipid,Phospholipid Metabolism,NAMED,JZNWSCPGTDBMEW-UHFFFAOYSA-N,O=P(OCCN)(O)OCC(CO)O,glycerophosphoethanolamine,33049-08-0,110410,HMDB0000114,C01233,123874,Pos Early
F100001621,400,52307,Lipid,Phospholipid Metabolism,NAMED,BMVUIWJCUQSHLZ-GFSNQTMESA-N,[H]C(C(O)(C(O)([C@](O)1[H])[H])[H])([C@@](OP(O)(OC[C@@]([H])(CO)O)=O)([C@]1(O)[H])[H])O,glycerophosphoinositol*,16824-65-0,,,,167572,Pos Early
F100001622,209,35632,Xenobiotics,Benzoate Metabolism,NAMED,ZHMMPVANGNPCBW-UHFFFAOYSA-N,CC(C1=CC=C(O)C=C1)C(O)=O,2-(4-hydroxyphenyl)propionate,938-96-5,92601,HMDB0041683,C03080,102526,Neg
F100001623,209,35634,Xenobiotics,Benzoate Metabolism,NAMED,CJBDUOMQLFKVQC-UHFFFAOYSA-N,OC1=C(C=CC=C1)CCC(O)=O,3-(2-hydroxyphenyl)propionate,495-78-3,850,HMDB0033752,C01198,6930705,Neg
F100001624,209,35635,Xenobiotics,Benzoate Metabolism,NAMED,QVWAEZJXDYOKEH-UHFFFAOYSA-N,O=C(CCC1=CC(O)=CC=C1)O,3-(3-hydroxyphenyl)propionate,621-54-5,89,HMDB0000375,C11457,91,Neg
F100001634,209,35639,Xenobiotics,Food Component/Plant,NAMED,WKOLLVMJNQIZCI-UHFFFAOYSA-N,OC1=CC=C(C(O)=O)C=C1OC,vanillate,121-34-6,8155,HMDB0000484,C06672,8468,Neg
F100001635,400,35651,Xenobiotics,Chemical,NAMED,WQXNXVUDBPYKBA-YFKPBYRVSA-N,O=[C@](O)[C@H]1N=C(C)NCC1,ectoine,96702-03-3,112069,HMDB0240650,C06231,126041,Pos Early
F100001655,209,35305,Lipid,Lysophospholipid,NAMED,UOXRPRZMAROFPH-AQFLIPHUSA-N,[H]C(C(O)(C(O)([C@](O)1[H])[H])[H])([C@@](OP(O)(OC[C@@]([H])(COC(CCCCCCCCCCCCCCC)=O)O)=O)([C@]1(O)[H])[H])O,1-palmitoyl-GPI (16:0),,,HMDB0061695,,71296207,Neg
F100001658,209,36850,Lipid,Secondary Bile Acid Metabolism,NAMED,HSNPMXROZIQAQD-VUIPEFFGSA-N,C[C@@]([C@]([C@@](CC1)([H])[C@@]2([H])[C@](CC3)(C)[C@]1([H])C[C@@H]3OS(=O)(O)=O)(CC4)[H])(CC2)[C@]4([H])[C@H](C)CCC(NCCS(O)(=O)=O)=O,taurolithocholate 3-sulfate,64936-83-0,389078,HMDB0002580,C03642,440071,Neg
F100001662,400,36747,Lipid,Carnitine Metabolism,NAMED,JHPNVNIEXXLNTR-UHFFFAOYSA-N,C[N+](C)(C)CCCC([O-])=O,deoxycarnitine,6249-56-5,705,HMDB0001161,C01181,22620,Pos Early
F100001668,400,61868,Amino Acid,Histidine Metabolism,NAMED,AHPWEWASPTZMEK-UHFFFAOYSA-N,OCC(O1)C(O)C(O)C1N2C=NC(CC(O)=O)=C2,1-ribosyl-imidazoleacetate*,29605-99-0,4292299,HMDB0002331,C05131,440569,Pos Early
F100001675,209,36770,Xenobiotics,Food Component/Plant,NAMED,NGSWKAQJJWESNS-ZZXKWVIFSA-N,OC(/C=C/C1=CC=C(C=C1)O)=O,4-hydroxycinnamate,501-98-4,553148,HMDB0002035,C00811,637542,Neg
F100001679,305,36764,Xenobiotics,Food Component/Plant,NAMED,SLWWJZMPHJJOPH-UHFFFAOYSA-N,O=C(C1=CC(C(C(O)C1)O)=O)O,3-dehydroshikimate,2922-42-1,79,,C02637,439774,Polar
F100001689,402,35879,Xenobiotics,Food Component/Plant,NAMED,NSFSLUUZQIAOOX-UHFFFAOYSA-N,CC(/C(N1)=C/C(C(CC)=C/2C)=NC2=C/C(N3)=C4C=C)=C(C(C5C(OC)=O)=O)C1=C5C(C(C/6C)CCC(O)=O)=NC6=C/C3=C4C,pheophorbide A,15664-29-6,,,C18021,253193,Pos Late
F100001718,209,35892,Xenobiotics,Benzoate Metabolism,NAMED,IBHWREHFNDMRPR-UHFFFAOYSA-N,O=C(O)C1=C(O)C=C(O)C=C1O,"2,4,6-trihydroxybenzoate",83-30-7,59891,HMDB0029649,,66520,Neg
F100001721,305,36751,Amino Acid,Lysine Metabolism,NAMED,VEYYWZRYIYDQJM-ZETCQYMHSA-N,OC([C@H](CCCCN)NC(C)=O)=O,N2-acetyllysine,1946-82-3,83869,HMDB0000446,C12989,92907,Polar
F100001725,209,36774,Xenobiotics,Food Component/Plant,NAMED,ADFCQWZHKCXPAJ-UHFFFAOYSA-N,OC1=CC=C2C(OCC(C3=CC=C(O)C=C3)C2)=C1,equol,"94105-90-5,531-95-3",339332,HMDB0002209,C14131,91469,Neg
F100001730,305,62952,Lipid,"Fatty Acid, Dihydroxy",NAMED,DZAIOXUZHHTJKN-UHFFFAOYSA-N,O=C(CC(CO)O)O,"3,4-dihydroxybutyrate",51267-44-8,,HMDB0000337,,150929,Polar
F100001734,305,36752,Amino Acid,Lysine Metabolism,NAMED,DTERQYGMUDWYAZ-ZETCQYMHSA-N,N[C@@H](CCCCNC(C)=O)C(O)=O,N6-acetyllysine,692-04-6,83801,HMDB0000206,C02727,92832,Polar
F100001739,209,35718,Lipid,Long Chain Polyunsaturated Fatty Acid (n3 and n6),NAMED,AHANXAKGNAKFSK-PDBXOOCHSA-N,CC\C=C/C\C=C/C\C=C/CCCCCCCCCC(O)=O,dihomo-linolenate (20:3n3 or n6),17046-59-2,4471954,HMDB0002925,C03242,5280581,Neg
F100001740,305,46142,Carbohydrate,"Fructose, Mannose and Galactose Metabolism",NAMED,FBPFZTCFMRRESA-UHFFFAOYSA-N,OCC(O)C(O)C(O)C(O)CO,mannitol/sorbitol,,440,"HMDB0000247,HMDB0000765","C00392,C00794","57,806,251",Polar
F100001743,400,37097,Amino Acid,Tryptophan Metabolism,NAMED,AOHCBEAZXHZMOR-ZDUSSCGKSA-N,O=C([O-])[C@@H]([N@+](C)(C)C)CC1=CNC2=C1C=CC=C2,tryptophan betaine,20671-76-5,390633,HMDB0061115,C09213,442106,Pos Early
F100001755,209,36098,Xenobiotics,Benzoate Metabolism,NAMED,IETVQHUKTKKBFF-UHFFFAOYSA-N,O=S(OC1=CC=C(C=C)C=C1)(O)=O,4-vinylphenol sulfate,2628-17-3,4932200,HMDB0062775,C05627,6426766,Neg
F100001756,209,36099,Xenobiotics,Benzoate Metabolism,NAMED,DWZGLEPNCRFCEP-UHFFFAOYSA-N,O=S(OC1=CC=C(CC)C=C1)(O)=O,4-ethylphenylsulfate,123-07-9,,HMDB0062551,C13637,20822574,Neg
F100001767,209,48428,Xenobiotics,Food Component/Plant,NAMED,VTYFITADLSVOAS-UHFFFAOYSA-N,NC(C(O)=O)CCCCN1C(C=O)=CC=C1CO,pyrraline,74509-14-1,19980286,HMDB0033143,C21013,14274616,Neg
F100001768,400,36713,Carbohydrate,Advanced Glycation End-product,NAMED,NUXSIDPKKIEIMI-UHFFFAOYSA-N,OC(CNCCCCC(C(O)=O)N)=O,N6-carboxymethyllysine,4/3/46,11217184,HMDB0240347,,123800,Pos Early
F100001769,209,37458,Amino Acid,Lysine Metabolism,NAMED,XCYPSOHOIAZISD-UHFFFAOYSA-N,OC(C(C)NCCCCC(C(O)=O)N)=O,N6-carboxyethyllysine,3/2/46,11312319,,,23400779,Neg
F100001777,209,36602,Lipid,Lysophospholipid,NAMED,UGDOFRYHDCDVHD-JCASDCETSA-N,[H]C(C(O)(C(O)([C@](O)1[H])[H])[H])([C@@](OP(O)(OC[C@@]([H])(COC(CCCCCCC/C=C\CCCCCCCC)=O)O)=O)([C@]1(O)[H])[H])O,1-oleoyl-GPI (18:1),,,HMDB0061693,,86289645,Neg
F100001778,209,36594,Lipid,Lysophospholipid,NAMED,SAHCQBPGXQFTRA-WNOZMNFTSA-N,[H]C(C(O)(C(O)([C@](O)1[H])[H])[H])([C@@](OP(O)(OC[C@@]([H])(COC(CCCCCCC/C=C\C/C=C\CCCCC)=O)O)=O)([C@]1(O)[H])[H])O,1-linoleoyl-GPI (18:2)*,,,HMDB0240597,,11124828,Neg
F100001790,400,36659,Peptide,Dipeptide,NAMED,KGVHCTWYMPWEGN-MSZQBOFLSA-N,OC([C@@H](NC(CN)=O)C(C)CC)=O,glycylisoleucine,19461-38-2,19972556,HMDB0028844,,259613,Pos Early
F100001805,400,37070,Nucleotide,Purine and Pyrimidine Metabolism,NAMED,CAAULPUQFIIOTL-UHFFFAOYSA-N,O=P(O)(O)OC,methylphosphate,7023-27-0,12578,HMDB61711,,13130,Pos Early
F100001810,400,36808,Amino Acid,Urea cycle; Arginine and Proline Metabolism,NAMED,YDGMGEXADBMOMJ-LURJTMIESA-N,N[C@@H](CCCNC(N(C)C)=N)C(O)=O,dimethylarginine (SDMA + ADMA),102783-24-4,110375,"HMDB0003334,HMDB0001539","C21189,C03626","123,831,169,148",Pos Early
F100001816,400,57394,Xenobiotics,Food Component/Plant,NAMED,WLLINEYHMTWOHL-XKSSXDPKSA-N,O[C@]([C@H]1N(CC1)C[C@@H](O)[C@@H](C(O)=O)NCCCC(O)=O)=O,deoxymugineic acid,74235-24-8,32816053,,,,Pos Early
F100001819,209,37116,Xenobiotics,Food Component/Plant,NAMED,GMICVRNSOOSANN-UHFFFAOYSA-N,OC(C(O)=C(C1=CC=C(O)C=C1)O2)C3=C2C=C(O)C=C3O,dihydrokaempferol,"480-20-6,5150-32-3",,HMDB0030847,C00974,122850,Neg
F100001823,400,37069,Amino Acid,Alanine and Aspartate Metabolism,NAMED,GDFAOVXKHJXLEI-VKHMYHEASA-N,C[C@H](NC)C(O)=O,N-methylalanine,600-21-5,4450824,HMDB0094692,C02721,4377,Pos Early
F100001827,402,61857,Xenobiotics,Food Component/Plant,NAMED,CQIKWXUXPNUNDV-HOIIHFJFSA-N,O=C1[C@H]([C@](OC)=O)C(C([C@@H](CCC(OC/C=C(C)/CCC[C@@H](C)CCC[C@@H](C)CCCC(C)C)=O)[C@@H]/2C)=NC2=C/C3=C(C)C(C=C)=C4N3)=C(N/C5=C\C(C(CC)=C/6C)=NC6=C/4)C1=C5C,pheophytin A,603-17-8,,,C05797,135398712,Pos Late
F100001851,305,37076,Amino Acid,"Glycine, Serine and Threonine Metabolism",NAMED,JJIHLJJYMXLCOY-BYPYZUCNSA-N,OC[C@@H](C(O)=O)NC(C)=O,N-acetylserine,97-14-3,58744,HMDB0002931,,65249,Polar
F100001869,402,42450,Lipid,Phosphatidylcholine (PC),NAMED,PSVRFUPOQYJOOZ-QNPWAGBNSA-N,C[N+](C)(CCOP([O-])(OC[C@@]([H])(COC(CCCCCCCCCCCCCCCCC)=O)OC(CCC/C=C\C/C=C\C/C=C\C/C=C\CCCCC)=O)=O)C,1-stearoyl-2-arachidonoyl-GPC (18:0/20:4),35418-59-8,17347139,HMDB0008048,,16219824,Pos Late
F100001870,402,42449,Lipid,Phosphatidylethanolamine (PE),NAMED,HBZNVZIRJWODIB-NHCUFCNUSA-N,O=C(CCCCCCC/C=C\C/C=C\CCCCC)O[C@@H](COP(OCCN)(O)=O)COC(CCCCCCCCCCCCCCC)=O,1-palmitoyl-2-linoleoyl-GPE (16:0/18:2),,7825697,HMDB0005322,,9546747,Pos Late
F100001882,402,52234,Lipid,Hexosylceramides (HCER),NAMED,YMYQEDCYNANIPI-OQRGLTFYSA-N,OC1C(CO)OC(OC[C@H](NC(CCCCCCCCCCCCCCCCC)=O)[C@H](O)/C=C/CCCCCCCCCCCCC)C(O)C1O,glycosyl-N-stearoyl-sphingosine (d18:1/18:0),,,,,,Pos Late
F100001890,400,37093,Peptide,Dipeptide,NAMED,RDIKFPRVLJLMER-UHFFFAOYSA-N,NC(C)C(NC(CC(C)C)C(O)=O)=O,alanylleucine,1638-60-4,227831,HMDB0028691,,259583,Pos Early
F100001919,209,37091,Xenobiotics,Food Component/Plant,NAMED,JMSVCTWVEWCHDZ-UHFFFAOYSA-N,O=C(C1=CC(OC)=C(O)C(OC)=C1)O,syringic acid,530-57-4,10289,HMDB0002085,C10833,10742,Neg
F100001940,400,37434,Nucleotide,"Pyrimidine Metabolism, Cytidine containing",NAMED,RYVNIFSIEDRLSJ-UHFFFAOYSA-N,NC1=NC(NC=C1CO)=O,5-hydroxymethylcytosine,1123-95-1,63916,,,70751,Pos Early
F100001950,402,32586,Cofactors and Vitamins,Hemoglobin and Porphyrin Metabolism,NAMED,BPYKTIZUTYGOLE-VVCLLGATSA-N,CC(C(N/1)=O)=C(C=C)C1=C/C2=C(C)C(CCC(O)=O)=C(CC3=C(CCC(O)=O)C(C)=C(/C=C4NC(C(C=C)=C\4C)=O)N3)N2,"bilirubin (E,E)*",,4474753,HMDB0240584,,129320511,Pos Late
F100001956,400,37431,Amino Acid,Urea cycle; Arginine and Proline Metabolism,NAMED,CWLQUGTUXBXTLF-UHFFFAOYSA-N,O=C(O)C1N(C)CCC1,N-methylproline,475-11-6,541,HMDB0094696,,643474,Pos Early
F100001977,402,57591,Cofactors and Vitamins,Vitamin A Metabolism,NAMED,DMASLKHVQRHNES-QQGJMDNJSA-N,CC1=C(/C=C/C(C)=C/C=C/C(C)=C/C=C/C=C(C)/C=C/C=C(C)/C=C/C2=C(C)CCCC2(C)C)C(C)(C)CC(O)C1,beta-cryptoxanthin,472-70-8,4904571,HMDB0033844,C08591,5281235,Pos Late
F100001979,402,37502,Cofactors and Vitamins,Tocopherol Metabolism,NAMED,RZFHLOLGZPDCHJ-XZXLULOTSA-N,OC1=C(C)C(C)=C(O[C@@](CC/C=C(C)/CC/C=C(C)/CC/C=C(C)/C)(C)CC2)C2=C1C,alpha-tocotrienol,58864-81-6,4445512,HMDB0006327,C14153,5282347,Pos Late
F100001981,402,37501,Cofactors and Vitamins,Tocopherol Metabolism,NAMED,OTXNTMVVOOBZCV-WAZJVIJMSA-N,OC1=C(C)C(C)=C(O[C@@](CC/C=C(C)/CC/C=C(C)/CC/C=C(C)/C)(C)CC2)C2=C1,gamma-tocotrienol,14101-61-2,4445514,HMDB0012958,C14155,5282349,Pos Late
F100001990,209,32807,Lipid,Secondary Bile Acid Metabolism,NAMED,OEDITLKCLMKBOM-UHFFFAOYSA-N,O=S(OC1CCC2(C)C(CCC3C2CCC4(C)C3CCC4C(CCC(NCCS(=O)(O)=O)=O)C)=C1)(O)=O,taurocholenate sulfate*,,,,,,Neg
F100001993,209,32562,Lipid,Pregnenolone Steroids,NAMED,RKYCGXFEFAPXIP-BWUXAKENSA-N,C[C@@]12C(CCC3C2CC[C@@]4(C)C3CCC4C(OS(=O)(O)=O)C)=CC(OS(=O)(O)=O)CC1,pregnenediol disulfate (C21H34O8S2)*,,,,,,Neg
F100002010,209,37197,Lipid,Progestin Steroids,NAMED,ZIVKBPVUJZDVBI-QVJYZEJASA-N,C[C@@]12[C@](CCC3C2CC[C@@]4(C)C3CCC4[C@@](C)([H])O)([H])C[C@@H](OS(=O)(O)=O)CC1,"5alpha-pregnan-3beta,20beta-diol monosulfate (2)",,,,,,Neg
F100002015,209,46172,Lipid,Progestin Steroids,NAMED,LSQGWMYMIHQKSA-UHFFFAOYSA-N,CC(OS(=O)(O)=O)C1CCC2C3CCC4CC(OS(=O)(O)=O)CCC4(C)C3CCC21C,5alpha-pregnan-diol disulfate,,4302261,"HMDB0240581,HMDB0240582",,"30,822,775,127,902",Neg
F100002016,209,37201,Lipid,Progestin Steroids,NAMED,LSQGWMYMIHQKSA-JVBFLMSSSA-N,C[C@@]12[C@](CCC3C2CC[C@@]4(C)C3CCC4C(C)OS(=O)(O)=O)([H])C[C@H](OS(=O)(O)=O)CC1,"5alpha-pregnan-3alpha,20beta-diol disulfate",,,,,,Neg
F100002035,209,37480,Lipid,Progestin Steroids,NAMED,MENQCIVHHONJLU-PSLKZVIBSA-N,C[C@@]12C(CCC2C(C)=O)C3CC[C@@]4([H])C[C@@H](OS(=O)(O)=O)CC[C@]4(C)C3CC1,"5alpha-pregnan-3beta-ol,20-one sulfate",7730-00-9,,,,,Neg
F100002051,209,37442,Xenobiotics,Food Component/Plant,NAMED,MWOOGOJBHIARFG-UHFFFAOYSA-N,COC1=CC(C([H])=O)=CC=C1O,vanillin,121-33-5,13860434,HMDB0012308,C00755,1183,Neg
F100002070,400,37253,Lipid,"Fatty Acid, Dicarboxylate",NAMED,HWXBTNAVRSUOJR-UHFFFAOYSA-N,O=C(O)CCC(O)C(O)=O,2-hydroxyglutarate,40951-21-1,42,HMDB0059655,C02630,43,Pos Early
F100002082,400,37426,Amino Acid,Urea cycle; Arginine and Proline Metabolism,NAMED,SNDPXSYFESPGGJ-UHFFFAOYSA-N,NC(CCC)C(O)=O,norvaline,760-78-1,801,HMDB0013716,C01826,824,Pos Early
F100002094,209,44876,Cofactors and Vitamins,Tocopherol Metabolism,NAMED,VMJQLPNCUPGMNQ-UHFFFAOYSA-N,OC1=C(C)C(C)=C(OC(C)(CCC(O)=O)CC2)C2=C1,gamma-CEHC,178167-75-4,117455,HMDB0001931,,133098,Neg
F100002102,305,37432,Nucleotide,"Pyrimidine Metabolism, Uracil containing",NAMED,LJLLAWRMBZNPMO-UHFFFAOYSA-N,CC(NCCC(O)=O)=O,N-acetyl-beta-alanine,3025-95-4,68881,HMDB0061880,C01073,76406,Polar
F100002107,402,37506,Lipid,Sphingomyelins,NAMED,RWKUXQNLWDTSLO-GWQJGLRPSA-N,CCCCCCCCCCCCCCCC(N[C@@](COP([O-])(OCC[N+](C)(C)C)=O)([C@](O)(/C=C/CCCCCCCCCCCCC)[H])[H])=O,palmitoyl sphingomyelin (d18:1/16:0),6254-89-3,8115562,HMDB0010169,,9939941,Pos Late
F100002109,305,37284,Xenobiotics,Food Component/Plant,NAMED,OWEGMIWEEQEYGQ-UCFFOQEWSA-N,O[C@H]1[C@H](O)[C@@H](CO)O[C@H](OC[C@@H]2[C@@H](O)[C@H](O)[C@@H](O)[C@@H](O[C@@H]3[C@@H](CO)OC(O)[C@H](O)[C@H]3O)O2)[C@@H]1O,panose,33401-87-5,,HMDB0029937,C00713,94448,Polar
F100002113,400,37443,Amino Acid,"Methionine, Cysteine, SAM and Taurine Metabolism",NAMED,ADVPTQAUNPRNPO-UHFFFAOYSA-N,O=C(C(CS(O)=O)N)O,cysteine sulfinic acid,207121-48-0,107,HMDB0000996,C00606,109,Pos Early
F100002125,209,38167,Lipid,Androgenic Steroids,NAMED,CYOKWIRWUPICBO-RHSBWSHKSA-N,O=C1CCC([C@]1(C)C2)C3CC[C@]4([H])C[C@H](OS(=O)(O)=O)CC[C@]4(C)C3C2=O,11-ketoetiocholanolone sulfate,,,,,,Neg
F100002129,209,38170,Lipid,Pregnenolone Steroids,NAMED,DIJBBUIOWGGQOP-QGVNFLHTSA-N,C[C@]12CC[C@H](OS(=O)(O)=O)CC1=CC[C@@]3([H])[C@]4([H])CC[C@H]([C@](C)=O)[C@](C)4CC[C@]23[H],pregnenolone sulfate,1247-64-9,94802,HMDB0000774,C18044,105074,Neg
F100002144,209,38105,Xenobiotics,Food Component/Plant,NAMED,PUETUDUXMCLALY-HOTGVXAUSA-N,OC1=CC=C(C[C@@H](CO)[C@H](CO)CC2=CC=C(O)C(OC)=C2)C=C1OC,secoisolariciresinol,29388-59-8,58845,HMDB0013692,C18167,65373,Neg
F100002171,209,37419,Lipid,Lysophospholipid,NAMED,RVNBVQKDPQVSOY-NRFANRHFSA-N,O=P(OCCN)(O)OC[C@@H](O)COC(CCCCCCCCCCCCCCCC)=O,1-margaroyl-GPE (17:0)*,,,HMDB0061691,,52925149,Neg
F100002196,209,37752,Lipid,"Fatty Acid, Monohydroxy",NAMED,HNICUWMFWZBIFP-IRQZEAMPSA-N,OC(CCCCCCC/C=C\C=C\[C@H](CCCCC)O)=O,13-HODE + 9-HODE,,,"HMDB0004670,HMDB0004667","C14767,C14762","53,128,305,282,945,100,000,000,000,000,000",Neg
F100002199,209,62919,Lipid,"Fatty Acid, Dicarboxylate",NAMED,LGDMAFABHAIORE-DUXPYHPUSA-N,O=C(O)CCCCCC/C=C/CCCC(O)=O,tridecenedioate (C13:1-DC)*,,,,,,Neg
F100002204,400,43256,Amino Acid,Histidine Metabolism,NAMED,FKTXRTPBUWLETL-UHFFFAOYSA-N,O=C(O)C(NC(C)=O)CC1=CN=CN1C,N-acetyl-3-methylhistidine*,37841-04-6,19993498,HMDB0240341,,193270,Pos Early
F100002206,209,48188,Cofactors and Vitamins,Tocopherol Metabolism,NAMED,AXODOWFEFKOVSH-UHFFFAOYSA-N,OC1=C(C)C(C)=C(OC(C)(CCC(O)=O)CC2)C2=C1C,alpha-CEHC,4072-32-6,8119154,HMDB0001518,,9943542,Neg
F100002227,402,38125,Lipid,Sterol,NAMED,NYOXRYYXRWJDKP-UHFFFAOYSA-N,CC12C(CCC3C2CCC4(C)C3CCC4C(CCCC(C)C)C)=CC(CC1)=O,4-cholesten-3-one,601-57-0,427,HMDB0000921,C00599,91477,Pos Late
F100002249,400,43530,Amino Acid,Lysine Metabolism,NAMED,RMOIHHAKNOFHOE-UHFFFAOYSA-N,O=C(C)NCCCCCN,N-acetyl-cadaverine,32343-73-0,,HMDB0002284,,10374713,Pos Early
F100002253,209,38637,Xenobiotics,Food Component/Plant,NAMED,YAADMLWHGMUGQL-VOTSOKGWSA-N,O=C(NCC(O)=O)/C=C/C1=CC=CC=C1,cinnamoylglycine,16534-24-0,618829,HMDB0011621,,709625,Neg
F100002254,402,38625,Lipid,Endocannabinoid,NAMED,OTGQIQQTPXJQRG-UHFFFAOYSA-N,OCCNC(CCCCCCCCCCCCCCCCC)=O,stearoyl ethanolamide,111-57-9,25958,HMDB0013078,,27902,Pos Late
F100002284,305,62950,Lipid,"Fatty Acid, Dihydroxy",NAMED,LOUGYXZSURQALL-GBXIJSLDSA-N,C[C@@H](O)[C@H](O)C(O)=O,"2S,3R-dihydroxybutyrate",5057-93-2,9139682,HMDB0002453,,10964471,Polar
F100002285,305,62951,Lipid,"Fatty Acid, Dihydroxy",NAMED,UFYGCFHQAXXBCF-UHFFFAOYSA-N,OCCC(O)C(O)=O,"2,4-dihydroxybutyrate",1518-62-3,167259,HMDB0000360,,192742,Polar
F100002300,400,38159,Nucleotide,"Pyrimidine Metabolism, Cytidine containing",NAMED,LUCHPKXVUGJYGU-XLPZGREQSA-N,O[C@H]1C[C@H](N2C=C(C)C(N)=NC2=O)O[C@@H]1CO,5-methyl-2'-deoxycytidine,838-07-3,389065,HMDB0002224,C03592,440055,Pos Early
F100002313,209,38286,Xenobiotics,Food Component/Plant,NAMED,MIJYXULNPSFWEK-GTOFXWBISA-N,C[C@@]1(C)CC[C@]2([C@](O)=O)CC[C@@]3(C)[C@]4(C)CC[C@@]5([H])[C@](C)(C)[C@@H](O)CC[C@]5(C)[C@@]4([H])CC=C3[C@]2([H])C1,oleanolate,508-02-1,10062,HMDB0002364,C17148,10494,Neg
F100002324,400,47897,Xenobiotics,Drug - Other,NAMED,GBFLZEXEOZUWRN-UHFFFAOYSA-N,OC(CSCC(N)C(O)=O)=O,S-carboxymethyl-cysteine,638-23-3,1050,HMDB0029415,C03727,193653,Pos Early
F100002328,402,38288,Cofactors and Vitamins,Tocopherol Metabolism,NAMED,ZAKOWWREFLAJOT-UHFFFAOYSA-N,CC(OC1=C(C)C(C)=C(OC(C)(CCCC(C)CCCC(C)CCCC(C)C)CC2)C2=C1C)=O,alpha-tocopherol acetate,7695-31-2,2033,HMDB0034227,C13202,2117,Pos Late
F100002344,209,38293,Lipid,"Fatty Acid, Branched",NAMED,ZOCYQVNGROEVLU-UHFFFAOYSA-N,CC(C)CCCCCCCCCCCC(O)=O,(12 or 13)-methylmyristate (a15:0 or i15:0),2485-71-4,133106,HMDB0061707,,151014,Neg
F100002356,209,38296,Lipid,"Fatty Acid, Branched",NAMED,YETXGSGCWODRAA-UHFFFAOYSA-N,OC(CCCCCCCCCCCCCCCC(C)C)=O,(16 or 17)-methylstearate (a19:0 or i19:0),2724-59-6,2340933,HMDB0037397,,3083779,Neg
F100002367,305,63109,Lipid,"Fatty Acid, Dihydroxy",NAMED,LOUGYXZSURQALL-PWNYCUMCSA-N,OC([C@H](O)[C@H](O)C)=O,"2R,3R-dihydroxybutyrate",759-06-8,17215960,HMDB0000498,,13120901,Polar
F100002382,400,38109,Xenobiotics,Food Component/Plant,NAMED,CDAWCLOXVUBKRW-UHFFFAOYSA-N,NC1=CC=CC=C1O,2-aminophenol,95-55-6,5596,,C01987,5801,Pos Early
F100002385,209,40464,Xenobiotics,Food Component/Plant,NAMED,LISFMEBWQUVKPJ-UHFFFAOYSA-N,O=C1C=CC2=CC=CC=C2N1,2-hydroxyquinoline,59-31-4,5816,,C06338,6038,Neg
F100002398,400,38183,Xenobiotics,Food Component/Plant,NAMED,NQRYJNQNLNOLGT-UHFFFAOYSA-N,C1CNCCC1,piperidine,110-89-4,7791,HMDB0034301,C01746,8082,Pos Early
F100002417,305,38276,Xenobiotics,Food Component/Plant,NAMED,JTEYKUFKXGDTEU-UHFFFAOYSA-N,OC(C(O)C(C)(O)C)=O,"2,3-dihydroxyisovalerate",1756-18-9,657,HMDB0012141,C04039,677,Polar
F100002458,305,57747,Amino Acid,"Leucine, Isoleucine and Valine Metabolism",NAMED,WKRBKYFIJPGYQC-DUXPYHPUSA-N,OC(C/C(C)=C/C(O)=O)=O,3-methylglutaconate,5746-90-7,1267861,HMDB0000522,,1551553,Polar
F100002462,400,43582,Amino Acid,Lysine Metabolism,NAMED,OWGKYELXGFKIHH-MYLOADSESA-N,O[C@@H]1[C@@H](O)[C@@H](O)[C@@H](CO)OC1OC(CCC(N)C(O)=O)CN,5-(galactosylhydroxy)-lysine,32448-36-5,,,,66995551,Pos Early
F100002488,209,57577,Lipid,Secondary Bile Acid Metabolism,NAMED,RUDATBOHQWOJDD-DNMBCGTGSA-N,O=C(O)CC[C@@H](C)[C@H]1CC[C@@]2([H])[C@]3([H])[C@@H](O)C[C@]4([H])C[C@@H](O)CC[C@]4(C)[C@@]3([H])CC[C@@]21C,isoursodeoxycholate,78919-26-3,113205,HMDB0000686,C17662,127601,Neg
F100002500,400,43493,Amino Acid,Histidine Metabolism,NAMED,NRXIKWMTVXPVEF-BYPYZUCNSA-N,OC([C@@H](NC=N)CCC(O)=O)=O,formiminoglutamate,816-90-0,388370,HMDB0000854,C00439,439233,Pos Early
F100002514,305,40473,Amino Acid,Histidine Metabolism,NAMED,VWFWNXQAMGDPGG-UHFFFAOYSA-N,O=C1NC(C(CCC(O)=O)N1)=O,hydantoin-5-propionate,5624-26-0,761,HMDB0001212,C05565,782,Polar
F100002528,209,46960,Xenobiotics,Chemical,NAMED,QAOWNCQODCNURD-UHFFFAOYSA-N,OS(O)(=O)=O,sulfate*,14808-79-8,1086,HMDB01448,C00059,5152822,Neg
F100002530,402,57561,Lipid,Sterol,NAMED,RIVQQZVHIVNQFH-XJZYBRFWSA-N,O[C@@H]1CC[C@@]2(C)[C@@](C[C@@H](O)[C@]3([H])[C@]2([H])C[C@H](O)[C@@]4(C)[C@@]3([H])CC[C@]4([H])[C@H](C)CCCC(C)C)([H])C1,"3alpha,7alpha,12alpha-trihydroxy-5beta-cholestane",547-96-6,141053,HMDB0001457,C05454,160520,Pos Late
F100002557,209,40006,Amino Acid,Creatine Metabolism,NAMED,RHYBFKMFHLPQPH-UHFFFAOYSA-N,O=C(NC1=O)N(C1)C,N-methylhydantoin,616-04-6,62430,HMDB0003646,C02565,69217,Neg
F100002568,209,40173,Cofactors and Vitamins,Hemoglobin and Porphyrin Metabolism,NAMED,TYOWQSLRVAUSMI-WKULSOCRSA-N,OC(CCC1=C(C(CC(C(C2C)CC)NC2=O)=N/C1=C/C(NC(CC(C(C3CC)C)NC3=O)=C4C)=C4CCC(O)=O)C)=O,L-urobilin,34217-90-8,4444369,HMDB0240259,C05793,5280818,Neg
F100002569,402,40084,Cofactors and Vitamins,Hemoglobin and Porphyrin Metabolism,NAMED,DOKCNDVEPDZOJQ-MBTHVWNTSA-N,OC(CCC1=C(C(CC(C(C)=C2C=C)NC2=O)=N\C1=C/C(NC(CC(C(CC)=C3C)NC3=O)=C4C)=C4CCC(O)=O)C)=O,D-urobilin,3947-38-4,,HMDB04161,C05795,5280820,Pos Late
F100002613,209,63061,Cofactors and Vitamins,Pantothenate and CoA Metabolism,NAMED,OTOIIPJYVQJATP-BYPYZUCNSA-N,OC([C@H](O)C(C)(C)CO)=O,pantoate,470-29-1,388387,HMDB0240389,C00522,5289105,Neg
F100002619,305,53237,Carbohydrate,Pentose Metabolism,NAMED,HSNZZMHEPUFJNZ-SHUUEZRQSA-N,OCC([C@@H](O)[C@H](O)[C@H](O)[C@H](O)CO)=O,sedoheptulose,3019-74-7,4573620,HMDB0003219,C02076,5459879,Polar
F100002744,400,38672,Nucleotide,"Purine Metabolism, Guanine containing",NAMED,CLGFIVUFZRGQRP-UHFFFAOYSA-N,NC1=NC(NC(N2)=O)=C2C(N1)=O,8-hydroxyguanine,5614-64-2,58661,HMDB0002032,C20155,135420630,Pos Early
F100002745,400,52353,Peptide,Dipeptide,NAMED,NAKUGCPAQTUSBE-IUCAKERBSA-N,O=C([C@H](CC1=CN=CN1)NC2=O)N3[C@@]2([H])CCC3,cyclo(his-pro),53109-32-3,395717,HMDB0002053,,"44,909,465,137",Pos Early
F100002749,400,39592,Amino Acid,"Methionine, Cysteine, SAM and Taurine Metabolism",NAMED,IDIDJDIHTAOVLG-VKHMYHEASA-N,OC([C@H](CSC)N)=O,S-methylcysteine,1187-84-4,22826,HMDB0002108,,"24,417,705,817,488,100",Pos Early
F100002769,400,57461,Amino Acid,Urea cycle; Arginine and Proline Metabolism,NAMED,BMFMQGXDDJALKQ-BYPYZUCNSA-N,N=C(N)NCCC[C@H](O)C(O)=O,argininate*,157-07-3,140984,HMDB0003148,,160437,Pos Early
F100002773,402,39788,Xenobiotics,Food Component/Plant,NAMED,JVKYZPBMZPJNAJ-OQFNDJACSA-N,O[C@H](C1)CC[C@@]2(C)C1=CC[C@]3([H])[C@]2([H])CC[C@@]4(C)[C@@]3([H])C[C@@]5([H])[C@]4([H])[C@H](C)[C@]6([H])N5C[C@@H](C)CC6,solanidine,80-78-4,59150,HMDB0003236,C06543,65727,Pos Late
F100002806,209,38686,Xenobiotics,Drug - Neurological,NAMED,UGJMXCAKCUNAIE-UHFFFAOYSA-N,NCC1(CCCCC1)CC(O)=O,gabapentin,60142-96-3,3328,HMDB0005015,D00332,3446,Neg
F100002868,402,39792,Lipid,Lysophospholipid,NAMED,UIINDYGXBHJQHX-GDLZYMKVSA-N,CCCCCCCCCCCCCCCCCCCCCC(OC[C@H](COP([O-])(OCC[N+](C)(C)C)=O)O)=O,1-behenoyl-GPC (22:0),125146-65-8,,HMDB0010398,,24779479,Pos Late
F100002887,209,39611,Xenobiotics,Food Component/Plant,NAMED,SBHXYTNGIZCORC-UHFFFAOYSA-N,OC1=CC(C2CC(C3=C(O)C=C(O)C=C3O2)=O)=CC=C1O,eriodictyol,552-58-9,10624,HMDB0005810,C05631,440735,Neg
F100002910,400,62946,Amino Acid,Histidine Metabolism,NAMED,UJCGYTCAMOHYCG-UHFFFAOYSA-N,O=C(O)CC1=CN=CN1C,1-methyl-5-imidazoleacetate,4200-48-0,4954265,HMDB04988,,6451814,Pos Early
F100002912,209,39378,Lipid,Secondary Bile Acid Metabolism,NAMED,BHTRKEVKTKCXOH-BWIGJTJCSA-N,O=C(NCCS(=O)(O)=O)CC[C@@H](C)C1CC[C@@]2([H])[C@]3([H])[C@@H](O)CC4C[C@H](O)CC[C@]4(C)[C@@]3([H])CC[C@@]21C,tauroursodeoxycholate,14605-22-2,24539842,HMDB0000874,,9848818,Neg
F100002913,209,57573,Lipid,Secondary Bile Acid Metabolism,NAMED,BHQCQFFYRZLCQQ-QQODLWJBSA-N,C[C@@]12[C@](CCC2[C@H](C)CCC(O)=O)([H])[C@]3([H])[C@@H](O)C[C@]4([H])C[C@H](O)CC[C@]4(C)[C@@]3([H])C[C@@H]1O,ursocholate,2955-27-3,,HMDB0000917,C17644,122340,Neg
F100002914,209,39587,Xenobiotics,Benzoate Metabolism,NAMED,NMHMNPHRMNGLLB-UHFFFAOYSA-N,OC1=CC=C(CCC(O)=O)C=C1,3-(4-hydroxyphenyl)propionate,501-97-3,9965,HMDB0002199,C01744,10394,Neg
F100002945,209,38768,Lipid,"Fatty Acid, Branched",NAMED,IIUXHTGBZYEGHI-UHFFFAOYSA-N,CC(CCCCCCCCCCCCCC(O)=O)C,(14 or 15)-methylpalmitate (a17:0 or i17:0),,,HMDB0061859,C16995,"818,117,903,417",Neg
F100002959,209,40474,Xenobiotics,Food Component/Plant,NAMED,SCZVLDHREVKTSH-UHFFFAOYSA-N,O=C1C2=C(O)C=C(O)C=C2OC(C3=CC(OC)=C(O)C=C3)=C1,chrysoeriol (3'-O-methylluteolin),491-71-4,4444263,HMDB0030667,C04293,5280666,Neg
F100002989,402,46798,Lipid,Diacylglycerol,NAMED,BLZVZPYMHLXLHG-RQOIEFAZSA-N,CCCCCCCC/C=C\CCCCCCCC(OCC(CO)OC(CCCCCCC/C=C\C/C=C\CCCCC)=O)=O,oleoyl-linoleoyl-glycerol (18:1/18:2) [1],106292-55-1,23975985,HMDB0007219,,14275396,Pos Late
F100002990,402,46799,Lipid,Diacylglycerol,NAMED,GREDRAMJRDQWEJ-LTEAFHAISA-N,CCCCCCCC/C=C\CCCCCCCC(OCC(COC(CCCCCCC/C=C\C/C=C\CCCCC)=O)O)=O,oleoyl-linoleoyl-glycerol (18:1/18:2) [2],104346-53-4,29788004,HMDB0007219,,71433693,Pos Late
F100003000,402,39270,Lipid,Lysoplasmalogen,NAMED,QYTPGOPLNFESQC-RLHAVTDZSA-N,O=P(OCC[NH3+])([O-])OC[C@H](O)CO/C=C/CCCCCCCCCCCCCC,1-(1-enyl-palmitoyl)-GPE (P-16:0)*,,10471193,HMDB0011152,,,Pos Late
F100003001,402,39271,Lipid,Lysoplasmalogen,NAMED,KACDZDULGKPXHT-BIHRDVDLSA-N,O=P(OCC[NH3+])([O-])OC[C@H](O)CO/C=C/CCCCCCCCCCCCCCCC,1-(1-enyl-stearoyl)-GPE (P-18:0)*,,,HMDB0240598,,,Pos Late
F100003070,209,39626,Xenobiotics,Food Component/Plant,NAMED,HVDGDHBAMCBBLR-WMLDXEAASA-N,O=C1OC[C@H](CC2=CC(O)=CC=C2)[C@H]1CC3=CC(O)=CC=C3,enterolactone,78473-71-9,8860823,HMDB0006101,C18165,114739,Neg
F100003072,209,39630,Xenobiotics,Food Component/Plant,NAMED,DWONJCNDULPHLV-UHFFFAOYSA-N,OCC(CC1=CC(O)=CC=C1)C(CO)CC2=CC(O)=CC=C2,enterodiol,80226-00-2,110294,HMDB0005056,C18166,123725,Neg
F100003109,209,40479,Xenobiotics,Food Component/Plant,NAMED,ILGMGHZPXRDCCS-UHFFFAOYSA-N,O=C(NC1=C2C=CC=C1)C2CC(O)=O,2-oxindole-3-acetate,2971-31-5,2338343,HMDB0035514,,3080590,Neg
F100003119,209,39732,Lipid,Endocannabinoid,NAMED,KOGRJTUIKPMZEJ-KTKRTIGZSA-N,O=C(CCCCCCC/C=C\CCCCCCCC)NCCS(O)(=O)=O,N-oleoyltaurine,52514-04-2,4941625,,,6437033,Neg
F100003151,402,46223,Lipid,"Fatty Acid Metabolism (Acyl Carnitine, Polyunsaturated)",NAMED,MJLXQSQYKZWZCB-DQFWFXSYSA-N,[O-]C(C[C@H](C[N+](C)(C)C)OC(CCCCCCC/C=C\C/C=C\CCCCC)=O)=O,linoleoylcarnitine (C18:2)*,36816-10-1,4952667,HMDB0006469,,6450015,Pos Late
F100003160,400,42994,Peptide,Dipeptide,NAMED,ARPVSMCNIDAQBO-UHFFFAOYSA-N,OC(C(NC(C(N)CCC(N)=O)=O)CC(C)C)=O,glutaminylleucine,,,HMDB0028801,,44232492,Pos Early
F100003169,209,40008,Peptide,Dipeptide,NAMED,UCGDDTHMMVWVMV-UHFFFAOYSA-N,O=C(C(C(CC)C)N)NCC(O)=O,isoleucylglycine,868-28-0,303621,HMDB0028907,,342532,Neg
F100003179,400,40010,Peptide,Dipeptide,NAMED,HSQGMTRYSIHDAC-UHFFFAOYSA-N,O=C(C(CC(C)C)N)NC(C)C(O)=O,leucylalanine,7298-84-2,227625,HMDB0028922,,81721,Pos Early
F100003183,400,48189,Peptide,Dipeptide,NAMED,JYOAXOMPIXKMKK-UHFFFAOYSA-N,O=C(C(CC(C)C)N)NC(CCC(N)=O)C(O)=O,leucylglutamine*,,3511125,HMDB0028927,,4305457,Pos Early
F100003185,400,40045,Peptide,Dipeptide,NAMED,LESXFEZIFXFIQR-UHFFFAOYSA-N,O=C(C(CC(C)C)N)NCC(O)=O,leucylglycine,686-50-0,71402,HMDB0028929,,79070,Pos Early
F100003196,400,40020,Peptide,Dipeptide,NAMED,ATIPDCIQTUXABX-UHFFFAOYSA-N,O=C(C(CCCCN)N)NC(CC(C)C)C(O)=O,lysylleucine,7369-79-1,3870665,HMDB0028955,,4682588,Pos Early
F100003210,400,39994,Peptide,Dipeptide,NAMED,XCTHZFGSVQBHBW-UHFFFAOYSA-N,O=C(C(C(C)C)N)NC(CC(C)C)C(O)=O,valylleucine,22906-55-4,312586,HMDB0029131,,352039,Pos Early
F100003235,209,40011,Xenobiotics,Food Component/Plant,NAMED,YCVPRTHEGLPYPB-VOTSOKGWSA-N,OC1=CC(/C=C/C2=CC=CC=C2)=CC(O)=C1,pinosylvin,22139-77-1,4444110,,C01745,5280457,Neg
F100003236,209,40088,Xenobiotics,Food Component/Plant,NAMED,JVIXPWIEOVZVJC-BQYQJAHWSA-N,COC1=CC(/C=C/C2=CC=CC=C2)=CC(O)=C1,pinosylvin monomethylether,35302-70-6,4445035,,C10276,5281719,Neg
F100003239,209,39835,Lipid,Endocannabinoid,NAMED,LPDJCYFKKSLKRO-UHFFFAOYSA-N,O=C(NCCS(=O)(O)=O)CCCCCCCCCCCCCCC,N-palmitoyltaurine,83982-06-3,14435932,,,14504290,Neg
F100003240,209,39730,Lipid,Endocannabinoid,NAMED,LMIJIHJZVURGQK-UHFFFAOYSA-N,O=C(CCCCCCCCCCCCCCCCC)NCCS(=O)(O)=O,N-stearoyltaurine,63155-80-6,147194,,,168274,Neg
F100003260,400,40007,Amino Acid,Glutamate Metabolism,NAMED,SRGQUICKDUQCKO-UHFFFAOYSA-N,O=C(CCCNCCC(O)=O)O,carboxyethyl-GABA,3/2/86,2474,HMDB0002201,,2572,Pos Early
F100003286,209,40448,Xenobiotics,Food Component/Plant,NAMED,HMUJXQRRKBLVOO-UHFFFAOYSA-N,O=C1CC(C2=CC=C(OC)C=C2)OC3=CC(O)=CC(O)=C31,ponciretin,480-43-3,4293046,,,25201019,Neg
F100003365,400,57565,Cofactors and Vitamins,Thiamine Metabolism,NAMED,VUTBELPREDJDDH-UHFFFAOYSA-N,OCC1=CN=C(C)N=C1N,hydroxymethylpyrimidine,73-67-6,756,,C01279,777,Pos Early
F100003397,400,40406,Lipid,Phospholipid Metabolism,NAMED,UYPYRKYUKCHHIB-UHFFFAOYSA-N,C[N+](C)([O-])C,trimethylamine N-oxide,1184-78-7,1113,HMDB0000925,C01104,1145,Pos Early
F100003415,400,62860,Amino Acid,Lysine Metabolism,NAMED,PQNASZJZHFPQLE-LURJTMIESA-N,O=C([C@H](CCCCNC)N)O,N6-methyllysine,1188-07-4,144469,HMDB0002038,C02728,164795,Pos Early
F100003429,209,40478,Xenobiotics,Food Component/Plant,NAMED,UXOJWGSGKUYMIA-UHFFFAOYSA-N,OC1=CC(OC2)=C(C=C1)CC2C3=CC=C(OS(=O)(O)=O)C=C3,equol sulfate,,23936050,,,,Neg
F100003432,209,40481,Xenobiotics,Food Component/Plant,NAMED,BOLQJTPHPSDZHR-UHFFFAOYSA-N,O=C(CCC1=CC=C(O)C(OC)=C1)O,dihydroferulate,1135-23-5,13701,HMDB0062121,,14340,Neg
F100003434,400,40730,Amino Acid,Histidine Metabolism,NAMED,ZCKYOWGFRHAZIQ-UHFFFAOYSA-N,OC(CCC1=CN=CN1)=O,imidazole propionate,1074-59-5,63798,HMDB0002271,,70630,Pos Early
F100003493,209,41515,Amino Acid,Tyrosine Metabolism,NAMED,YCCILVSKPBXVIP-UHFFFAOYSA-N,OC1=CC=C(CCO)C=C1,tyrosol,501-94-0,9964,HMDB0004284,C06044,10393,Neg
F100003518,400,42008,Peptide,Dipeptide,NAMED,QXRNAOYBCYVZCD-UHFFFAOYSA-N,O=C(C(C)N)NC(CCCCN)C(O)=O,alanyllysine,68973-27-3,3343483,HMDB0028692,,4130575,Pos Early
F100003542,209,42027,Peptide,Dipeptide,NAMED,FRJIAZKQGSCKPQ-UHFFFAOYSA-N,O=C(C(C)NC(C(CC1=CN=CN1)N)=O)O,histidylalanine,16874-75-2,312232,HMDB0028878,,101180,Neg
F100003556,400,42006,Peptide,Dipeptide,NAMED,QOOWRKBDDXQRHC-UHFFFAOYSA-N,O=C(C(CCCCN)N)NC(C)C(O)=O,lysylalanine,17043-71-9,3319994,HMDB0028944,,4106167,Pos Early
F100003588,400,41370,Peptide,Dipeptide,NAMED,GLUBLISJVJFHQS-UHFFFAOYSA-N,O=C(CNC(C(CC1=CC=CC=C1)N)=O)O,phenylalanylglycine,721-90-4,88678,HMDB0028995,,6992304,Pos Early
F100003589,400,41374,Peptide,Dipeptide,NAMED,MIDZLCFIAINOQN-WPRPVWTQSA-N,O=C([C@H](C)NC([C@H](CC1=CC=CC=C1)N)=O)O,phenylalanylalanine,3918-87-4,4589716,HMDB0028988,,5488196,Pos Early
F100003598,209,41375,Peptide,Dipeptide,NAMED,HPYDSVWYXXKHRD-UHFFFAOYSA-N,O=C(CNC(C(CC1=CC=C(C=C1)O)N)=O)O,tyrosylglycine,673-05-5,227627,HMDB0029105,,7021854,Neg
F100003609,400,43028,Peptide,Dipeptide,NAMED,UYKREHOKELZSPB-UHFFFAOYSA-N,O=C(CNC(C(CC1=CNC2=C1C=CC=C2)N)=O)O,tryptophylglycine,7360-09-0,231453,HMDB0029083,,263471,Pos Early
F100003640,400,42079,Peptide,Dipeptide,NAMED,XXDVDTMEVBYRPK-UHFFFAOYSA-N,O=C(C(C(C)C)N)NC(CCC(N)=O)C(O)=O,valylglutamine,42854-54-6,4419671,HMDB0029125,,5253209,Pos Early
F100003641,400,40475,Peptide,Dipeptide,NAMED,IOUPEELXVYPCPG-UHFFFAOYSA-N,O=C(C(C(C)C)N)NCC(O)=O,valylglycine,686-43-1,120256,HMDB0029127,,136487,Pos Early
F100003674,400,40703,Peptide,Dipeptide,NAMED,RNKSNIBMTUYWSH-YFKPBYRVSA-N,O=[C@]([C@H]1NCCC1)NCC(O)=O,prolylglycine,2578-57-6,4932143,HMDB0011178,,6426709,Pos Early
F100003678,400,40731,Peptide,Dipeptide,NAMED,RWCOTTLHDJWHRS-YUMQZZPRSA-N,O=[C@]([C@H]1NCCC1)N2CCC[C@H]2[C@](O)=O,prolylproline,20488-28-2,9797341,HMDB0011180,,263469,Pos Early
F100003686,209,42092,Lipid,Fatty Acid Metabolism (Acyl Glycine),NAMED,KVTFEOAKFFQCCX-UHFFFAOYSA-N,O=C(CCCCCCCCCCCCCCC)NCC(O)=O,N-palmitoylglycine,2441-41-0,133100,HMDB0013034,,151008,Neg
F100003687,209,40467,Lipid,Fatty Acid Metabolism (Acyl Glycine),NAMED,HPFXACZRFJDURI-KTKRTIGZSA-N,O=C(CCCCCCC/C=C\CCCCCCCC)NCC(O)=O,N-oleoylglycine,2601-90-3,4941514,HMDB0013631,,6436908,Neg
F100003695,305,62864,Xenobiotics,Food Component/Plant,NAMED,RGHNJXZEOKUKBD-MBMOQRBOSA-N,O=C([C@H]([C@H]([C@@H]([C@@H](CO)O)O)O)O)O,mannonate*,642-99-9,2496757,,,3246006,Polar
F100003712,209,40732,Amino Acid,"Methionine, Cysteine, SAM and Taurine Metabolism",NAMED,SXFSQZDSUWACKX-UHFFFAOYSA-N,O=C(C(CCSC)=O)O,4-methylthio-2-oxobutanoate,583-92-6,460,HMDB0001553,C01180,473,Neg
F100003868,209,43501,Lipid,Secondary Bile Acid Metabolism,NAMED,SPOIYSFQOFYOFZ-BRDORRHWSA-N,O=C(CNC(CC[C@H]([C@@H]1[C@@]2(C)CC[C@H]3[C@H]([C@@H]2CC1)C[C@@H]([C@@H]4C[C@@H](CC[C@]34C)O)O)C)=O)O,glycohyodeoxycholate,13042-33-6,102648,,,114611,Neg
F100003869,209,43588,Lipid,Secondary Bile Acid Metabolism,NAMED,HMXPOCDLAFAFNT-BHYUGXBJSA-N,C[C@@H]([C@H]1CC[C@H]2[C@@H]3C[C@@H]([C@@H]4C[C@@H](CC[C@@]4([C@H]3CC[C@]12C)C)O)O)CCC(NCCS(=O)(O)=O)=O,taurohyodeoxycholic acid,38411-85-7,106373,HMDB0000874,,12443252,Neg
F100003884,209,57786,Xenobiotics,Food Component/Plant,NAMED,GDNZNIJPBQATCZ-UHFFFAOYSA-N,O=C1N(C2=C(C=C(C=C2)OC)OC1O)O,DIMBOA,15893-52-4,2268,HMDB0034864,C04720,2358,Neg
F100003901,209,41220,Lipid,Lysophospholipid,NAMED,KIHAGWUUUHJRMS-JOCHJYFZSA-N,OC[C@@H](OC(CCCCCCCCCCCCCCCCC)=O)COP(OCC[NH3+])([O-])=O,2-stearoyl-GPE (18:0)*,,24769218,HMDB0011129,,"9,065,845,353,480,660",Neg
F100004035,400,43026,Xenobiotics,Food Component/Plant,NAMED,KRGPXXHMOXVMMM-CIUDSAMLSA-N,O=C([C@H](CCN[C@@H](CCN1[C@@H](CC1)[C@@](O)=O)C(O)=O)N)O,nicotianamine,34441-14-0,8058557,,C05324,9882882,Pos Early
F100004037,400,41879,Peptide,Dipeptide,NAMED,VKNYIUAACZKZDC-UHFFFAOYSA-N,OCCC(SCC(N)C(NCC(O)=O)=O)(C)C,felinylglycine*,,,,,87631897,Pos Early
F100004038,209,41880,Amino Acid,Felinine Metabolism,NAMED,BSYLNYYWBAWJCH-QMMMGPOBSA-N,O=C([C@H](CSC(C)(C)CCO)NC(C)=O)O,N-acetylfelinine*,,,,,134820350,Neg
F100004046,305,43488,Amino Acid,Histidine Metabolism,NAMED,BKAYIFDRRZZKNF-VIFPVBQESA-N,OC([C@H](CC1=CN=CN1)NC(CCNC(C)=O)=O)=O,N-acetylcarnosine,56353-15-2,8079136,HMDB0012881,,9903482,Polar
F100004083,209,42574,Lipid,Secondary Bile Acid Metabolism,NAMED,ZQYUKJFJPJDMMR-JPZDKMBBSA-N,C[C@@]([C@@]1([H])C[C@@H]2O)(CC2)[C@](CC3)([H])[C@]([C@H](O)[C@@H]1O)([H])[C@@](CC4)([H])[C@]3(C)[C@H]4[C@H](C)CCC(NCC(O)=O)=O,glycohyocholate,,,HMDB0000138,,71361462,Neg
F100004089,209,42489,Lipid,"Fatty Acid, Monohydroxy",NAMED,GHPVDCPCKSNJDR-UHFFFAOYSA-N,OC(C(O)=O)CCCCCCCC,2-hydroxydecanoate,5393-81-7,20195,HMDB0094656,,21488,Neg
F100004091,209,43011,Lipid,"Fatty Acid, Monohydroxy",NAMED,LMHJFKYQYDSOQO-UHFFFAOYSA-N,OC(CCCC(O)=O)CCCCC,5-hydroxydecanoate,624-00-0,1759,HMDB0040329,,1825,Neg
F100004111,209,46146,Xenobiotics,Benzoate Metabolism,NAMED,NCOMUGOPQPRVSE-UHFFFAOYSA-N,OC1=CC(C)=CC=C1OS(O)(=O)=O,4-methylcatechol sulfate,,,HMDB0240459,,54104170,Neg
F100004113,209,42993,Amino Acid,Alanine and Aspartate Metabolism,NAMED,INPGLFHHFHOGRM-UHFFFAOYSA-N,OC(C(C)NC(CC)=O)=O,N-propionylalanine,98632-97-4,284272,HMDB0094698,,321155,Neg
F100004125,209,43506,Amino Acid,"Methionine, Cysteine, SAM and Taurine Metabolism",NAMED,RBAAEQRITQHPJM-UHFFFAOYSA-N,OC(C(CCSC)NC(CC)=O)=O,N-propionylmethionine,52811-70-8,93617,HMDB0094704,,21117855,Neg
F100004208,209,46111,Xenobiotics,Benzoate Metabolism,NAMED,AQTYXAPIHMXAAV-UHFFFAOYSA-N,COC1=C(OS(O)(=O)=O)C=CC=C1,guaiacol sulfate,,21078,HMDB0060013,,22473,Neg
F100004216,209,43023,Cofactors and Vitamins,Pterin Metabolism,NAMED,HNXQXTQTPAJEJL-UHFFFAOYSA-N,NC(N1)=NC2=NC=CN=C2C1=O,pterin,22363-60-4,65806,HMDB0000802,C00715,135398660,Neg
F100004272,209,42971,Cofactors and Vitamins,Biotin Metabolism,NAMED,BAQMYDQNMFBZNA-MNXVOIDGSA-N,N[C@@](CCCCNC(CCCC[C@@]1(SC[C@@]2(NC(N[C@]12[H])=O)[H])[H])=O)(C(O)=O)[H],biocytin,576-19-2,75634,HMDB0003134,C05552,83814,Neg
F100004290,400,43392,Amino Acid,Tyrosine Metabolism,NAMED,WRFPVMFCRNYQNR-UHFFFAOYSA-N,NC(C(O)=O)CC1=CC=CC=C1O,o-tyrosine,2370-61-8,82607,HMDB0006050,,91482,Pos Early
F100004295,400,43400,Xenobiotics,Food Component/Plant,NAMED,XUWHAWMETYGRKB-UHFFFAOYSA-N,O=C1CCCCN1,2-piperidinone,675-20-7,12144,HMDB0011749,,12665,Pos Early
F100004299,400,43255,Amino Acid,Histidine Metabolism,NAMED,GVRCKHXHWSYDEF-UHFFFAOYSA-N,OC(C(CC1=CN(C)C=N1)NC(C)=O)=O,N-acetyl-1-methylhistidine*,,,HMDB0240340,,53859791,Pos Early
F100004318,400,43374,Xenobiotics,Food Component/Plant,NAMED,JYGFTBXVXVMTGB-UHFFFAOYSA-N,O=C1CC2=C(N1)C=CC=C2,indolin-2-one,59-48-3,284794,,C12312,321710,Pos Early
F100004322,209,43266,Xenobiotics,Food Component/Plant,NAMED,VSTZVCJQGSLNLL-UHFFFAOYSA-N,NC1=CC=CC=C1OS(O)(=O)=O,2-aminophenol sulfate,,158022,HMDB0061116,,181670,Neg
F100004327,209,45966,Lipid,Lysophospholipid,NAMED,ZPDQFUYPBVXUKS-KEKNWZKVSA-N,O=P(O)(OCC(O)COC(CCCCCCCCCCCCCCCCC)=O)OC[C@@H](C(O)=O)N,1-stearoyl-GPS (18:0)*,,7826051,HMDB0061698,,74819135,Neg
F100004363,209,43522,Peptide,Dipeptide,NAMED,LSGOTAXPWMCUCK-UHFFFAOYSA-N,OC1=CC=C(CC2C(N(CCC3)C3C(N2)=O)=O)C=C1,cyclo(pro-tyr),2/4/49,,HMDB0034276,C10605,119404,Neg
F100004396,305,62069,Lipid,"Fatty Acid, Dicarboxylate",NAMED,YVOMYDHIQVMMTA-UHFFFAOYSA-N,OC(CC(O)=O)CCC(O)=O,3-hydroxyadipate,,133894,HMDB0000345,,151913,Polar
F100004418,209,43525,Peptide,Acetylated Peptides,NAMED,CPPDWYIPKSSNNM-UHFFFAOYSA-N,O=C(CC(C=C1)=CC=C1O)N([H])CC(O)=O,4-hydroxyphenylacetylglycine,28116-23-6,389604,HMDB0000735,C05596,440732,Neg
F100004434,209,43449,Xenobiotics,Food Component/Plant,NAMED,MFEZJNMQTQMDRQ-UHFFFAOYSA-N,OC(C1=NC(C)=C2N([H])C3=CC=CC=C3C2=C1)=O,1-methyl-beta-carboline-3-carboxylic acid,22329-38-0,4546099,,,5406157,Neg
F100004481,209,43590,Xenobiotics,Food Component/Plant,NAMED,PTDAHAWQAGSZDD-IOVCITQVSA-N,O[C@H]1[C@@]2(C)[C@](CC(C)(C)C1)([H])C3=CC[C@@]([C@](CC4)(C)[C@]5([H])[C@](CO)(C)[C@H]4O[C@@H]([C@@H]([C@H]6O)O[C@@H]([C@@H]([C@H]7O)O[C@@H]([C@@H]([C@@H]8O)O)O[C@@H](C)[C@@H]8O)O[C@H](CO)[C@@H]7O)O[C@H](C(O)=O)[C@H]6O)([H])[C@](CC5)(C)[C@]3(C)CC2,soyasaponin I,51330-27-9,,HMDB0034649,C08983,122097,Neg
F100004483,209,54925,Xenobiotics,Food Component/Plant,NAMED,OKIHRVKXRCAJFQ-ZYNCYBBUSA-N,O[C@@H]1[C@@]2(C)[C@@](CC(C)(C)C1)([H])C3=CCC([C@](CC4)(C)C5C(CO)(C)C4O[C@@H]([C@@H]([C@H]6O)O[C@@H]([C@@H]([C@H]7O)O)O[C@H](CO)[C@@H]7O)O[C@H](C(O)=O)[C@@H]6O)[C@](CC5)(C)[C@]3(C)CC2,soyasaponin III,55304-02-4,,HMDB0034651,C19865,21607811,Neg
F100004499,209,43231,Amino Acid,Lysine Metabolism,NAMED,FZXCPFJMYOQZCA-UHFFFAOYSA-N,OC(C1CCCC(N1)=O)=O,6-oxopiperidine-2-carboxylate,34622-39-4,2282737,HMDB0061705,,3014237,Neg
F100004523,400,43249,Amino Acid,Urea cycle; Arginine and Proline Metabolism,NAMED,SRXKAYJJGAAOBP-UHFFFAOYSA-N,CC(NCCCC(N)C(O)=O)=O,N-delta-acetylornithine,,8096135,HMDB0003357,C00437,9920500,Pos Early
F100004533,209,44577,Amino Acid,Phenylalanine Metabolism,NAMED,YXQLJEQFZUMUPB-UHFFFAOYSA-N,CCCCC(NC(C(O)=O)CC1=CC=CC=C1)=O,valerylphenylalanine,,14753835,HMDB0094646,,13890535,Neg
F100004542,400,43761,Lipid,"Fatty Acid, Amino",NAMED,RDFMDVXONNIGBC-UHFFFAOYSA-N,OC(C(CCCCC)N([H])[H])=O,2-aminoheptanoate,1115-90-8,198338,HMDB0094649,,227939,Pos Early
F100004561,305,43549,Amino Acid,Tryptophan Metabolism,NAMED,LLLPDUXGHXIXIW-UHFFFAOYSA-N,OC(C1=CC=CC=C1N([H])C=O)=O,N-formylanthranilic acid,3342-77-6,91624,HMDB0004089,C05653,101399,Polar
F100004635,400,44878,Amino Acid,"Methionine, Cysteine, SAM and Taurine Metabolism",NAMED,UCUNFLYVYCGDHP-UHFFFAOYSA-N,O=S(C)(CCC(N)C(O)=O)=O,methionine sulfone,820-10-0,63154,HMDB0062174,,69961,Pos Early
F100005372,402,44621,Lipid,Lysoplasmalogen,NAMED,URGVIWXYPWWBQO-ZCJATDNESA-N,O=P(OCC[NH3+])([O-])OC[C@H](O)CO/C=C/CCCCCC/C=C/CCCCCCCC,1-(1-enyl-oleoyl)-GPE (P-18:1)*,,,,,,Pos Late
F100005373,400,46227,Amino Acid,Lysine Metabolism,NAMED,BFSYFTQDGRDJNV-QCNRFFRDSA-N,OC[C@@H](O)[C@@H](O)[C@H](O)C(CNCCCC[C@@H](N)C(O)=O)=O,fructosyllysine,21291-40-7,110281,HMDB0034879,,9839580,Pos Early
F100005384,209,45413,Xenobiotics,Chemical,NAMED,CIQHWLTYGMYQQR-QMMMGPOBSA-N,OS(OC1=CC=C(C[C@H](N)C(O)=O)C=C1)(=O)=O,O-sulfo-tyrosine,,448617,HMDB0155722,,514186,Neg
F100005389,209,47114,Xenobiotics,Food Component/Plant,NAMED,PZPATWACAAOHTJ-HWKANZROSA-N,COC1=C(OS(O)(=O)=O)C=CC(/C=C/C(O)=O)=C1,ferulic acid 4-sulfate,86321-29-1,4878542,HMDB0029200,,6305574,Neg
F100005391,209,45415,Xenobiotics,Benzoate Metabolism,NAMED,IQWLPDPKVFZEOK-UHFFFAOYSA-N,OS(OC1=CC=CC(CCC(O)=O)=C1)(=O)=O,3-(3-hydroxyphenyl)propionate sulfate,86321-32-6,162993,HMDB0094710,,187488,Neg
F100005463,400,45428,Amino Acid,"Methionine, Cysteine, SAM and Taurine Metabolism",NAMED,NPIMMZJBURSMON-UHFFFAOYSA-N,OC(C(CCS(C)=O)NC(C)=O)=O,N-acetylmethionine sulfoxide,108646-71-5,167798,,,11902949,Pos Early
F100005466,209,48187,Amino Acid,"Methionine, Cysteine, SAM and Taurine Metabolism",NAMED,CXJAAWRLVGAKDV-UHFFFAOYSA-N,O=S(CCNC(C)=O)(O)=O,N-acetyltaurine,,140553,HMDB0240253,,159864,Neg
F100005716,209,45968,Lipid,Lysophospholipid,NAMED,FQQQKGAFQIIGLQ-VYFUBJQISA-N,O[C@H](COC(CCCCCCC/C=C\CCCCCCCC)=O)COP(OCC(O)CO)(O)=O,1-oleoyl-GPG (18:1)*,,34999689,HMDB0240602,,,Neg
F100005717,209,45970,Lipid,Lysophospholipid,NAMED,BVJSKAUUFXBDOB-UHFFFAOYSA-N,O=P(OCC(O)CO)(O)OCC(O)COC(CCCCCCCCCCCCCCC)=O,1-palmitoyl-GPG (16:0)*,,2548639,HMDB0240601,,3300276,Neg
F100005814,209,61826,Lipid,Endocannabinoid,NAMED,YIWODQVLEDDQSF-HZJYTTRNSA-N,CCCCC/C=C\C/C=C\CCCCCCCC(NCCS(=O)(O)=O)=O,N-linoleoyltaurine*,,,,,52922081,Neg
F100005831,209,61824,Lipid,Endocannabinoid,NAMED,QNBGIJHCIVKQEX-FPLPWBNLSA-N,O=C(NCCS(=O)(O)=O)CCCCCCC/C=C\CCCCCC,N-palmitoleoyltaurine*,,,,,,Neg
F100005852,209,47123,Lipid,"Fatty Acid, Monohydroxy",NAMED,PAZZVPKITDJCPV-UHFFFAOYSA-N,OC(CCCCCCCCC(O)CCCCCCCC)=O,10-hydroxystearate,,7838048,HMDB0037396,C03195,9561835,Neg
F100005945,400,62698,Amino Acid,Polyamine Metabolism,NAMED,JMACEDIUUMWDIC-UHFFFAOYSA-N,O=C(C)NCCCCNC(N)=N,acetylagmatine,3031-89-8,388732,,C02131,439661,Pos Early
F100005946,305,48141,Xenobiotics,Food Component/Plant,NAMED,WPAMZTWLKIDIOP-WVZVXSGGSA-N,OC[C@@H](O)[C@@H](O)CC(C(O)=O)=O,2-keto-3-deoxy-gluconate,17510-99-5,141630,HMDB0001353,C00204,161227,Polar
F100005972,209,47666,Cofactors and Vitamins,Tocopherol Metabolism,NAMED,ZQMMTPNJGWUHCB-UHFFFAOYSA-N,CC1=C(OS(O)(=O)=O)C(C)=C2C(OC(C)(CCC(O)=O)CC2)=C1C,alpha-CEHC sulfate,,,,,,Neg
F100005986,402,47153,Lipid,Sphingomyelins,NAMED,WKZHECFHXLTOLJ-QYKFWSDSSA-N,O[C@H](/C=C/CCCCCCCCCCCCC)[C@H](CO[P](OCC[N+](C)(C)C)([O-])=O)NC(CCCCCCCCCCCCC/C=C\CCCCCCCC)=O,"sphingomyelin (d18:1/24:1, d18:2/24:0)*",94359-13-4,24846874,HMDB0012107,,44260126,Pos Late
F100005996,402,61865,Lipid,"Fatty Acid Metabolism (Acyl Carnitine, Dicarboxylate)",NAMED,CYPBWZKNUDFJJE-PLNGDYQASA-N,O=C(CCCCCCC/C=C\CCCCCCCC(O)=O)OC(CC([O-])=O)C[N+](C)(C)C,octadecenedioylcarnitine (C18:1-DC)*,251981-06-3,28639201,,,,Pos Late
F100005999,402,47890,Lipid,Sterol,NAMED,OYXZMSRRJOYLLO-ADVCKMRSSA-N,C[C@]12C(C[C@@H](O)CC2)=CC(O)C3C1CC[C@@]4(C)C3CC[C@@H]4[C@@H](CCCC(C)C)C,7-hydroxycholesterol (alpha or beta),,,HMDB0006119,C15610,15571093,Pos Late
F100006051,402,48182,Lipid,"Fatty Acid Metabolism (Acyl Carnitine, Monounsaturated)",NAMED,ABVVZYXTZLEOHP-OLHLWXQYSA-N,O=C(CCCCCCC/C=C\CCCC)O[C@H](CC([O-])=O)C[N+](C)(C)C,myristoleoylcarnitine (C14:1)*,889848-55-9,34999520,HMDB0240588,,129691961,Pos Late
F100006056,209,48433,Amino Acid,Tyrosine Metabolism,NAMED,NSTPXGARCQOSAU-VIFPVBQESA-N,OC([C@@H](NC=O)CC1=CC=CC=C1)=O,N-formylphenylalanine,13200-85-6,663938,HMDB0240317,,"7,592,567,064,571",Neg
F100006065,400,49795,Peptide,Dipeptide,NAMED,XLUAWXQORJEMBD-UHFFFAOYSA-N,O=C(C(C(C)C)N([H])C1=O)N2C1CCC2,cyclo(pro-val),2854-40-2,89376,,,98951,Pos Early
F100006092,209,48408,Amino Acid,Tyrosine Metabolism,NAMED,DYDUXGMDSXJQFT-UHFFFAOYSA-N,NCCC1=CC=C(OS(O)(=O)=O)C=C1,tyramine O-sulfate,30223-92-8,134849,HMDB0006409,,153005,Neg
F100006095,209,48410,Amino Acid,Tyrosine Metabolism,NAMED,OYDCCWNLILCHDJ-ZZXKWVIFSA-N,O=C(O[H])/C=C/C1=CC=C(OS(=O)(O)=O)C=C1,4-hydroxycinnamate sulfate,376374-66-2,4797737,,,6070438,Neg
F100006098,209,48448,Xenobiotics,Chemical,NAMED,BDERIBJTVYFANV-UHFFFAOYSA-N,O=S(OC1=CC=CN=C1)(O)=O,3-hydroxypyridine sulfate,1955-23-3,16232314,,,,Neg
F100006115,305,48255,Carbohydrate,Pentose Metabolism,NAMED,QXKAIJAYHKCRRA-JJYYJPOSSA-N,OC([C@H]([C@@H]([C@@H](CO)O)O)O)=O,arabonate/xylonate,,,HMDB0000539,"C00502,C05411","1,220,456,602,431",Polar
F100006121,209,48341,Lipid,Monoacylglycerol,NAMED,LERKRWCYZNDWFH-QNEBEIHSSA-N,OCC(O)COC(CCCCCC/C=C\C/C=C\C/C=C\CCCCC)=O,1-dihomo-linolenylglycerol (20:3),,,HMDB0011577,,,Neg
F100006123,400,48679,Amino Acid,Histidine Metabolism,NAMED,XJWPISBUKWZALE-UHFFFAOYSA-N,O=C(C)NCCC1=CNC=N1,N-acetylhistamine,673-49-4,62805,HMDB0013253,C05135,69602,Pos Early
F100006126,209,48442,Xenobiotics,Food Component/Plant,NAMED,FKCHAXAGQVCJPN-UHFFFAOYSA-N,COC1=C(OS(O)(=O)=O)C=CC(C=C)=C1,4-vinylguaiacol sulfate,,,HMDB0127980,,53803570,Neg
F100006173,209,48394,Lipid,Progestin Steroids,NAMED,MENQCIVHHONJLU-GQCBXAOTSA-N,C[C@]12C(C3CC[C@@]4(C[C@@H](CC[C@@]4(C3CC2)C)OS(=O)(O)=O)[H])CCC1C(C)=O,pregnanolone/allopregnanolone sulfate,,,"HMDB0240591,HMDB0062782",C05480,"31,402,129,699,967",Neg
F100006290,402,48490,Lipid,Sphingomyelins,NAMED,AADLTHQNYQJHQV-SVLGDMRNSA-N,CCCCCCCCCCCCC/C=C/[C@@H](O)[C@@H](NC(CCCCCCCCCCCCCCCCCCC)=O)COP([O-])(OCC[N+](C)(C)C)=O,"sphingomyelin (d18:1/20:0, d16:1/22:0)*",,23113477,HMDB0012102,,44260124,Pos Late
F100006294,402,48492,Lipid,Sphingomyelins,NAMED,FJJANLYCZUNFSE-TWKUQIQBSA-N,CCCCCCCCCCCCC/C=C/[C@@H](O)[C@@H](NC(CCCCCCCCCCCCCCCCCCCCC)=O)COP([O-])(OCC[N+](C)(C)C)=O,behenoyl sphingomyelin (d18:1/22:0)*,,24846873,HMDB0012103,,44260125,Pos Late
F100006298,402,57330,Lipid,Sphingomyelins,NAMED,QEDPUVGSSDPBMD-XTAIVQBESA-N,CCCCCCCCCCCCC/C=C/[C@@H](O)[C@@H](NC(CCCCCCCCCCCCCCCCCCCCCCC)=O)COP([O-])(OCC[N+](C)(C)C)=O,lignoceroyl sphingomyelin (d18:1/24:0),60037-60-7,24846875,HMDB0011697,,,Pos Late
F100006314,402,52433,Lipid,Sphingomyelins,NAMED,LQINJRUGTUOHGS-YPDYIYJKSA-N,CCCCCCCCCCCCC/C=C/[C@@H](O)[C@@H](NC(CCCCCCCCCCCCCC)=O)COP([O-])(OCC[N+](C)(C)C)=O,"sphingomyelin (d17:1/16:0, d18:1/15:0, d16:1/17:0)*",121999-58-4,28532779,"HMDB0240617,HMDB0240608",,,Pos Late
F100006362,209,48727,Xenobiotics,Food Component/Plant,NAMED,CQRHJEVIKOKQMO-UHFFFAOYSA-N,OC1=CC2=C(C=C1)C(C(C3=CC=C(C=C3)OS(=O)(O)=O)=CO2)=O,daidzein sulfate (1),,,,,12114465,Neg
F100006363,209,48728,Xenobiotics,Food Component/Plant,NAMED,CQRHJEVIKOKQMO-UHFFFAOYSA-N,OC1=CC2=C(C(C(C3=CC=C(OS(=O)(O)=O)C=C3)=CO2)=O)C=C1,daidzein sulfate (2),,,,,12114465,Neg
F100006367,209,53230,Lipid,"Fatty Acid, Monohydroxy",NAMED,HPMGFDVTYHWBAG-UHFFFAOYSA-N,CCCC(O)CC(O)=O,3-hydroxyhexanoate,10191-24-9,133518,"HMDB0061652,HMDB0010718",,151492,Neg
F100006369,305,52340,Amino Acid,Alanine and Aspartate Metabolism,NAMED,LUSWEUMSEVLFEQ-UHFFFAOYSA-N,O=C(C(C)NC(N)=O)O,N-carbamoylalanine,77340-50-2,377278,,,426409,Polar
F100006370,209,54805,Lipid,Sterol,NAMED,WVXOMPRLWLXFAP-AMQKJUDNSA-N,C[C@@H]([C@H]1CC[C@@H]2[C@]1(C)CC[C@H]3[C@H]2CC=C4[C@]3(C)CC[C@H](O)C4)CCCC(C(O)=O)C,3beta-hydroxy-5-cholestenoate,6561-58-6,,HMDB0012453,C17333,165511,Neg
F100006374,209,48762,Xenobiotics,Chemical,NAMED,NGVLEQPKHLWZLN-UHFFFAOYSA-N,OC1=C(O)C(OS(=O)(O)=O)=CC=C1,"1,2,3-benzenetriol sulfate (2)",,,"HMDB0060018,HMDB0060016",,"9,201,366,254,110,620",Neg
F100006378,209,48757,Amino Acid,Tryptophan Metabolism,NAMED,PPIMFXHQDQRWGJ-JTQLQIEISA-N,OC([C@@H](NC(C)=O)CC(C1=CC=CC=C1N)=O)=O,N-acetylkynurenine (2),,,HMDB0240342,,73817779,Neg
F100006430,305,48885,Carbohydrate,Pentose Metabolism,NAMED,HEBKCHPVOIAQTA-IMJSIDKUSA-N,OC[C@@H](C([C@H](CO)O)O)O,arabitol/xylitol,,,"HMDB0001851,HMDB0000568,HMDB0002917","C00379,C00542,C01904","941,546,912",Polar
F100006435,400,46539,Carbohydrate,Aminosugar Metabolism,NAMED,OVRNDRQMDRJTHS-FMDGEEDCSA-N,O[C@@H]1[C@H]([C@@H](O[C@@H]([C@H]1O)CO)O)NC(C)=O,N-acetylglucosamine/N-acetylgalactosamine,,,"HMDB0000212,HMDB0000215",C01074,"43,917,484,265",Pos Early
F100006641,209,52974,Lipid,Primary Bile Acid Metabolism,NAMED,DKXXSIJHWWVNMO-ISIKUUMTSA-N,OS(OC1C[C@]2([H])C(CC1)(C)[C@@H]3[C@@]([C@@](CC4)([H])[C@@](CC3)(C)[C@H]4[C@H](C)CCC(NCC(O)=O)=O)([H])[C@H](O)C2)(=O)=O,glycochenodeoxycholate 3-sulfate,,,"HMDB0002409,HMDB0002496,HMDB0002497",,"211,169,172,112,500,000,000,000",Neg
F100006644,209,62889,Lipid,Secondary Bile Acid Metabolism,NAMED,UCVGCHGIKFWAGH-WQVRBXQRSA-N,C[C@@]12[C@@](CCC3C2C[C@H](O)[C@@]4(C)C3CC[C@@H]4[C@@H](CCC(NCCS(O)(=O)=O)=O)C)([H])C[C@H](OS(O)(=O)=O)CC1,taurodeoxycholic acid 3-sulfate,,,,,,Neg
F100006726,402,52608,Lipid,Endocannabinoid,NAMED,KQXDGUVSAAQARU-HZJYTTRNSA-N,CCCCC/C=C\C/C=C\CCCCCCCC(NCCO)=O,linoleoyl ethanolamide,68171-52-8,4446566,HMDB0012252,,5283446,Pos Late
F100006730,209,54730,Amino Acid,Tryptophan Metabolism,NAMED,YDXXLJMIHMIOIF-UHFFFAOYSA-N,O=C(NCC(O)=O)CC1=CNC2=CC=CC=C21,indoleacetylglycine,13113-08-1,393944,,,446640,Neg
F100006757,209,52361,Peptide,Dipeptide,NAMED,HLXXMJDWTBXTOR-STQMWFEESA-N,O=C(N[C@H]1CC2=CNC=N2)[C@@H](NC1=O)CC3=CC=CC=C3,cyclo(his-phe),56586-95-9,5731015,,,7408279,Neg
F100008903,402,52603,Lipid,Phosphatidylcholine (PC),NAMED,FVXDQWZBHIXIEJ-LNDKUQBDSA-N,CCCCC/C=C\C/C=C\CCCCCCCC(OC[C@@H](OC(CCCCCCC/C=C\C/C=C\CCCCC)=O)COP([O-])(OCC[N+](C)(C)C)=O)=O,"1,2-dilinoleoyl-GPC (18:2/18:2)",998-06-1,4450312,HMDB0008138,,5288075,Pos Late
F100008904,402,52438,Lipid,Phosphatidylcholine (PC),NAMED,ATHVAWFAEPLPPQ-VRDBWYNSSA-N,O=C(CCCCCCCCCCCCCCCCC)OC[C@]([H])(COP(OCC[N+](C)(C)C)([O-])=O)OC(CCCCCCC/C=C\CCCCCCCC)=O,1-stearoyl-2-oleoyl-GPC (18:0/18:1),56421-10-4,24766704,HMDB0008038,,24778825,Pos Late
F100008914,402,52462,Lipid,Phosphatidylcholine (PC),NAMED,IIZPXYDJLKNOIY-JXPKJXOSSA-N,CCCCCCCCCCCCCCCC(OC[C@@]([H])(OC(CCC/C=C\C/C=C\C/C=C\C/C=C\CCCCC)=O)COP([O-])(OCC[N+](C)(C)C)=O)=O,1-palmitoyl-2-arachidonoyl-GPC (16:0/20:4n6),35418-58-7,8923140,HMDB0007982,C05208,10747814,Pos Late
F100008928,305,52281,Amino Acid,Glutathione Metabolism,NAMED,AFENDNXGAFYKQO-UHFFFAOYSA-N,CCC(O)C(O)=O,2-hydroxybutyrate/2-hydroxyisobutyrate,,,"HMDB0000729,HMDB00008","C21297,C05984","4,408,644,277,439",Polar
F100008929,209,52282,Energy,TCA Cycle,NAMED,YNOXCRMFGMSKIJ-UHFFFAOYSA-N,CC(C(O)=O)C(C(O)=O)(O)CC(O)=O,2-methylcitrate/homocitrate,,,"HMDB0003518,HMDB0000379",C01251,"439,459,515",Neg
F100008930,209,52285,Lipid,Long Chain Monounsaturated Fatty Acid,NAMED,ZQPPMHVWECSIRJ-KTKRTIGZSA-N,OC(CCCCCCC/C=C\CCCCCCCC)=O,oleate/vaccenate (18:1),,,"HMDB0003231,HMDB0000573,HMDB0240219,HMDB0000207","C21944,C08367,C01712,C00712","52,827,616,375,175,200,000,000,000",Neg
F100008932,209,63154,Peptide,Acetylated Peptides,NAMED,QUWZFULUMBECLL-UHFFFAOYSA-N,O=C(NCCS(=O)(O)=O)CC1=CC=CC=C1,phenylacetyltaurine,33953-90-1,1627903,,,2179693,Neg
F100008934,209,52916,Lipid,"Fatty Acid, Monohydroxy",NAMED,YDZIJQXINJLRLL-UHFFFAOYSA-N,OC(C(O)CCCCCCCCCC)=O,2-hydroxylaurate,2984-55-6,88259,,,97783,Neg
F100008952,209,52431,Lipid,Monoacylglycerol,NAMED,KVYUBFKSKZWZSV-BQYQJAHWSA-N,CCCCCC/C=C/CCCCCCCC(OCC(O)CO)=O,1-palmitoleoylglycerol (16:1)*,,,HMDB0011565,,,Neg
F100008953,209,52432,Lipid,Monoacylglycerol,NAMED,CXUXMSACCLYMBI-BQYQJAHWSA-N,CCCCCC/C=C/CCCCCCCC(OC(CO)CO)=O,2-palmitoleoylglycerol (16:1)*,,,HMDB0011534,,53480960,Neg
F100008954,402,52434,Lipid,Dihydrosphingomyelins,NAMED,QHZIGNLCLJPLCU-QPPIDDCLSA-N,[H][C@](NC(CCCCCCCCCCCCCCC)=O)(COP(OCC[N+](C)(C)C)([O-])=O)[C@@](O)([H])CCCCCCCCCCCCCCC,palmitoyl dihydrosphingomyelin (d18:0/16:0)*,,8115586,HMDB0010168,,9939965,Pos Late
F100008977,402,52447,Lipid,Phosphatidylethanolamine (PE),NAMED,ANRKEHNWXKCXDB-BHFWLYLHSA-N,O=C(CCCCCCCCCCCCCCCCC)OC[C@]([H])(COP(OCCN)(O)=O)OC(CCC/C=C\C/C=C\C/C=C\C/C=C\CCCCC)=O,1-stearoyl-2-arachidonoyl-GPE (18:0/20:4),,4451158,HMDB0009003,C05210,5289133,Pos Late
F100008980,402,52452,Lipid,Phosphatidylcholine (PC),NAMED,FORFDCPQKJHEBF-JEFUZMEDSA-N,CCCCCCCCCCCCCCCCCC(OCC(OC(CCCCCCC/C=C/C/C=C/CCCCC)=O)COP([O-])(OCC[N+](C)(C)C)=O)=O,1-stearoyl-2-linoleoyl-GPC (18:0/18:2)*,,,HMDB0008039,,6441487,Pos Late
F100008981,402,52453,Lipid,Phosphatidylcholine (PC),NAMED,GDWULUGDXGHJIJ-FUBJOMBKSA-N,CCCCCCCC/C=C/CCCCCCCC(OCC(OC(CCCCCCC/C=C/C/C=C/CCCCC)=O)COP([O-])(OCC[N+](C)(C)C)=O)=O,1-oleoyl-2-linoleoyl-GPC (18:1/18:2)*,,,HMDB0008105,,24778939,Pos Late
F100008984,402,52470,Lipid,Phosphatidylcholine (PC),NAMED,QIBZFHLFHCIUOT-HTXNQAPBSA-N,CCCCCCCCCCCCCCCC(OCC(OC(CCCCCCC/C=C/CCCCCC)=O)COP([O-])(OCC[N+](C)(C)C)=O)=O,1-palmitoyl-2-palmitoleoyl-GPC (16:0/16:1)*,,,HMDB0007969,,6443788,Pos Late
F100008990,402,52464,Lipid,Phosphatidylethanolamine (PE),NAMED,DRIVXEVMDWCWLI-CAQMIEAISA-N,O=C(CCCCCCCCCCCCCCC)OC[C@]([H])(COP(OCCN)(O)=O)OC(CCC/C=C\C/C=C\C/C=C\C/C=C\CCCCC)=O,1-palmitoyl-2-arachidonoyl-GPE (16:0/20:4)*,,7825750,HMDB0005323,C05210,9546800,Pos Late
F100008996,402,52471,Lipid,Phosphatidylethanolamine (PE),NAMED,CZOSTDZGCCEZTJ-WMHOIYFHSA-N,O=C(CCCCCCCCCCCCCCC)OC[C@]([H])(COP(OCCN)(O)=O)OC(CCCCCCC/C=C\CCCCCC)=O,1-palmitoyl-2-palmitoleoyl-GPE (16:0/16:1)*,,24768424,HMDB0008924,,52924925,Pos Late
F100008998,402,52473,Cofactors and Vitamins,Tocopherol Metabolism,NAMED,QUEDXNHFTDJVIY-DQCZWYHMSA-N,CC1=C(C(CC2)=CC(O)=C1C)O[C@@]2(CCC[C@@H](CCC[C@@H](CCCC(C)C)C)C)C,gamma-tocopherol/beta-tocopherol,,,"HMDB0006335,HMDB0001492","C14152,C02483",,Pos Late
F100008999,402,52475,Lipid,Plasmalogen,NAMED,URPXXNCTXCOATD-FXMFQVEGSA-N,[H][C@](OC(CCC/C=C\C/C=C\C/C=C\C/C=C\CCCCC)=O)(COP(OCCN)(O)=O)CO/C=C\CCCCCCCCCCCCCCCC,1-(1-enyl-stearoyl)-2-arachidonoyl-GPE (P-18:0/20:4)*,,7826008,HMDB0005779,,9547058,Pos Late
F100009028,402,52604,Lipid,Dihydroceramides,NAMED,GCGTXOVNNFGTPQ-JHOUSYSJSA-N,[H][C@](NC(CCCCCCCCCCCCCCC)=O)(CO)[C@@](O)([H])CCCCCCCCCCCCCCC,N-palmitoyl-sphinganine (d18:0/16:0),5966-29-0,4446685,HMDB11760,,5283572,Pos Late
F100009030,402,53010,Lipid,Lactosylceramides (LCER),NAMED,HLIJNIKSBCIDGO-QKLMXXKVSA-N,O=C(CCCCCCCCCCCCCCC)N[C@@]([C@]([H])(O)/C=C/CCCCCCCCCCCCC)([H])CO[C@H](O1)[C@H](O)[C@@H](O)[C@@H]([C@H]1CO)O[C@H](O2)[C@H](O)[C@@H](O)[C@H]([C@H]2CO)O,lactosyl-N-palmitoyl-sphingosine (d18:1/16:0),4201-62-1,,HMDB0006750,,53477895,Pos Late
F100009052,402,52633,Lipid,Diacylglycerol,NAMED,SVXWJFFKLMLOHO-YAIZGCQRSA-N,OC[C@]([H])(OC(CCCCCCC/C=C\C/C=C\CCCCC)=O)COC(CCCCCCCCCCCCCCC)=O,palmitoyl-linoleoyl-glycerol (16:0/18:2) [1]*,,7822645,HMDB0007103,,9543695,Pos Late
F100009055,402,52634,Lipid,Diacylglycerol,NAMED,ZKYDYRLDJZZKEU-BCTRXSSUSA-N,CCCCCCCCCCCCCCCC(OCC(O)COC(CCCCCCC/C=C\C/C=C\CCCCC)=O)=O,palmitoyl-linoleoyl-glycerol (16:0/18:2) [2]*,,,HMDB0007103,,131801744,Pos Late
F100009056,209,52743,Nucleotide,Dinucleotide,NAMED,HQXUOLIEBGPXRE-VMIOUTBZSA-N,O[C@H]([C@@H]1OP(OC[C@H]2O[C@@H](N(C=CC3=O)C(N3)=O)[C@H](O)[C@@H]2O)(O)=O)[C@@H](O[C@@H]1CO)N4C(N=C(N)NC5=O)=C5N=C4,(3'-5')-guanylyluridine,7/3/85,32821064,,,145459101,Neg
F100009060,209,52740,Nucleotide,Dinucleotide,NAMED,RNNPIPQLZRGXIG-KPKSGTNCSA-N,O[C@H]([C@@H]1OP(OC[C@H]2O[C@@H](N(C=CC3=O)C(N3)=O)[C@H](O)[C@@H]2O)(O)=O)[C@@H](O[C@@H]1CO)N4C(N=CN=C5N)=C5N=C4,(3'-5')-adenylyluridine,3051-84-1,100483,,,145459093,Neg
F100009062,209,52753,Nucleotide,Dinucleotide,NAMED,NHEPQPHJXSVOGF-KPKSGTNCSA-N,O[C@H]([C@@H]1OP(OC[C@H]2O[C@@H](N(C=CC(N)=N3)C3=O)[C@H](O)[C@@H]2O)(O)=O)[C@@H](O[C@@H]1CO)N4C(N=CN=C5N)=C5N=C4,(3'-5')-adenylylcytidine,4833-63-0,9050769,,,10875494,Neg
F100009227,209,54885,Lipid,Lysophospholipid,NAMED,VEEHTGYBVMTAAF-RFFZIGDUSA-N,[H][C@@](CO)(O)COP(OC[C@]([H])(O)COC(CCCCCCC/C=C\C/C=C\CCCCC)=O)(O)=O,1-linoleoyl-GPG (18:2)*,,,HMDB0240600,,,Neg
F100009232,400,53231,Xenobiotics,Chemical,NAMED,DZLNHFMRPBPULJ-VKHMYHEASA-N,O=C(O)[C@]1(NCSC1)[H],thioproline,34592-47-4,84120,HMDB0062164,,93176,Pos Early
F100009233,402,52944,Lipid,Fatty Acid Metabolism (Acyl Choline),NAMED,UFQZDKMTMXCDBP-UHFFFAOYSA-N,C[N+](C)(C)CCOC(CCCCCCCCCCCCCC[CH2-])=O,palmitoylcholine,,133731,HMDB0240592,,151731,Pos Late
F100009237,305,53232,Xenobiotics,Bacterial/Fungal,NAMED,WZVZUKROCHDMDT-UHFFFAOYSA-N,OC(C(CC)N([H])C(C)=O)=O,2-acetamidobutanoate,,270613,,,306107,Polar
F100009240,209,57645,Peptide,Acetylated Peptides,NAMED,FDWFFCURSPACFQ-UHFFFAOYSA-N,O=C(CC1=CC=CC=C1)N([H])C(C(O)=O)C,phenylacetylalanine,17966-65-3,490542,,,564251,Neg
F100009261,209,52970,Lipid,Secondary Bile Acid Metabolism,NAMED,WHMOBEGYTDWMIG-FLHJKBNJSA-N,OS(OC1C[C@]2(C[C@@H]([C@]3([C@@]4(CC[C@@]([H])([C@]4(CC[C@@]3([C@]2(CC1)C)[H])C)[C@H](C)CCC(O)=O)[H])[H])O)[H])(=O)=O,ursodeoxycholate sulfate (1),,,,,,Neg
F100009272,402,53013,Lipid,Hexosylceramides (HCER),NAMED,VJLLLMIZEJJZTE-NNTBDIJYSA-N,[H][C@](O)([C@@](NC(CCCCCCCCCCCCCCC)=O)(CO[C@@H]1O[C@H](CO)[C@@H](O)[C@H](O)[C@H]1O)[H])/C=C/CCCCCCCCCCCCC,glycosyl-N-palmitoyl-sphingosine (d18:1/16:0),,,,,,Pos Late
F100009328,209,54795,Xenobiotics,Food Component/Plant,NAMED,ZXQZXWJQZQBNQK-UHFFFAOYSA-N,OS(OC1=C(C)OC(C)C1=O)(=O)=O,furaneol sulfate,,,,,59815364,Neg
F100009329,305,63590,Cofactors and Vitamins,Ascorbate and Aldarate Metabolism,NAMED,SKKZOYBAANIUOV-ZAFYKAAXSA-N,O[C@@H](CO)[C@@](C1=O)([H])OC(O)=C1OS(O)(=O)=O,ascorbic acid 2-sulfate,,77998,HMDB0060649,,54676864,Polar
F100009331,402,53260,Lipid,Fatty Acid Metabolism (Acyl Choline),NAMED,GFSSJDJAEKYAGX-UHFFFAOYSA-N,O=C(CCCCCCC/[C-]=C/CCCCCCCC)OCC[N+](C)(C)C,oleoylcholine,,,HMDB0240596,,59040790,Pos Late
F100009337,209,53254,Xenobiotics,Food Component/Plant,NAMED,SNVAIAITQIIEMQ-DUXPYHPUSA-N,OS(OC1=CC=C(C=C1O)/C=C/C(O)=O)(=O)=O,caffeic acid sulfate,,30777608,HMDB0041708,,21668705,Neg
F100009393,209,57651,Lipid,Long Chain Polyunsaturated Fatty Acid (n3 and n6),NAMED,KBGYPXOSNDMZRV-PDBXOOCHSA-N,CC/C=C\C/C=C\C/C=C\CCCCCC(O)=O,hexadecatrienoate (16:3n3),7561-64-0,4471853,,,91820460,Neg
F100009394,209,57652,Lipid,Long Chain Polyunsaturated Fatty Acid (n3 and n6),NAMED,WPJGPAAPSBVXNU-HZJYTTRNSA-N,CCCCC/C=C\C/C=C\CCCCCC(O)=O,hexadecadienoate (16:2n6),28290-73-5,13628094,HMDB0000477,,13932172,Neg
F100009406,402,53223,Lipid,"Fatty Acid Metabolism (Acyl Carnitine, Monounsaturated)",NAMED,JFAGPSOZZSTLRF-KHPPLWFESA-N,O=C(OC(CC([O-])=O)C[N+](C)(C)C)CCCCCCC/C=C\CCCCCC,palmitoleoylcarnitine (C16:1)*,,28639183,HMDB0013207,,71464547,Pos Late
F100009413,209,57585,Xenobiotics,Chemical,NAMED,QCXJEYYXVJIFCE-UHFFFAOYSA-N,CC(NC1=CC=C(C(O)=O)C=C1)=O,4-acetamidobenzoate,556-08-1,18177,,D03836,6918889,Neg
F100010834,305,54676,Lipid,"Fatty Acid, Dicarboxylate",NAMED,XJMMNTGIMDZPMU-UHFFFAOYSA-N,OC(CC(CC(O)=O)C)=O,3-methylglutarate/2-methylglutarate,,,"HMDB0000422,HMDB0000752",,"1,228,412,046",Polar
F100010846,400,54909,Amino Acid,Glutamate Metabolism,NAMED,DLZVKKBSFAECMQ-YFKPBYRVSA-N,CCC(N[C@@H](CCC(N)=O)C(O)=O)=O,propionylglutamine,,32469839,,,,Pos Early
F100010873,402,54897,Lipid,Galactosyl Glycerolipids,NAMED,MUUBILNSVLPLLL-WVZYQCMWSA-N,O=C(CCCCCCC/C=C/C/C=C/CCCCC)OCC(OC(CCCCCCC/C=C/C/C=C/CCCCC)=O)COC(C1O)OC(C(C1O)O)COC(C2O)OC(C(C2O)O)CO,"1,2-dilinoleoyl-digalactosylglycerol (18:2/18:2)*",,24785309,,,,Pos Late
F100010874,402,54887,Lipid,Galactosyl Glycerolipids,NAMED,QZXMUPATKGLZAP-XZBBILGWSA-N,O=C(CCCCCCCCCCCCCCC)OCC(OC(CCCCCCC/C=C/C/C=C/CCCCC)=O)COC(C1O)OC(C(C1O)O)COC(C2O)OC(C(C2O)O)CO,1-palmitoyl-2-linoleoyl-digalactosylglycerol (16:0/18:2)*,,24785221,,,,Pos Late
F100010879,402,54899,Lipid,Galactosyl Glycerolipids,NAMED,BROOMPUVDPTGEG-JLHGMIPQSA-N,O[C@H]([C@H]1O)[C@H]([C@@H](CO)O[C@H]1OCC(COC(CCCCCCC/C=C/C/C=C/CCCCC)=O)OC(CCCCCCC/C=C/C/C=C/CCCCC)=O)O,"1,2-dilinoleoyl-galactosylglycerol (18:2/18:2)*",,5019375,,,6535011,Pos Late
F100010885,209,62372,Lipid,Galactosyl Glycerolipids,NAMED,DWKQIHQQZYILDB-DISYYVGZSA-N,O[C@H]([C@H]1O)[C@H]([C@@H](CO)O[C@H]1OC[C@@H](COC(CCCCCCCCCCCCCCC)=O)O)O,1-palmitoyl-galactosylglycerol (16:0)*,,8588782,,,10413348,Neg
F100010893,402,54901,Lipid,Galactosyl Glycerolipids,NAMED,QOCWWAJCODFCIV-OSTDEYQUSA-N,CCCCC/C=C\C/C=C\CCCCCCCC(OC[C@@H](OC(CCCCCCCCCCCCCCC)=O)CO[C@H](O[C@@H]1CO)[C@H](O)[C@@H](O)[C@H]1O)=O,1-palmitoyl-2-linoleoyl-galactosylglycerol (16:0/18:2)*,,23326991,,,,Pos Late
F100010896,209,57655,Nucleotide,"Pyrimidine Metabolism, Uracil containing",NAMED,SXUXMRMBWZCMEN-ZOQUXTDFSA-N,CO[C@@H]1[C@@H]([C@H](O[C@H]1N2C=CC(NC2=O)=O)CO)O,2'-O-methyluridine,2140-76-3,92343,HMDB0240328,,102212,Neg
F100010901,400,55015,Peptide,Gamma-glutamyl Amino Acid,NAMED,LNLLNTMHVMIMOG-YUMQZZPRSA-N,O=C(N[C@@H](CCCCN)C(O)=O)CC[C@H](N)C(O)=O,gamma-glutamyl-alpha-lysine,,58747,,,65254,Pos Early
F100010911,209,54934,Amino Acid,Glutamate Metabolism,NAMED,NDPAKOLXUGZWID-LURJTMIESA-N,O=C(CCC)N[C@H](C(O)=O)CCC(N)=O,butyrylglutamine/isobutyrylglutamine,,,,,,Neg
F100010926,402,54963,Lipid,Diacylglycerol,NAMED,ZDBLXLQFRZTIIU-ZPNZQGKLSA-N,OC[C@](OC(CCCC/C=C/C/C=C\C/C=C\CCCCC)=O)(COC(CCCCCCC/C=C\C/C=C\CCCCC)=O)[H],linoleoyl-linolenoyl-glycerol (18:2/18:3) [1]*,,,HMDB0007249,,14275409,Pos Late
F100010927,402,54964,Lipid,Diacylglycerol,NAMED,ZDBLXLQFRZTIIU-ZPNZQGKLSA-N,OC[C@](COC(CCCCCCC/C=C\C/C=C\CCCCC)=O)([H])OC(CCCC/C=C/C/C=C\C/C=C\CCCCC)=O,linoleoyl-linolenoyl-glycerol (18:2/18:3) [2]*,,,HMDB0007250,,9543737,Pos Late
F100010933,402,54952,Lipid,Diacylglycerol,NAMED,JVRVKOOOXHGJKI-ITLZUPGPSA-N,OC[C@](OC(CCCC/C=C\C/C=C\C/C=C\CCCCC)=O)(COC(CCCC/C=C\C/C=C\C/C=C\CCCCC)=O)[H],linolenoyl-linolenoyl-glycerol (18:3/18:3) [2]*,,,HMDB0007278,,14275411,Pos Late
F100010941,402,54968,Lipid,Diacylglycerol,NAMED,MQGBAQLIFKSMEM-WVZYQCMWSA-N,CCCCC/C=C/C/C=C/CCCCCCCC(OCC(OC(CCCCCCC/C=C/C/C=C/CCCCC)=O)CO)=O,linoleoyl-linoleoyl-glycerol (18:2/18:2) [1]*,,,HMDB0007248,,9543729,Pos Late
F100010942,402,54969,Lipid,Diacylglycerol,NAMED,MQGBAQLIFKSMEM-WVZYQCMWSA-N,CCCCC/C=C/C/C=C/CCCCCCCC(OCC(OC(CCCCCCC/C=C/C/C=C/CCCCC)=O)CO)=O,linoleoyl-linoleoyl-glycerol (18:2/18:2) [2]*,,,HMDB0007248,,9543729,Pos Late
F100015637,209,57663,Lipid,"Fatty Acid, Monohydroxy",NAMED,RPGJJWLCCOPDAZ-UHFFFAOYSA-N,CCCCCCCCCCCCCCCCCCCCC(O)C(O)=O,2-hydroxybehenate,,167899,HMDB0061660,,193484,Neg
F100015638,209,61698,Lipid,"Fatty Acid, Monohydroxy",NAMED,UFOOFOUFKSIFCD-KTKRTIGZSA-N,OC(C(O)=O)CCCCCCCCCCCC/C=C\CCCCCCCC,2-hydroxynervonate*,,4472208,,,5312783,Neg
F100015641,209,57664,Lipid,Endocannabinoid,NAMED,MBDKGXAMSZIDKF-KTKRTIGZSA-N,CCCCCCCC/C=C\CCCCCCCC(NC(C(O)=O)CO)=O,N-oleoylserine,,21466990,,,44190514,Neg
F100015642,402,57697,Lipid,Ceramides,NAMED,YWZGQPJRQXHVQX-HOXYDHSRSA-N,O[C@@H]([C@H](CO)NC(C(O)CCCCCCCCCCCCCC)=O)/C=C/CCCCCCCCCCCCC,N-(2-hydroxypalmitoyl)-sphingosine (d18:1/16:0(2OH)),34839-02-6,30786072,,,72715801,Pos Late
F100015643,402,57426,Lipid,Sphingolipid Synthesis,NAMED,KWDXKYNWAKMLKK-YQMRQDNGSA-N,OC(/C=C/CCCCCCCC/C=C\CCC)C(CO)N([H])[H],sphingadienine,25696-03-1,4952479,,,6449795,Pos Late
F100015654,402,57389,Lipid,Fatty Acid Hydroxyl Fatty Acid,NAMED,PGKKGBQMNNEIHV-PFONDFGASA-N,OC(CCCCCCCC(OC(CCCCCCC/C=C\CCCCCCCC)=O)CCCCCCCCC)=O,OAHSA (18:1/OH-18:0),,,,,,Pos Late
F100015655,402,57390,Lipid,Fatty Acid Hydroxyl Fatty Acid,NAMED,IKFIVOAPLOWJFQ-XVTLYKPTSA-N,CCCCCCC(OC(CCCCCCC/C=C\C/C=C\CCCCC)=O)CCCCCCCCCCC(O)=O,LAHSA (18:2/OH-18:0)*,,,,,,Pos Late
F100015656,209,57392,Lipid,"Fatty Acid, Monohydroxy",NAMED,RGRPPOXMMMSPAK-UHFFFAOYSA-N,OC(C(CCCCCCCCCCCCCCCC)OS(=O)(O)=O)=O,hydroxystearate sulfate,,,,,,Neg
F100015666,400,57404,Lipid,Phospholipid Metabolism,NAMED,ZWZWYGMENQVNFU-AKGZTFGVSA-N,OC([C@@H](N)COP(OCC(CO)O)(O)=O)=O,glycerophosphoserine*,,2339060,,,3081457,Pos Early
F100015723,402,57428,Lipid,Sphingosines,NAMED,BTUSGZZCQZACPT-YYZTVXDQSA-N,OC[C@H](N)[C@H](O)/C=C/CCCCCCCCCCC,hexadecasphingosine (d16:1)*,,28533427,,,14767871,Pos Late
F100015724,402,57427,Lipid,Sphingosines,NAMED,RBEJCQPPFCKTRZ-LHMZYYNSSA-N,OC[C@H](N)[C@H](O)/C=C/CCCCCCCCCCCC,heptadecasphingosine (d17:1),6918-48-5,4446670,,,5283557,Pos Late
F100015735,402,57432,Lipid,Ceramides,NAMED,ZKRPGPZHULJLKJ-IMVLJIQESA-N,OC(/C=C/CCCCCCCCCCCCC)C(CO)NC(CCCCCCCCCCCCC)=O,"ceramide (d18:1/14:0, d16:1/16:0)*",,,"HMDB0240681,HMDB0011773",,,Pos Late
F100015737,402,57434,Lipid,Ceramides,NAMED,ICWGMOFDULMCFL-SJCQXOIGSA-N,OC(/C=C/CCCCCCCCCCCCC)C(CO)NC(CCCCCCCCCCCCCCCC)=O,"ceramide (d18:1/17:0, d17:1/18:0)*",,,"HMDB0240683,HMDB0240678",,,Pos Late
F100015744,402,57443,Lipid,Ceramides,NAMED,QMVWGDBKESWTON-OQKRWUNJSA-N,CCCCCCCCCCCCC/C=C/C(O)C(NC(CCC/C=C/CC/C=C/CCCCCCCCCCCCCC)=O)CO,"ceramide (d18:2/24:1, d18:1/24:2)*",,,"HMDB0240679,HMDB0240680",,,Pos Late
F100015752,402,57444,Lipid,Hexosylceramides (HCER),NAMED,KNDOGXSGCOJBRQ-UHRQUHAFSA-N,O=C(C(O)CCCCCCCCCCCC/C=C\CCCCCCCC)NC(COC1OC(CO)C(O)C(O)C1O)C(O)/C=C/CCCCCCCCCCCCC,glycosyl-N-(2-hydroxynervonoyl)-sphingosine (d18:1/24:1(2OH))*,,,,,,Pos Late
F100015759,402,57464,Lipid,Fatty Acid Metabolism (Acyl Choline),NAMED,WYVHUXGFCVDOEA-UHFFFAOYSA-N,C[N+](C)(C)C[CH-]OC(CCCCCCCCCCCCCCCCC)=O,stearoylcholine*,,,HMDB0240648,,90111,Pos Late
F100015760,402,57463,Lipid,Fatty Acid Metabolism (Acyl Choline),NAMED,GVYIAXNFCSAJSK-OKLKQMLOSA-N,C[N+](C)(C)C[CH-]OC(CCCCCCC/C=C/C/C=C/CCCCC)=O,linoleoylcholine*,,,HMDB0013213,,53481656,Pos Late
F100015776,402,57794,Xenobiotics,Drug - Gastrointestinal,NAMED,FELGMEQIXOGIFQ-UHFFFAOYSA-N,CC1=NC=CN1CC2CCC3=C(C2=O)c4c(N3C)cccc4,ondansetron,99614-02-5,4434,HMDB0005035,C07325,4595,Pos Late
F100015797,209,57658,Lipid,Long Chain Polyunsaturated Fatty Acid (n3 and n6),NAMED,OQOCQFSPEWCSDO-JLNKQSITSA-N,OC(CCCC/C=C\C/C=C\C/C=C\C/C=C\C/C=C\CC)=O,heneicosapentaenoate (21:5n3),24257-10-1,10171040,,,11998573,Neg
F100015831,402,57511,Lipid,"Fatty Acid Metabolism (Acyl Carnitine, Polyunsaturated)",NAMED,WJCRATGUUISKDG-QNEBEIHSSA-N,O=C(OC(C[N+](C)(C)C)CC([O-])=O)CCCCCCC/C=C\C/C=C\C/C=C\CC,linolenoylcarnitine (C18:3)*,,,,,,Pos Late
F100015832,402,57514,Lipid,"Fatty Acid Metabolism (Acyl Carnitine, Long Chain Saturated)",NAMED,IUMXSSOVGPXXJL-UHFFFAOYSA-N,O=C(OC(C[N+](C)(C)C)CC([O-])=O)CCCCCCCCCCCCCCCCCCCCC,behenoylcarnitine (C22)*,,28639204,HMDB0062468,,71464577,Pos Late
F100015833,402,57513,Lipid,"Fatty Acid Metabolism (Acyl Carnitine, Long Chain Saturated)",NAMED,SVJLJQBGUITFLI-UHFFFAOYSA-N,O=C(OC(C[N+](C)(C)C)CC([O-])=O)CCCCCCCCCCCCCCCCCCC,arachidoylcarnitine (C20)*,,28639199,HMDB0006460,,53477833,Pos Late
F100015834,402,57515,Lipid,"Fatty Acid Metabolism (Acyl Carnitine, Long Chain Saturated)",NAMED,YDUFZFUYBBPVLJ-UHFFFAOYSA-N,O=C(CCCCCCCCCCCCCCCCCCCCCCC)OC(C[N+](C)(C)C)CC([O-])=O,lignoceroylcarnitine (C24)*,,,HMDB0240665,,,Pos Late
F100015837,402,57518,Lipid,"Fatty Acid Metabolism (Acyl Carnitine, Polyunsaturated)",NAMED,RBFQHRALHSUPIA-SNPVRQPZSA-N,CCCCC/C=C\C/C=C\C/C=C\C/C=C\CCCC(OC(C[N+](C)(C)C)CC([O-])=O)=O,arachidonoylcarnitine (C20:4),,,HMDB0006455,,136212424,Pos Late
F100015838,402,57519,Lipid,"Fatty Acid Metabolism (Acyl Carnitine, Monounsaturated)",NAMED,PVOQPLSKYNZHOT-OUKQBFOZSA-N,O=C(OC(CC([O-])=O)C[N+](C)(C)C)CCCCCCCCC/C=C/CCCCCCCC,eicosenoylcarnitine (C20:1)*,,,,,,Pos Late
F100015839,402,57520,Lipid,"Fatty Acid Metabolism (Acyl Carnitine, Polyunsaturated)",NAMED,OLZWDVKTOGTVLC-UTJQPWESSA-N,O=C(CCCCCCCCC/C=C\C/C=C\CCCCC)OC(C[N+](C)(C)C)CC([O-])=O,dihomo-linoleoylcarnitine (C20:2)*,,,,,,Pos Late
F100015841,402,57525,Lipid,"Fatty Acid Metabolism (Acyl Carnitine, Monounsaturated)",NAMED,WDWXOVLPQSTGNY-SEYXRHQNSA-N,O=C(CCCCCCCCCCC/C=C\CCCCCCCC)OC(CC([O-])=O)C[N+](C)(C)C,erucoylcarnitine (C22:1)*,,,,,,Pos Late
F100015845,402,57523,Lipid,"Fatty Acid Metabolism (Acyl Carnitine, Polyunsaturated)",NAMED,WLLMYDQRCSWAST-WSDBEMKQSA-N,O=C(CC/C=C\C/C=C\C/C=C\C/C=C\C/C=C\C/C=C\CC)OC(C[N+](C)(C)C)CC([O-])=O,docosahexaenoylcarnitine (C22:6)*,,,,,,Pos Late
F100015851,402,57529,Lipid,"Fatty Acid Metabolism (Acyl Carnitine, Polyunsaturated)",NAMED,MJPIXACTUMSGGI-WMPRHZDHSA-N,O=C(OC(CC([O-])=O)C[N+](C)(C)C)CCCCC/C=C\C/C=C\C/C=C\C/C=C\C/C=C\CC,docosapentaenoylcarnitine (C22:5n3)*,,,,,71464594,Pos Late
F100015853,402,57532,Lipid,Endocannabinoid,NAMED,AUJVQJHODMISJP-UHFFFAOYSA-N,O=C(CCCCCCCCCCCCCCCCCCC)N([H])CCO,arachidoyl ethanolamide (20:0)*,,3015157,,,3787294,Pos Late
F100015854,402,57534,Lipid,Endocannabinoid,NAMED,XHFWUECSNJWBJU-UHFFFAOYSA-N,O=C(CCCCCCCCCCCCCCCCCCCCC)N([H])CCO,behenoyl ethanolamide (22:0)*,,2289737,,,3023585,Pos Late
F100015855,402,57535,Lipid,Endocannabinoid,NAMED,HJPVEPFLQVCCLM-UHFFFAOYSA-N,O=C(CCCCCCCCCCCCCCCCCCCCCCC)NCCO,lignoceroyl ethanolamide (24:0)*,,21169187,,,,Pos Late
F100015857,402,57536,Lipid,Endocannabinoid,NAMED,LISKWSFNVJTQKH-KTKRTIGZSA-N,O=C(CCCCCCCCCCCCC/C=C\CCCCCCCC)NCCO,nervonoyl ethanolamide (24:1)*,,21169186,,,,Pos Late
F100015860,402,57533,Lipid,Endocannabinoid,NAMED,UGYSMGXRWBTMRZ-KTKRTIGZSA-N,O=C(CCCCCCCCCCC/C=C\CCCCCCCC)N([H])CCO,erucoyl ethanolamide (22:1)*,,4941114,,,6436482,Pos Late
F100015862,402,57541,Lipid,Endocannabinoid,NAMED,WFRLANWAASSSFV-FPLPWBNLSA-N,O=C(NCCO)CCCCCCC/C=C\CCCCCC,palmitoleoyl ethanolamide*,,8011589,HMDB0013648,,9835868,Pos Late
F100015863,402,57542,Lipid,Endocannabinoid,NAMED,GCCFMSAXQJECNH-UHFFFAOYSA-N,CCCCCCCCCCCCCCCCC(NCCO)=O,margaroyl ethanolamide*,,21467441,,,14455158,Pos Late
F100015865,402,57544,Lipid,Sphingolipid Synthesis,NAMED,ZKLREJQHRKUJHD-JKSUJKDBSA-N,O[C@H](CCCCCCCCCCCCC)[C@H](CO)N,hexadecasphinganine (d16:0)*,,571105,,C13915,656816,Pos Late
F100015870,402,57597,Lipid,Sphingosines,NAMED,HTJSZHKGNMXZJN-WUKNDPDISA-N,CCCCCCCCCCCCCCC/C=C/C(O)C(N)CO,eicosanoylsphingosine (d20:1)*,,,,,,Pos Late
F100015882,402,57595,Lipid,Hexosylceramides (HCER),NAMED,FXNTXJCUSRJUFN-QOSDPKFLSA-N,OCC(NC(CCCCCCCCCCCCCCCCCCC)=O)C(OC1OC(CO)C(O)C(O)C1O)/C=C/CCCCCCCCCCCCC,"glycosyl ceramide (d18:1/20:0, d16:1/22:0)*",,,,,,Pos Late
F100015962,400,57687,Amino Acid,Lysine Metabolism,NAMED,CDLVFVFTRQPQFU-UHFFFAOYSA-N,C[N+](C)(C)CCCCC([O-])=O,"N,N,N-trimethyl-5-aminovalerate",,34236878,,,14274897,Pos Early
F100015965,209,63152,Xenobiotics,Food Component/Plant,NAMED,WYUFTYLVLQZQNH-UHFFFAOYSA-N,CCOC1C(O)C(O)C(O)C(CO)O1,ethyl alpha-glucopyranoside,34625-23-5,378664,HMDB0029968,,11127487,Neg
F100015966,402,57635,Cofactors and Vitamins,Vitamin A Metabolism,NAMED,JKQXZKUSFCKOGQ-DKLMTRRASA-N,CC1=C(/C=C/C(C)=C/C=C/C(C)=C/C=C/C=C(C)/C=C/C=C(C)/C=C/C2=C(C)CC(O)CC2(C)C)C(C)(C)CC(O)C1,carotene diol (1),,,,,,Pos Late
F100015967,402,57636,Cofactors and Vitamins,Vitamin A Metabolism,NAMED,JKQXZKUSFCKOGQ-DKLMTRRASA-N,CC1=C(/C=C/C(C)=C/C=C/C(C)=C/C=C/C=C(C)/C=C/C=C(C)/C=C/C2=C(C)CC(O)CC2(C)C)C(C)(C)CC(O)C1,carotene diol (2),,,,,,Pos Late
F100015968,402,57637,Cofactors and Vitamins,Vitamin A Metabolism,NAMED,JKQXZKUSFCKOGQ-DKLMTRRASA-N,CC1=C(/C=C/C(C)=C/C=C/C(C)=C/C=C/C=C(C)/C=C/C=C(C)/C=C/C2=C(C)CC(O)CC2(C)C)C(C)(C)CC(O)C1,carotene diol (3),,,,,,Pos Late
F100015988,209,57774,Lipid,Secondary Bile Acid Metabolism,NAMED,DGABKXLVXPYZII-MMTMODRTSA-N,O[C@@H]1[C@@](C2)([H])[C@@](CC[C@@H]2O)(C)[C@]3([H])[C@](C1)([H])[C@@]4([H])[C@@](CC3)(C)[C@]([C@H](C)CCC(O)=O)([H])CC4,isohyodeoxycholate,570-84-3,4446910,HMDB0000664,,5283822,Neg
F100016038,400,57814,Amino Acid,Polyamine Metabolism,NAMED,MQTAVJHICJWXBR-UHFFFAOYSA-N,CC(NCCCNCCCCN)=O,(N(1) + N(8))-acetylspermidine,,,"HMDB0002189,HMDB0001276","C01029,C00612","496,123,689",Pos Early
F100016069,402,61769,Lipid,"Fatty Acid Metabolism (Acyl Carnitine, Monounsaturated)",NAMED,PETYOUXDCHQKTQ-QXPKXGMISA-N,CCCCCC/C=C\CCCC(O[C@@H](C[N+](C)(C)C)CC([O-])=O)=O,5-dodecenoylcarnitine (C12:1),,,HMDB13326,,91825571,Pos Late
F100019761,402,62881,Lipid,Dihydroceramides,NAMED,IVBULNXGVIHEKN-MVIDNBQJSA-N,CCCCCCCCCCCCCC[C@@H](O)[C@H]([C@@H](NC(CCCCCCCCCCCCCCC)=O)CO)O,N-palmitoyl-phytosphingosine (t18:0/16:0),,8682389,HMDB0010697,,10506988,Pos Late
F100019886,209,61691,Peptide,Dipeptide,NAMED,BRUHBTCDONOARU-UHFFFAOYSA-N,O=C(O)C(CC1=CNC=N1)NC(CCCC)=O,valerylhistidine*,,,HMDB0029129,,18218255,Neg
F100019888,209,61693,Amino Acid,Tryptophan Metabolism,NAMED,JROXMYGUCMIQQD-UHFFFAOYSA-N,O=C(O)C(NC(CCCC)=O)CC1=CNC2=C1C=CC=C2,valeryltryptophan*,,,HMDB0029138,,3360287,Neg
F100019892,209,61700,Lipid,"Fatty Acid, Monohydroxy",NAMED,CPLYLXYEVLGWFJ-UHFFFAOYSA-N,CCCCCCCCCCCCCCCCCCC(O)C(O)=O,2-hydroxyarachidate*,,4395406,,,5225199,Neg
F100019957,209,61822,Lipid,Endocannabinoid,NAMED,CLHUCXCVFSEJRR-UHFFFAOYSA-N,CCCCCCCCCCCCCCCCCC(NC(C(O)=O)CO)=O,N-stearoylserine*,,15545488,,,,Neg
F100019958,209,61823,Lipid,"Fatty Acid, Amide",NAMED,UQQXKOPWRCINAH-HZJYTTRNSA-N,O=C(O)C(CO)NC(CCCCCCC/C=C\C/C=C\CCCCC)=O,N-linoleoylserine*,,,,,,Neg
F100019960,305,61827,Lipid,"Fatty Acid, Monohydroxy",NAMED,RGMMREBHCYXQMA-UHFFFAOYSA-N,OC(C(O)CCCCC)=O,2-hydroxyheptanoate*,,2032206,,,2750949,Polar
F100019968,305,61858,Carbohydrate,Pentose Metabolism,NAMED,QXKAIJAYHKCRRA-PZGQECOJSA-N,OC[C@H](O)[C@@H](O)[C@@H](O)C(O)=O,lyxonate,,,HMDB0060255,,,Polar
F100019969,209,62869,Lipid,"Fatty Acid, Dicarboxylate",NAMED,QCNWZROVPSVEJA-UHFFFAOYSA-N,OC(CCCCCCCCCCCCCCCC(O)=O)=O,heptadecanedioate (C17-DC),2424-90-0,2340922,,,3083765,Neg
F100019972,209,61864,Lipid,"Fatty Acid, Dicarboxylate",NAMED,OHCMUMNQAHNIEP-HNQUOIGGSA-N,OC(CCC/C=C/CCCCCC(O)=O)=O,dodecenedioate (C12:1-DC)*,,,HMDB0000933,,5283028,Neg
F100019975,209,61862,Lipid,"Fatty Acid, Dicarboxylate",NAMED,IWTMSCUHCJHPPR-ACCUITESSA-N,O=C(O)CCCCCCCCCCCC/C=C/C(O)=O,hexadecenedioate (C16:1-DC)*,,,,,,Neg
F100019978,209,61861,Lipid,"Fatty Acid, Dicarboxylate",NAMED,YDPSQMGOAILWPE-FYWRMAATSA-N,O=C(O)CCCCCCCCCCCCCC/C=C/C(O)=O,octadecenedioate (C18:1-DC),,,,,9543674,Neg
F100019982,209,61860,Lipid,"Fatty Acid, Dicarboxylate",NAMED,ZKQNWTGXRAIVGG-PXELCPQFSA-N,O=C(O)CCCCCCCCCCCC/C=C/C=C/C(O)=O,octadecadienedioate (C18:2-DC)*,,,,,,Neg
F100020207,209,62061,Xenobiotics,Food Component/Plant,NAMED,DKEIWIJUHWVGRC-UHFFFAOYSA-N,O=C1C(C(O)=C2)=C(C=C2OS(=O)(O)=O)OC=C1C(C=C3)=CC=C3O,genistein sulfate*,,,,,,Neg
F100020217,400,62947,Amino Acid,Urea cycle; Arginine and Proline Metabolism,NAMED,KXONJPJIFNGMCN-UHFFFAOYSA-N,O=C(C([N+](C)(C)C)C)N1CCCC1C([O-])=O,"N,N,N-trimethyl-alanylproline betaine (TMAP)",,,HMDB0240365,,,Pos Early
F100020219,209,62863,Xenobiotics,Food Component/Plant,NAMED,OLNJUISKUQQNIM-UHFFFAOYSA-N,O=CC1=CNC2=CC=CC=C12,3-formylindole,487-89-8,9838,HMDB29737,C08493,10256,Neg
F100020242,400,62105,Amino Acid,Polyamine Metabolism,NAMED,SKQLBVJMDVTJMX-UHFFFAOYSA-N,CC(N(C(C)=O)CCCCNCCCN)=O,diacetylspermidine*,,25944163,HMDB0002172,C03413,132680,Pos Early
F100020272,209,62857,Xenobiotics,Food Component/Plant,NAMED,UMCDODPBPQMWQP-UHFFFAOYSA-N,COC1=C(OS(=O)(O)=O)C=CC(CCC(O)=O)=C1,dihydroferulic acid sulfate,,162994,HMDB0041724,,187489,Neg
F100020343,209,62850,Lipid,Long Chain Polyunsaturated Fatty Acid (n3 and n6),NAMED,HXHZGHRLVRFQDR-HZJYTTRNSA-N,OC(CCC/C=C\C/C=C\CCCCC)=O,tetradecadienoate (14:2)*,39039-37-7,4471834,HMDB0000560,,5312409,Neg
F100020351,209,62852,Amino Acid,"Leucine, Isoleucine and Valine Metabolism",NAMED,JDXMIYHOSFNZKO-UHFFFAOYSA-N,OC(C(C(C)C)NC(N)=O)=O,N-carbamoylvaline,26081-00-5,4324497,,,448879,Neg
F100020361,400,62853,Amino Acid,Urea cycle; Arginine and Proline Metabolism,NAMED,YCCMTCQQDULIFE-UHFFFAOYSA-N,NC1CCCNC1=O,3-amino-2-piperidone,1892-22-4,4371576,HMDB0000323,,5200225,Pos Early
F100020372,209,63583,Xenobiotics,Food Component/Plant,NAMED,DWLVFWDCSFTDOD-UHFFFAOYSA-N,OC(C(C1=CNC2=C1C=CC=C2)=O)=O,3-indoleglyoxylic acid,1477-49-2,66497,,,73863,Neg
F100020378,209,63357,Lipid,"Fatty Acid, Dicarboxylate",NAMED,LPIOYESQKJFWPQ-UHFFFAOYSA-N,OC(C(O)=O)CCCCCCCC(O)=O,2-hydroxysebacate,103963-71-9,113866,HMDB0000424,,128458,Neg
F100020407,209,64041,Xenobiotics,Food Component/Plant,NAMED,CGSFDOCYHBJLFW-WMLDXEAASA-N,O=C([C@@]1(CC2=CC(OS(=O)(O)=O)=CC=C2)[H])OC[C@@]1(CC3=CC(O)=CC=C3)[H],enterolactone sulfate,,,"HMDB0240506,HMDB0240505",,,Neg
F100020417,400,62862,Amino Acid,Lysine Metabolism,NAMED,XXEWFEBMSGLYBY-ZETCQYMHSA-N,OC([C@@H](N)CCCCN(C)C)=O,"N6,N6-dimethyllysine",2259-86-1,167778,HMDB0013287,C05545,193344,Pos Early
F100020480,209,62280,Cofactors and Vitamins,Tocopherol Metabolism,NAMED,XJAVOQFBEMHLBM-UHFFFAOYSA-N,O=S(OC1=C(C)C(C)=C2C(CCC(C)(CCC(O)=O)O2)=C1)(O)=O,gamma-CEHC sulfate,,,,,,Neg
F100020487,400,62309,Amino Acid,Polyamine Metabolism,NAMED,YGIAGXACEXFIDU-UHFFFAOYSA-N,O=C(C)NCCCNCCCC(O)=O,N-acetyl-isoputreanine,,,,,131802901,Pos Early
F100020536,209,63072,Xenobiotics,Benzoate Metabolism,NAMED,KHZCNGJFSKSSIJ-UHFFFAOYSA-N,OC1=CC=C(CC)C=C1OS(=O)(O)=O,4-ethylcatechol sulfate,,,,,,Neg
F100020545,400,63254,Amino Acid,Lysine Metabolism,NAMED,UNPVIYLDJYPILW-VIFPVBQESA-N,OC([C@@H](NC(C)=O)CCCCN(C)C)=O,"N2-acetyl,N6,N6-dimethyllysine",,,,,,Pos Early
F100020547,209,62311,Lipid,Pregnenolone Steroids,NAMED,NAZGRBPLFCORNW-VTBMCCKRSA-N,C[C@]12CC[C@H](OS(=O)(O)=O)C[C@]1([H])CC[C@]3([H])[C@]2([H])CC[C@@]4(C)[C@@]3([H])CC[C@]4([H])C(CO)=O,21-hydroxypregnanolone monosulfate (1),,,,,,Neg
F100020597,209,63605,Lipid,"Fatty Acid, Dihydroxy",NAMED,ALIMQMXFBHPNPR-FLIBITNWSA-N,OS(=O)(OC(C(CCCCCCCC(O)=O)O)C/C=C\CCCCC)=O,"9,10-DiHOME sulfate",,,,,,Neg
F100020674,209,62321,Lipid,Progestin Steroids,NAMED,LSQGWMYMIHQKSA-ZVPCKFNKSA-N,C[C@]12CC[C@H](OS(=O)(O)=O)C[C@]1([H])CC[C@]3([H])[C@]2([H])CC[C@@]4(C)[C@@]3([H])CC[C@]4([H])[C@@H](OS(O)(=O)=O)C,"5alpha-pregnan-3beta,20beta-diol disulfate*",,,,,,Neg
F100020715,209,62383,Lipid,Long Chain Polyunsaturated Fatty Acid (n3 and n6),NAMED,FAFSAZIEJFMBBY-PDBXOOCHSA-N,O=C(CCCCCC/C=C\C/C=C\C/C=C\CC)O,heptadecatrienoate (17:3)*,,17220717,,C16344,16061034,Neg
F100020723,209,62396,Nucleotide,Dinucleotide,NAMED,UYSXBCQACJTYFS-XPWFQUROSA-N,O[C@@H]1[C@@H]([C@@H](CO)O[C@H]1N2C3=NC=NC(N([H])[H])=C3N=C2)OP(OC[C@H]([C@H]([C@H]4O)O)O[C@H]4N5C6=NC=NC(N([H])[H])=C6N=C5)(O)=O,(3'-5')-adenylyladenosine*,,85040,,,94231,Neg
F100020724,209,62760,Nucleotide,Dinucleotide,NAMED,LWBLDUTUVIXFJE-INFSMZHSSA-N,O[C@@H]1[C@@H]([C@@H](CO)O[C@H]1N2C3=NC=NC(N([H])[H])=C3N=C2)OP(OC[C@H]([C@H]([C@H]4O)O)O[C@H]4N5C(N([H])C(N([H])[H])=NC6=O)=C6N=C5)(O)=O,(3'-5')-adenylylguanosine*,,392294,,,135508729,Neg
F100020725,209,62761,Nucleotide,Dinucleotide,NAMED,PBWYGOYNGCCLAU-UHFFFAOYSA-N,OC1C(OP(OCC2OC(N3C=NC4=C3N=CN=C4N)C(O)C2O)(O)=O)C(CO)OC1N5C=NC6=C5N=C(N)NC6=O,(3'-5')-guanylyladenosine*,,,,,,Neg
F100020728,209,62399,Nucleotide,Dinucleotide,NAMED,VSIFECIDUDPNRC-UHFFFAOYSA-N,OC1C(OP(OCC2OC(N3C=CC(NC3=O)=O)C(O)C2O)(O)=O)C(CO)OC1N4C=CC(N)=NC4=O,(3'-5')-cytidylyluridine*,,,,,145459097,Neg
F100020769,209,62449,Lipid,Monoacylglycerol,NAMED,KRUXHXDPFZXFJX-FPLPWBNLSA-N,CCCCCC/C=C\CCCCCCCCC(OCC(O)CO)=O,1-heptadecenoylglycerol (17:1)*,,58191491,,,,Neg
F100020822,209,62524,Xenobiotics,Food Component/Plant,NAMED,WEPNMLSXEATIJK-UHFFFAOYSA-N,OC1=CC(CCC(O)=O)=CC=C1OS(O)(=O)=O,dihydrocaffeate sulfate (2),,,,,,Neg
F100020824,209,62527,Lipid,Secondary Bile Acid Metabolism,NAMED,AXDXVEYHEODSPN-HVATVPOCSA-N,[H][C@@]12[C@@]3(C)CC[C@@H](OS(=O)(O)=O)C[C@@]3([H])CC[C@@]1([H])[C@]4([H])CC[C@]([H])([C@H](C)CCC(O)=O)[C@@]4(C)CC2,lithocholic acid sulfate (2),,,,,,Neg
F100020837,209,63042,Xenobiotics,Drug - Topical Agents,NAMED,AKEUNCKRJATALU-UHFFFAOYSA-N,OC(C1=C(O)C=CC=C1O)=O,"2,6-dihydroxybenzoic acid",303-07-1,8974,HMDB0013676,,9338,Neg
F100020840,402,62746,Lipid,Endocannabinoid,NAMED,HBJXRRXWHSHZPU-PDBXOOCHSA-N,O=C(CCCCCCC/C=C\C/C=C\C/C=C\CC)N([H])CCO,linolenoyl ethanolamide,57086-93-8,4446569,HMDB0013624,,5283449,Pos Late
F100020842,400,62819,Amino Acid,Lysine Metabolism,NAMED,UYZSNVLEDLCWGU-UHFFFAOYSA-N,CN(C)CCCCC(O)=O,"N,N-dimethyl-5-aminovalerate",,,,,,Pos Early
F100020845,209,62785,Lipid,Secondary Bile Acid Metabolism,NAMED,GLVWZDCWCRWVFM-LBSADWJPSA-N,[H][C@@]12[C@@]3(C)CC[C@@H](OS(=O)(O)=O)C[C@@]3([H])C[C@H](O)[C@@]1([H])[C@]4([H])CC[C@]([H])([C@H](C)CCC(NCCS(=O)(O)=O)=O)[C@@]4(C)CC2,tauroursodeoxycholic acid sulfate (2),,,,,,Neg
F100020848,209,62793,Lipid,Corticosteroids,NAMED,UCVZOQFWMUAZJZ-GXBDJPPSSA-N,[H][C@@]12[C@@]3(C)CC[C@@H](OS(=O)(O)=O)C[C@@]3([H])CC[C@@]1([H])[C@]4([H])CC[C@](O)(C(CO)=O)[C@@]4(C)C[C@@H]2O,tetrahydrocortisol sulfate (1),,,,,,Neg
F100020849,209,62794,Lipid,Corticosteroids,NAMED,UCVZOQFWMUAZJZ-GXBDJPPSSA-N,[H][C@@]12[C@@]3(C)CC[C@@H](OS(=O)(O)=O)C[C@@]3([H])CC[C@@]1([H])[C@]4([H])CC[C@](O)(C(CO)=O)[C@@]4(C)C[C@@H]2O,tetrahydrocortisol sulfate (2),,,,,,Neg
F100020859,209,63118,Lipid,Secondary Bile Acid Metabolism,NAMED,CVNYHSDFZXHMMJ-VPUMZWJWSA-N,O=C1[C@@]([C@]([C@H](C)CCC(O)=O)([H])CC2)(C)[C@]2([H])[C@@]3([H])[C@@](C1)([H])[C@](CC[C@H]4O)(C)[C@](C4)([H])CC3,12-ketolithocholate,5130-29-0,2338365,HMDB0000328,,3080612,Neg
F100020860,209,63119,Lipid,Secondary Bile Acid Metabolism,NAMED,WMUMZOAFCDOTRW-OVEHVULHSA-N,O[C@@H]1[C@@]([C@]([C@H](C)CCC(O)=O)([H])CC2)(C)[C@]2([H])[C@@]3([H])[C@@](C1)([H])[C@](CCC4=O)(C)[C@](C4)([H])CC3,3-dehydrodeoxycholate,1/7/85,141233,HMDB0062742,,160738,Neg
F100020893,209,62805,Amino Acid,"Methionine, Cysteine, SAM and Taurine Metabolism",NAMED,XMZBEAXQGSBWLG-NSCUHMNNSA-N,OC(C(O)=O)C(O)/C=C/SC,"2,3-dihydroxy-5-methylthio-4-pentenoate (DMTPA)*",,,HMDB0240388,,,Neg
F100020975,209,63227,Xenobiotics,Chemical,NAMED,GOXQGRHDLROYBT-UHFFFAOYSA-N,CC1=NC=CC=C1OS(=O)(O)=O,3-hydroxy-2-methylpyridine sulfate,,,,,,Neg
F100020992,209,62840,Peptide,Dipeptide,NAMED,PCMCCGUMENQJAT-UHFFFAOYSA-N,O=C1C(CC2=CC=C(OS(O)(=O)=O)C=C2)NC(C3N1CCC3)=O,cyclo(pro-sulfo-tyr)*,,,,,,Neg
F100020993,209,62841,Peptide,Dipeptide,NAMED,NAKUGCPAQTUSBE-DTWKUNHWSA-N,O=C1N[C@@H](CC2=CNC=N2)C(N3CCC[C@]13[H])=O,"cyclo(his-pro) (D,L)*",,,,,,Neg
F100021038,402,64094,Xenobiotics,Food Component/Plant,NAMED,YKGCBLWILMDSAV-UHFFFAOYSA-N,C/C(C)=C\Cc1c(OC(c2ccc(O)cc2)CC3=O)c3c(OC)cc1O,isoxanthohumol,70872-29-6,447736,HMDB34048,,513197,Pos Late
F100021052,400,64071,Amino Acid,Urea cycle; Arginine and Proline Metabolism,NAMED,LJNDQMBPIQGDNB-UHFFFAOYSA-N,O=C(O)C(NCC(O)=O)CCCNC(N)=N,carboxymethylarginine,18416-86-9,11545330,HMDB39111,,,Pos Early
F100021065,209,63048,Xenobiotics,Bacterial/Fungal,NAMED,IJKRDVKGCQRKBI-UHFFFAOYSA-N,CCCCCCC1CC1CCCCCCCCCC(O)=O,lactobacillic acid,503-06-0,9988,,,656761,Neg
F100021092,209,62887,Xenobiotics,Food Component/Plant,NAMED,WXAIESXRQLSDGI-UHFFFAOYSA-N,COC1=C(O)C=C2C(C(C(C3=CC=C(OS(O)(=O)=O)C=C3)=CO2)=O)=C1,glycitein sulfate (2),,,,,,Neg
F100021093,209,62890,Lipid,Secondary Bile Acid Metabolism,NAMED,IJHJZQKOSUFQCX-WZJRQFJBSA-N,[H][C@@](CCC(NCCS(O)(=O)=O)=O)([C@]1(CC[C@]2([C@@]3([C@@H](C[C@@]4(C[C@H](S(O)(=O)=O)CC[C@@]4([C@]3(C[C@H]([C@]12C)O)[H])C)[H])O)[H])[H])[H])C,taurochenodeoxycholic acid 3-sulfate,,24850141,HMDB0002486,,52931550,Neg
F100021102,400,62920,Peptide,Dipeptide,NAMED,NUWIAVSANIAUAA-UHFFFAOYSA-N,O=C1N2C(CC(O)C2)C(N3C1CCC3)=O,cyclo(pro-hydroxypro)*,,,,,,Pos Early
F100021194,400,63155,Xenobiotics,Food Component/Plant,NAMED,XYUPSBLFPTWJLC-UHFFFAOYSA-N,OC(C(C)N([H])CC(O)=O)=O,N-carboxymethylalanine,106327-05-3,2044984,,,440119,Pos Early
F100021198,400,63057,Lipid,Fatty Acid Metabolism (Acyl Glycine),NAMED,MNYZGNSHBPLAFN-UHFFFAOYSA-N,O=C(C1=CC=CC=N1)N([H])CC(O)=O,picolinoylglycine,5616-29-5,9963296,HMDB0059766,,11788622,Pos Early
F100021199,402,63060,Lipid,Sterol,NAMED,MKGZDUKUQPPHFM-LPJPOILFSA-N,O=C1CC[C@]2(C)[C@]3([H])[C@](CCC2=C1)([H])[C@@]4([H])[C@@](CC3)(C)[C@]([C@@H](/C=C/[C@@H](CC)C(C)C)C)([H])CC4,stigmastadienone,,4946289,,,249915307,Pos Late
F100021220,305,63678,Amino Acid,"Methionine, Cysteine, SAM and Taurine Metabolism",NAMED,SBQWITJAJITAMM-UHFFFAOYSA-N,OC(CCC(NCCS(=O)(O)=O)=O)=O,succinoyltaurine,,20509456,,,,Polar
F100021223,209,63224,Lipid,Endocannabinoid,NAMED,ADFXUGRCALOSKU-UHFFFAOYSA-N,CCCCCC(NCCS(=O)(O)=O)=O,hexanoyltaurine,,1680723,,,2245940,Neg
F100021233,209,63226,Lipid,Endocannabinoid,NAMED,VWRPEMDBGHWXEQ-UHFFFAOYSA-N,O=C(CCCCCCCC(O)=O)NCCS(=O)(O)=O,azeloyltaurine,,,,,,Neg
F100021236,402,63037,Lipid,Sphingolipid Synthesis,NAMED,CQKNELOTFUSOTP-HMTIOLNVSA-N,OC[C@@](N)([H])[C@@](O)([H])[C@]([H])(O)CCC/C=C/CCCCCCCCC,dehydrophytosphingosine*,,26333231,HMDB0038057,,14757418,Pos Late
F100021237,402,63038,Lipid,Dihydroceramides,NAMED,IEZRNEGTKRQRFV-LFBNJJMOSA-N,[H][C@](NC(CCCCCCCCCCCCCCCCC)=O)(CO)[C@@](O)([H])[C@H](O)CCCCCCCCCCCCCC,N-stearoyl-phytosphingosine (t18:0/18:0)*,,8074300,,,9898642,Pos Late
F100021256,305,63342,Xenobiotics,Benzoate Metabolism,NAMED,ITPFIKQWNDGDLG-UHFFFAOYSA-N,Oc1cc(CCC(O)=O)cc(O)c1,"3,5-dihydroxyphenylpropionate",26539-01-5,141878,HMDB0125533,,161525,Polar
F100021261,400,63052,Peptide,Dipeptide Derivative,NAMED,JCCZCUUYYHWRGX-UHFFFAOYSA-N,NC(CC(C)C)C(N1C(C(O)=O)CC(O)C1)=O,leucylhydroxyproline*,,20170035,HMDB0028930,,20847829,Pos Early
F100021277,209,63160,Amino Acid,Tryptophan Metabolism,NAMED,CGRRUFNHHQCLDZ-UHFFFAOYSA-N,Oc1ccc(C(O)=O)nc1,5-hydroxypicolinic acid,15069-92-8,236246,,,268740,Neg
F100021372,305,63739,Amino Acid,"Methionine, Cysteine, SAM and Taurine Metabolism",NAMED,ONFOSYPQQXJWGS-UHFFFAOYSA-N,CSCCC(O)C(O)=O,2-hydroxy-4-(methylthio)butanoic acid,583-91-5,,HMDB0037115,,11427,Polar
F100021376,209,63670,Lipid,Fatty Acid Metabolism (Acyl Glycine),NAMED,IEWHONSDBIATGX-UHFFFAOYSA-N,CCCCCCCCCCCCCCC(O)CC(NCC(O)=O)=O,3-hydroxymargaroylglycine,,8720739,,,10545348,Neg
F100021388,209,63858,Lipid,"Fatty Acid, Monohydroxy",NAMED,CWSNHZHHWHLJIM-UHFFFAOYSA-N,CCCCCCCCCCC(O)CC(O)=O,3-hydroxytridecanoate,32602-69-0,4472174,HMDB0061655,,5312749,Neg
F100021467,305,63264,Partially Characterized Molecules,Partially Characterized Molecules,NAMED,,,pentose acid*,,,HMDB0000892,C00803,7991,Polar
F100021469,209,63406,Amino Acid,Phenylalanine Metabolism,NAMED,POWFRKKVHBUFNI-UHFFFAOYSA-N,CCCC(NC(CC1=CC=CC=C1)C(O)=O)=O,N-butyryl-phenylalanine,,14753680,,,,Neg
F100021471,209,63412,Amino Acid,Phenylalanine Metabolism,NAMED,WJCPHVOETGDIKT-UHFFFAOYSA-N,CC(C(NC(CC1=CC=CC=C1)C(O)=O)=O)C,N-isobutyryl-phenylalanine,,9293144,,,11118012,Neg
F100021472,209,63855,Amino Acid,Phenylalanine Metabolism,NAMED,CWAGPBPLOYGROC-UHFFFAOYSA-N,OC(CCC(NC(CC1=CC=CC=C1)C(O)=O)=O)=O,N-succinyl-phenylalanine,,2384788,,,3131586,Neg
F100021474,209,63415,Amino Acid,"Leucine, Isoleucine and Valine Metabolism",NAMED,QRHYCLBYHIKSTA-UHFFFAOYSA-N,CCCC(NC(CC(C)C)C(O)=O)=O,N-butyryl-leucine,,14028016,,,,Neg
F100021475,209,63416,Amino Acid,"Leucine, Isoleucine and Valine Metabolism",NAMED,ANKPSSPTFFQSKS-UHFFFAOYSA-N,CCCC(NC(C(C)CC)C(O)=O)=O,N-butyryl-isoleucine,,16412598,,,,Neg
F100021478,400,64596,Amino Acid,Histidine Metabolism,NAMED,MXETUSMIYKMMAT-UHFFFAOYSA-N,CN1C=NC=C1CC(O)C(O)=O,1-methyl-5-imidazolelactate,2022510-60-5,65563369,,,,Pos Early
F100021503,400,63854,Amino Acid,Polyamine Metabolism,NAMED,YANFYYGANIYHGI-UHFFFAOYSA-N,O=C(N)NCCCCN,N-carbamoylputrescine,,488,HMDB0033458,C00436,502,Pos Early
F100021504,209,63856,Xenobiotics,Food Component/Plant,NAMED,QYBCBMVQSCJMSA-VOMDNODZSA-N,O=C(NCCCCNCCCNC(/C=C/C1=CC=C(O)C=C1)=O)/C=C/C2=CC=C(O)C=C2,"N1,N10-dicoumaroylspermidine",,27471687,HMDB0033469,,15270795,Neg
F100021650,209,63607,Lipid,Primary Bile Acid Metabolism,NAMED,WHMOBEGYTDWMIG-BSWAIDMHSA-N,O[C@H]1[C@]2([H])[C@@](CC[C@@]3(C)[C@@]2([H])CC[C@]3([H])[C@H](C)CCC(O)=O)([H])[C@@]4(C)CC[C@@H](OS(=O)(O)=O)C[C@@]4([H])C1,chenodeoxycholic acid sulfate (1),,,HMDB0002522,,21252308,Neg
F100021654,209,64505,Peptide,Polypeptide,NAMED,HCZXHQADHZIEJD-UHFFFAOYSA-N,O=C(NC(CC(C)C)C(NC(C)C(O)=O)=O)C(C)N,ala-leu-ala,,16108739,,,23080784,Neg
F100021655,209,64506,Peptide,Polypeptide,NAMED,PNALXAODQKTNLV-UHFFFAOYSA-N,O=C(NC(C(C)CC)C(NC(C)C(O)=O)=O)C(C)N,ala-ile-ala,,16568580,,,18218408,Neg
F100021656,209,64508,Peptide,Polypeptide,NAMED,IWADHXDXSQONEL-UHFFFAOYSA-N,O=C(NC(C(C)C)C(NC(C)C(O)=O)=O)C(C(C)C)N,val-val-ala,,16576091,,,18232571,Neg
F100021666,209,63615,Partially Characterized Molecules,Partially Characterized Molecules,NAMED,NIFITBVFNGQSNA-SOFGYWHQSA-N,CC(C)CCCC/C=C/C(O)=O,"branched-chain, straight-chain, or cyclopropyl 10:1 fatty acid (1)*",,,,,,Neg
F100021710,209,63684,Lipid,"Fatty Acid, Monohydroxy",NAMED,DNGPXOWAQLBGPS-UHFFFAOYSA-N,OC(C(O)CCCCCCCCC(O)=O)=O,hydroxy-undecanedioate (OH-C11:0-DC)*,,,,,,Neg
F100021712,209,63688,Lipid,Secondary Bile Acid Metabolism,NAMED,GMRIQHBJNVMHJA-LLQZFEROSA-N,O[C@H]1C[C@]2([H])[C@]([C@@]3([H])C[C@H](OS(O)(=O)=O)[C@@]4(C)[C@](CC[C@@]4([C@H](C)CCC(O)=O)[H])([H])[C@]3([H])CC2)(C)CC1,deoxycholic acid 12-sulfate*,,,,,,Neg
F100021760,305,63920,Amino Acid,Lysine Metabolism,NAMED,FTTGAAZKBNZDCZ-LURJTMIESA-N,CC(N[C@@](CCCC(O)=O)(C(O)=O)[H])=O,N-acetyl-2-aminoadipate,,392027,,C12986,443992,Polar
F100021873,402,64528,Lipid,Sphingolipid Synthesis,NAMED,YRYJJIXWWQLGGV-ZWKOTPCHSA-N,CCCCCCCCCCCCCCC[C@H]([C@@H](N)C)O,1-deoxysphinganine (m18:0),196497-48-0,,,,9925886,Pos Late
F100021881,209,64564,Xenobiotics,Drug - Contraceptive,NAMED,WLGIWVFFGMPRLM-UHFFFAOYSA-N,CC12CCC3C(CCC4=C3C=CC(OS(=O)(O)=O)=C4)C1CCC2(O)C#C,ethynyl estradiol 3-sulfate,24560-70-1,,,,68575,Neg
F100021918,209,64328,Xenobiotics,Chemical,NAMED,ICKWICRCANNIBI-UHFFFAOYSA-N,CC(C)(c1cc(C(C)(C)C)c(O)cc1)C,"2,4-di-tert-butylphenol",96-76-4,,,,,Neg
F100021922,400,64281,Amino Acid,Polyamine Metabolism,NAMED,HQTYZWYSIZOPGA-UHFFFAOYSA-N,NCCCCNC(CCC)=O,butyrylputrescine/isobutyrylputrescine,,,,,,Pos Early
F100022003,209,64403,Partially Characterized Molecules,Partially Characterized Molecules,NAMED,,,"bilirubin degradation product, C16H18N2O5 (1)**",,,,,,Neg
F100022004,209,64404,Partially Characterized Molecules,Partially Characterized Molecules,NAMED,,,"bilirubin degradation product, C16H18N2O5 (2)**",,,,,,Neg
F100022005,209,64409,Partially Characterized Molecules,Partially Characterized Molecules,NAMED,,,"bilirubin degradation product, C17H18N2O4 (1)**",,,,,,Neg
F100022006,209,64407,Partially Characterized Molecules,Partially Characterized Molecules,NAMED,,,"bilirubin degradation product, C17H18N2O4 (2)**",,,,,,Neg
F100022007,209,64408,Partially Characterized Molecules,Partially Characterized Molecules,NAMED,,,"bilirubin degradation product, C17H18N2O4 (3)**",,,,,,Neg
F100022008,209,64405,Partially Characterized Molecules,Partially Characterized Molecules,NAMED,,,"bilirubin degradation product, C17H20N2O5 (1)**",,,,,,Neg
F100022009,209,64406,Partially Characterized Molecules,Partially Characterized Molecules,NAMED,,,"bilirubin degradation product, C17H20N2O5 (2)**",,,,,,Neg
F100022014,209,64414,Partially Characterized Molecules,Partially Characterized Molecules,NAMED,,,"bilirubin degradation product, C16H18N2O5 (3)**",,,,,,Neg
F100022041,400,64571,Peptide,Modified Peptides,NAMED,VOWFCBSRZKGKTF-UHFFFAOYSA-N,O=C(N1CCCC1C([O-])=O)C2CCC[N+]2(C)C,"N,N-dimethyl-pro-pro",,,,,,Pos Early
F100022120,400,64568,Amino Acid,Tryptophan Metabolism,NAMED,YLEQTOAIAOPFBY-UHFFFAOYSA-N,OC(C(N)(C)N(C1=C(C2)C=CC=C1)C2=O)=O,oxindolylalanine,,,,,20977764,Pos Early
F100022610,402,65035,Lipid,Ceramides,NAMED,,,"ceramide (d18:2/16:0, d18:1/16:1, d16:1/18:1)*",,,,,,Pos Late
F999911381,209,46347,,,UNNAMED,,,X-11381,,,,,,Neg
F999911612,209,47431,,,UNNAMED,,,X-11612,,,,,,Neg
F999911632,209,47493,,,UNNAMED,,,X-11632,,,,,,Neg
F999911787,400,33132,,,UNNAMED,,,X-11787,,,,,,Pos Early
F999911843,209,46466,,,UNNAMED,,,X-11843,,,,,,Neg
F999912007,209,46610,,,UNNAMED,,,X-12007,,,,,,Neg
F999912026,209,47905,,,UNNAMED,,,X-12026,,,,,,Neg
F999912027,209,47510,,,UNNAMED,,,X-12027,,,,,,Neg
F999912100,400,47687,,,UNNAMED,,,X-12100,,,,,,Pos Early
F999912101,400,47642,,,UNNAMED,,,X-12101,,,,,,Pos Early
F999912117,400,47695,,,UNNAMED,,,X-12117,,,,,,Pos Early
F999912199,400,47706,,,UNNAMED,,,X-12199,,,,,,Pos Early
F999912216,209,46613,,,UNNAMED,,,X-12216,,,,,,Neg
F999912262,209,47914,,,UNNAMED,,,X-12262,,,,,,Neg
F999912407,209,46615,,,UNNAMED,,,X-12407,,,,,,Neg
F999912411,209,46616,,,UNNAMED,,,X-12411,,,,,,Neg
F999912680,400,47437,,,UNNAMED,,,X-12680,,,,,,Pos Early
F999912707,209,47929,,,UNNAMED,,,X-12707,,,,,,Neg
F999912731,209,47938,,,UNNAMED,,,X-12731,,,,,,Neg
F999912828,209,47947,,,UNNAMED,,,X-12828,,,,,,Neg
F999913007,209,47203,,,UNNAMED,,,X-13007,,,,,,Neg
F999913507,400,47439,,,UNNAMED,,,X-13507,,,,,,Pos Early
F999913553,209,47959,,,UNNAMED,,,X-13553,,,,,,Neg
F999913695,209,47962,,,UNNAMED,,,X-13695,,,,,,Neg
F999913723,209,47965,,,UNNAMED,,,X-13723,,,,,,Neg
F999914254,209,47223,,,UNNAMED,,,X-14254,,,,,,Neg
F999914263,209,47224,,,UNNAMED,,,X-14263,,,,,,Neg
F999914351,209,47229,,,UNNAMED,,,X-14351,,,,,,Neg
F999914383,209,47230,,,UNNAMED,,,X-14383,,,,,,Neg
F999914392,209,47233,,,UNNAMED,,,X-14392,,,,,,Neg
F999914416,209,47237,,,UNNAMED,,,X-14416,,,,,,Neg
F999914454,209,47239,,,UNNAMED,,,X-14454,,,,,,Neg
F999915136,400,47619,,,UNNAMED,,,X-15136,,,,,,Pos Early
F999915503,209,46977,,,UNNAMED,,,X-15503,,,,,,Neg
F999915608,209,47261,,,UNNAMED,,,X-15608,,,,,,Neg
F999915853,209,47266,,,UNNAMED,,,X-15853,,,,,,Neg
F999915854,209,47267,,,UNNAMED,,,X-15854,,,,,,Neg
F999915956,209,47268,,,UNNAMED,,,X-15956,,,,,,Neg
F999916391,209,47277,,,UNNAMED,,,X-16391,,,,,,Neg
F999916580,400,47804,,,UNNAMED,,,X-16580,,,,,,Pos Early
F999917009,209,47545,,,UNNAMED,,,X-17009,,,,,,Neg
F999917010,209,47993,,,UNNAMED,,,X-17010,,,,,,Neg
F999917162,402,47806,,,UNNAMED,,,X-17162,,,,,,Pos Late
F999917335,402,47820,,,UNNAMED,,,X-17335,,,,,,Pos Late
F999917438,209,46705,,,UNNAMED,,,X-17438,,,,,,Neg
F999917653,209,46707,,,UNNAMED,,,X-17653,,,,,,Neg
F999917674,209,46969,,,UNNAMED,,,X-17674,,,,,,Neg
F999917852,209,47298,,,UNNAMED,,,X-17852,,,,,,Neg
F999917877,209,47307,,,UNNAMED,,,X-17877,,,,,,Neg
F999917910,209,47316,,,UNNAMED,,,X-17910,,,,,,Neg
F999917919,209,47317,,,UNNAMED,,,X-17919,,,,,,Neg
F999917960,209,47320,,,UNNAMED,,,X-17960,,,,,,Neg
F999917969,209,47323,,,UNNAMED,,,X-17969,,,,,,Neg
F999917978,209,47328,,,UNNAMED,,,X-17978,,,,,,Neg
F999917984,209,47327,,,UNNAMED,,,X-17984,,,,,,Neg
F999918059,209,48039,,,UNNAMED,,,X-18059,,,,,,Neg
F999918278,209,47341,,,UNNAMED,,,X-18278,,,,,,Neg
F999918410,209,47346,,,UNNAMED,,,X-18410,,,,,,Neg
F999919299,209,47673,,,UNNAMED,,,X-19299,,,,,,Neg
F999919452,209,47356,,,UNNAMED,,,X-19452,,,,,,Neg
F999919751,209,47358,,,UNNAMED,,,X-19751,,,,,,Neg
F999920100,209,47197,,,UNNAMED,,,X-20100,,,,,,Neg
F999920172,209,47196,,,UNNAMED,,,X-20172,,,,,,Neg
F999920747,209,47183,,,UNNAMED,,,X-20747,,,,,,Neg
F999921283,400,46285,,,UNNAMED,,,X-21283,,,,,,Pos Early
F999921286,209,46295,,,UNNAMED,,,X-21286,,,,,,Neg
F999921353,209,46398,,,UNNAMED,,,X-21353,,,,,,Neg
F999921788,209,46964,,,UNNAMED,,,X-21788,,,,,,Neg
F999921796,209,46972,,,UNNAMED,,,X-21796,,,,,,Neg
F999921959,209,47205,,,UNNAMED,,,X-21959,,,,,,Neg
F999922030,209,47276,,,UNNAMED,,,X-22030,,,,,,Neg
F999922062,209,47308,,,UNNAMED,,,X-22062,,,,,,Neg
F999922085,209,47331,,,UNNAMED,,,X-22085,,,,,,Neg
F999922142,209,47388,,,UNNAMED,,,X-22142,,,,,,Neg
F999922835,209,48186,,,UNNAMED,,,X-22835,,,,,,Neg
F999923060,209,48602,,,UNNAMED,,,X-23060,,,,,,Neg
F999923236,209,48932,,,UNNAMED,,,X-23236,,,,,,Neg
F999923267,209,48963,,,UNNAMED,,,X-23267,,,,,,Neg
F999923277,209,48973,,,UNNAMED,,,X-23277,,,,,,Neg
F999923423,209,49283,,,UNNAMED,,,X-23423,,,,,,Neg
F999923428,209,49288,,,UNNAMED,,,X-23428,,,,,,Neg
F999923432,209,49292,,,UNNAMED,,,X-23432,,,,,,Neg
F999923438,209,49298,,,UNNAMED,,,X-23438,,,,,,Neg
F999923470,209,49330,,,UNNAMED,,,X-23470,,,,,,Neg
F999923475,209,49335,,,UNNAMED,,,X-23475,,,,,,Neg
F999923536,209,49412,,,UNNAMED,,,X-23536,,,,,,Neg
F999923552,209,49428,,,UNNAMED,,,X-23552,,,,,,Neg
F999923557,209,49433,,,UNNAMED,,,X-23557,,,,,,Neg
F999923587,400,49463,,,UNNAMED,,,X-23587,,,,,,Pos Early
F999923600,209,49476,,,UNNAMED,,,X-23600,,,,,,Neg
F999923662,400,49539,,,UNNAMED,,,X-23662,,,,,,Pos Early
F999923710,400,49588,,,UNNAMED,,,X-23710,,,,,,Pos Early
F999923737,400,49635,,,UNNAMED,,,X-23737,,,,,,Pos Early
F999923752,402,49650,,,UNNAMED,,,X-23752,,,,,,Pos Late
F999923753,402,49651,,,UNNAMED,,,X-23753,,,,,,Pos Late
F999923767,402,49665,,,UNNAMED,,,X-23767,,,,,,Pos Late
F999923782,402,49681,,,UNNAMED,,,X-23782,,,,,,Pos Late
F999923925,209,49834,,,UNNAMED,,,X-23925,,,,,,Neg
F999923974,209,49883,,,UNNAMED,,,X-23974,,,,,,Neg
F999924027,402,52056,,,UNNAMED,,,X-24027,,,,,,Pos Late
F999924089,209,52118,,,UNNAMED,,,X-24089,,,,,,Neg
F999924137,209,52166,,,UNNAMED,,,X-24137,,,,,,Neg
F999924211,402,52247,,,UNNAMED,,,X-24211,,,,,,Pos Late
F999924212,402,52248,,,UNNAMED,,,X-24212,,,,,,Pos Late
F999924238,400,52276,,,UNNAMED,,,X-24238,,,,,,Pos Early
F999924425,400,52655,,,UNNAMED,,,X-24425,,,,,,Pos Early
F999924456,400,52773,,,UNNAMED,,,X-24456,,,,,,Pos Early
F999924518,400,52839,,,UNNAMED,,,X-24518,,,,,,Pos Early
F999924545,209,52866,,,UNNAMED,,,X-24545,,,,,,Neg
F999924586,400,52907,,,UNNAMED,,,X-24586,,,,,,Pos Early
F999924608,209,53023,,,UNNAMED,,,X-24608,,,,,,Neg
F999924609,209,53024,,,UNNAMED,,,X-24609,,,,,,Neg
F999924658,209,53086,,,UNNAMED,,,X-24658,,,,,,Neg
F999924715,209,53143,,,UNNAMED,,,X-24715,,,,,,Neg
F999924729,400,53158,,,UNNAMED,,,X-24729,,,,,,Pos Early
F999924753,400,54687,,,UNNAMED,,,X-24753,,,,,,Pos Early
F999924767,400,54705,,,UNNAMED,,,X-24767,,,,,,Pos Early
F999924811,400,54839,,,UNNAMED,,,X-24811,,,,,,Pos Early
F999924829,209,54857,,,UNNAMED,,,X-24829,,,,,,Neg
F999924854,209,54882,,,UNNAMED,,,X-24854,,,,,,Neg
F999924855,209,54883,,,UNNAMED,,,X-24855,,,,,,Neg
F999924935,209,57604,,,UNNAMED,,,X-24935,,,,,,Neg
F999924937,209,57606,,,UNNAMED,,,X-24937,,,,,,Neg
F999924977,209,57818,,,UNNAMED,,,X-24977,,,,,,Neg
F999924978,209,57819,,,UNNAMED,,,X-24978,,,,,,Neg
F999924989,209,57858,,,UNNAMED,,,X-24989,,,,,,Neg
F999925009,209,61531,,,UNNAMED,,,X-25009,,,,,,Neg
F999925010,209,61532,,,UNNAMED,,,X-25010,,,,,,Neg
F999925076,209,61640,,,UNNAMED,,,X-25076,,,,,,Neg
F999925111,400,61684,,,UNNAMED,,,X-25111,,,,,,Pos Early
F999925247,209,62464,,,UNNAMED,,,X-25247,,,,,,Neg
F999925323,209,62616,,,UNNAMED,,,X-25323,,,,,,Neg
F999925343,400,62636,,,UNNAMED,,,X-25343,,,,,,Pos Early
F999925435,209,62751,,,UNNAMED,,,X-25435,,,,,,Neg
F999925477,209,62901,,,UNNAMED,,,X-25477,,,,,,Neg
F999925482,209,62906,,,UNNAMED,,,X-25482,,,,,,Neg
F999925487,209,62911,,,UNNAMED,,,X-25487,,,,,,Neg
F999925490,209,62914,,,UNNAMED,,,X-25490,,,,,,Neg
F999925492,400,62926,,,UNNAMED,,,X-25492,,,,,,Pos Early
F999925495,209,62929,,,UNNAMED,,,X-25495,,,,,,Neg
F999925506,209,62940,,,UNNAMED,,,X-25506,,,,,,Neg
F999925507,209,62941,,,UNNAMED,,,X-25507,,,,,,Neg
F999925509,209,62943,,,UNNAMED,,,X-25509,,,,,,Neg
F999925511,209,62945,,,UNNAMED,,,X-25511,,,,,,Neg
F999925518,209,62962,,,UNNAMED,,,X-25518,,,,,,Neg
F999925519,400,62963,,,UNNAMED,,,X-25519,,,,,,Pos Early
F999925520,400,62964,,,UNNAMED,,,X-25520,,,,,,Pos Early
F999925532,209,63031,,,UNNAMED,,,X-25532,,,,,,Neg
F999925534,209,63033,,,UNNAMED,,,X-25534,,,,,,Neg
F999925535,209,63034,,,UNNAMED,,,X-25535,,,,,,Neg
F999925536,209,63035,,,UNNAMED,,,X-25536,,,,,,Neg
F999925563,400,63098,,,UNNAMED,,,X-25563,,,,,,Pos Early
F999925564,209,63099,,,UNNAMED,,,X-25564,,,,,,Neg
F999925611,209,63220,,,UNNAMED,,,X-25611,,,,,,Neg
F999925658,209,63385,,,UNNAMED,,,X-25658,,,,,,Neg
F999925661,209,63388,,,UNNAMED,,,X-25661,,,,,,Neg
F999925701,209,63470,,,UNNAMED,,,X-25701,,,,,,Neg
F999925706,209,63475,,,UNNAMED,,,X-25706,,,,,,Neg
F999925707,209,63476,,,UNNAMED,,,X-25707,,,,,,Neg
F999925709,209,63478,,,UNNAMED,,,X-25709,,,,,,Neg
F999925710,209,63479,,,UNNAMED,,,X-25710,,,,,,Neg
F999925716,209,63485,,,UNNAMED,,,X-25716,,,,,,Neg
F999925717,209,63486,,,UNNAMED,,,X-25717,,,,,,Neg
F999925735,209,63504,,,UNNAMED,,,X-25735,,,,,,Neg
F999925779,209,63548,,,UNNAMED,,,X-25779,,,,,,Neg
F999925785,209,63555,,,UNNAMED,,,X-25785,,,,,,Neg
F999925837,209,63703,,,UNNAMED,,,X-25837,,,,,,Neg
F999925838,209,63704,,,UNNAMED,,,X-25838,,,,,,Neg
F999925943,209,63894,,,UNNAMED,,,X-25943,,,,,,Neg
F999925944,209,63895,,,UNNAMED,,,X-25944,,,,,,Neg
F999925945,209,63896,,,UNNAMED,,,X-25945,,,,,,Neg
F999925947,209,63898,,,UNNAMED,,,X-25947,,,,,,Neg
F999925950,400,63901,,,UNNAMED,,,X-25950,,,,,,Pos Early
F999925957,400,63908,,,UNNAMED,,,X-25957,,,,,,Pos Early
F999925958,400,63909,,,UNNAMED,,,X-25958,,,,,,Pos Early
F999925984,209,63974,,,UNNAMED,,,X-25984,,,,,,Neg
F999926035,400,64248,,,UNNAMED,,,X-26035,,,,,,Pos Early
F999926068,209,64343,,,UNNAMED,,,X-26068,,,,,,Neg
F999926092,209,64367,,,UNNAMED,,,X-26092,,,,,,Neg
F999926094,209,64369,,,UNNAMED,,,X-26094,,,,,,Neg
F999926097,400,64372,,,UNNAMED,,,X-26097,,,,,,Pos Early
F999926099,209,64374,,,UNNAMED,,,X-26099,,,,,,Neg
F999926101,209,64376,,,UNNAMED,,,X-26101,,,,,,Neg
F999926158,209,64795,,,UNNAMED,,,X-26158,,,,,,Neg
F999926162,209,64799,,,UNNAMED,,,X-26162,,,,,,Neg
F999926191,209,64917,,,UNNAMED,,,X-26191,,,,,,Neg
F999926214,402,64944,,,UNNAMED,,,X-26214,,,,,,Pos Late
F999926218,209,64948,,,UNNAMED,,,X-26218,,,,,,Neg
F999926219,209,64949,,,UNNAMED,,,X-26219,,,,,,Neg
F999926223,209,64953,,,UNNAMED,,,X-26223,,,,,,Neg
F999926224,402,64962,,,UNNAMED,,,X-26224,,,,,,Pos Late
F999926225,402,64963,,,UNNAMED,,,X-26225,,,,,,Pos Late
F999926249,209,65013,,,UNNAMED,,,X-26249,,,,,,Neg
F999926252,209,65016,,,UNNAMED,,,X-26252,,,,,,Neg
F999926267,209,65031,,,UNNAMED,,,X-26267,,,,,,Neg
F999926268,209,65032,,,UNNAMED,,,X-26268,,,,,,Neg
F999926273,402,65045,,,UNNAMED,,,X-26273,,,,,,Pos Late
