CatID,Group,FAS,Flt3L,GM_CSF,IFNg,IL1b,IL2,PGDF_BB,IL12p40,IL13,IL4,IL6,IL8,KC,SDF1_original,RANTES,SCF,MCP1,TNFa,IL18,FAS_censored_flag,FAS_original,GM_CSF_censored_flag,GM_CSF_original,IFNg_censored_flag,IFNg_original,IL1b_censored_flag,IL1b_original,IL2_censored_flag,IL2_original,PGDF_BB_censored_flag,PGDF_BB_original,IL4_censored_flag,IL4_original,IL6_censored_flag,IL6_original,KC_censored_flag,KC_original,TNFa_censored_flag,TNFa_original,IL18_censored_flag,IL18_original,_Imputation_,SDF1,SDF1_censored_flag
4,C,7.58,13.47,16.45,69.73,17.76,20.91,70.31,41.07,47.32,220.43,115.36,21.03,4.98,1041.31,6.77,49.45,2436.06,31.136032948,110.2,0,7.58,0,16.45,0,69.73,0,17.76,0,20.91,0,70.31,0,220.43,0,115.36,0,4.98,1,,0,110.2,1,1041.31,0
22,C,1.4333054479,46.11,1.4792673887,20.86,4.8656017695,2.0159614365,363.68,78.61,5.17,28.26,7.4988674271,9.16,0.2750645383,400.74,13.73,80.54,1157.16,31.136032948,49.82,1,,1,,0,20.86,1,2.5,1,1.25,0,363.68,0,28.26,1,7.72,1,0.13,1,,0,49.82,1,400.74,0
5,C,1.4333054479,56.07,4.77,55.55,18.98,8.47,376.27,219.48,34.51,162.62,89.46,16.32,2.27,708.48,10.7,214.75,1650.97,31.136032948,95.21,1,1.65,0,4.77,0,55.55,0,18.98,0,8.47,0,376.27,0,162.62,0,89.46,0,2.27,1,18.84,0,95.21,1,708.48,0
14,C,32.72,19.35,5.82,122.94,37.99,84.35,327.37,37.55,46.76,560.51,254.78,36.64,0.2750645383,1387.6,12.22,100.34,3221.84,74.87,760.84,0,32.72,0,5.82,0,122.94,0,37.99,0,84.35,0,327.37,0,560.51,0,254.78,1,,0,74.87,0,760.84,1,1387.6,0
28,C,2.43,66.7,1.4792673887,22.91,4.8656017695,2.0159614365,91.49,223.66,6.67,33.89,7.4988674271,9.37,1.68,356.3,9.81,84.91,1313.01,31.136032948,14.620846939,0,2.43,1,0.72,0,22.91,1,1.81,1,1.59,0,91.49,0,33.89,1,9.47,0,1.68,1,,1,17.77,1,356.3,0
12,C,1.4333054479,48.94,1.4792673887,31.09,4.8656017695,4.78,471.47,153.55,9.95,50.62,17.45,7.4,5.21,762.73,15.58,59.24,1417.89,31.136032948,98.65,1,1.5,1,1,0,31.09,1,5.44,0,4.78,0,471.47,0,50.62,0,17.45,0,5.21,1,,0,98.65,1,762.73,0
15,C,2.73,31.81,6.18,21.85,4.8656017695,15.92,572.1,59.25,45.94,135.58,40.86,13.19,5.09,1318.05,11.81,57.68,1272.53,31.136032948,141.12,0,2.73,0,6.18,0,21.85,1,6.24,0,15.92,0,572.1,0,135.58,0,40.86,0,5.09,1,,0,141.12,1,1318.05,0
29,C,14.84,45.84,34.07,140.34,33.18,13.46,290.53,112.03,69.8,686.61,368.62,39.03,3.17,518.66,11.91,151.64,3003.99,172.49,388.32,0,14.84,0,34.07,0,140.34,0,33.18,0,13.46,0,290.53,0,686.61,0,368.62,0,3.17,0,172.49,0,388.32,1,518.66,0
25,C,1.4333054479,33.36,1.4792673887,4.36,4.8656017695,5.27,767.23,196.93,5.79,86.51,7.4988674271,15.52,0.2750645383,1076.91,13.58,143.01,782.95,31.136032948,14.620846939,1,,1,1,0,4.36,1,2.16,0,5.27,0,767.23,0,86.51,1,,1,,1,,1,1.6,1,1076.91,0
13,C,1.4333054479,27.07,1.4792673887,39.43,4.8656017695,10.64,129.37,52.3,19.49,56.19,31.96,7.97,0.2750645383,693.81,4.73,60.59,1589.65,31.136032948,208.34,1,0.19,1,1.55,0,39.43,1,5.46,0,10.64,0,129.37,0,56.19,0,31.96,1,,1,,0,208.34,1,693.81,0
9,C,1.4333054479,62,1.4792673887,16.58,4.8656017695,2.0159614365,33.771419926,65.73,6.91,16.88,7.4988674271,4.99,0.2750645383,730.21,3.49,86.14,1157.16,31.136032948,14.620846939,1,,1,,0,16.58,1,1.99,1,1.59,1,,0,16.88,1,,1,,1,,1,15.35,1,730.21,0
8,C,1.4333054479,38.16,5.28,22.24,29.46,10.64,416.17,143.31,7.86,47.85,105.96,15.61,4.42,,12.61,93.33,1219.46,31.136032948,148.03,1,,0,5.28,0,22.24,0,29.46,0,10.64,0,416.17,0,47.85,0,105.96,0,4.42,1,15.77,0,148.03,1,59.34,1
6,C,3.02,33.73,14.61,105.18,30.33,16.25,58.76,77.56,56.21,439.6,277.33,32.4,0.2750645383,59.34,12.14,98.48,2891.8,64.09,459.85,0,3.02,0,14.61,0,105.18,0,30.33,0,16.25,0,58.76,0,439.6,0,277.33,1,,0,64.09,0,459.85,1,59.34,0
11,C,7.26,14.7,10.94,45.43,11.55,25.11,613.6,28.2,38.35,161.05,77.89,15.79,1.94,745.5,7.1,41.71,1970.85,31.136032948,127.32,0,7.26,0,10.94,0,45.43,0,11.55,0,25.11,0,613.6,0,161.05,0,77.89,0,1.94,1,,0,127.32,1,745.5,0
1,C,1.4333054479,45.85,1.4792673887,15.86,4.8656017695,3.32,205.78,93.6,4.92,18.33,7.4988674271,4.75,0.2750645383,617.83,11.86,109.15,999.89,31.136032948,14.620846939,1,0.19,1,0.72,0,15.86,1,1.91,0,3.32,0,205.78,0,18.33,1,3.35,1,0.13,1,,1,5.53,1,617.83,0
10,C,1.4333054479,52.89,1.4792673887,23.6,4.8656017695,3.32,64.55,165.1,7.86,7.1410713952,24.29,8.3,0.2750645383,59.34,9.71,80.32,1372.32,31.136032948,125.13,1,0.85,1,1.29,0,23.6,1,2.5,0,3.32,0,64.55,1,8.26,0,24.29,1,0.06,1,,0,125.13,1,59.34,0
23,C,6.19,38.16,12.33,105.52,16.08,18.89,370.79,94.96,45.35,376.18,199.88,19.4,0.2750645383,452.94,9.9,75.73,2698.42,71.96,319.99,0,6.19,0,12.33,0,105.52,0,16.08,0,18.89,0,370.79,0,376.18,0,199.88,1,,0,71.96,0,319.99,1,452.94,0
16,C,1.4333054479,42.01,2.48,33.95,17.02,2.0159614365,33.771419926,248.47,26.57,1575.47,52.6,13.14,3.1,173.83,11.44,79.03,1676.01,31.136032948,40.4,1,,0,2.48,0,33.95,0,17.02,1,1.59,1,41.38,0,1575.47,0,52.6,0,3.1,1,,0,40.4,1,173.83,0
20,C,1.4333054479,30.05,1.4792673887,40.33,9.91,2.0159614365,466.07,229.37,8.69,115.21,188.67,17.45,0.2750645383,908.79,21.01,109.36,1779.37,31.136032948,14.620846939,1,1.51,1,1,0,40.33,0,9.91,1,,0,466.07,0,115.21,0,188.67,1,,1,6.07,1,15.34,1,908.79,0
7,C,7.02,36.37,8.7,103.16,23.91,9.63,2376.81,117.9,44.88,299.15,423.85,21.85,1.59,547.82,19.85,107.44,2365.78,31.136032948,111.35,0,7.02,0,8.7,0,103.16,0,23.91,0,9.63,0,2376.81,0,299.15,0,423.85,0,1.59,1,42.72,0,111.35,1,547.82,0
17,C,1.4333054479,36.13,1.4792673887,28.87,4.8656017695,2.0159614365,375,328.67,6.67,67.24,38,9.58,0.2750645383,253.24,19.66,52.44,1476.81,31.136032948,99.83,1,,1,1.57,0,28.87,1,4.22,1,2.26,0,375,0,67.24,0,38,1,,1,,0,99.83,1,253.24,0
19,D,6.04,41.65,11.97,38.25,17.77,12.56,462.14,367.13,47.99,138.28,157.62,45.47,14.85,1412.35,16.67,114.01,1717.19,31.136032948,115.95,0,6.04,0,11.97,0,38.25,0,17.77,0,12.56,0,462.14,0,138.28,0,157.62,0,14.85,1,,0,115.95,1,1412.35,0
26,D,1.4333054479,34.57,1.4792673887,3.031366776,4.8656017695,2.0159614365,289.48,78.54,3.51,7.1410713952,7.4988674271,3.34,0.2750645383,1205.1,5.41,42.87,429.91,31.136032948,14.620846939,1,0.53,1,1.14,1,2.56,1,3.44,1,2.26,0,289.48,1,,1,,1,0.13,1,,1,10.47,1,1205.1,0
24,D,2.73,47.43,1.4792673887,4.63,4.8656017695,2.0159614365,303.98,128.96,3.43,7.1410713952,7.4988674271,5.23,0.2750645383,1793.84,7.19,67.29,637.41,31.136032948,14.620846939,0,2.73,1,1.55,0,4.63,1,4.22,1,2.26,0,303.98,1,,1,3.35,1,,1,,1,15.34,1,1793.84,0
2,D,2.43,33.39,10.94,27.68,4.8656017695,5.84,442.57,113,55.24,121.98,97,18.04,0.2750645383,1794.45,13.4,155.88,1646,31.136032948,85.89,0,2.43,0,10.94,0,27.68,1,6.18,0,5.84,0,442.57,0,121.98,0,97,1,0.35,1,12.73,0,85.89,1,1794.45,0
27,D,3.18,39.04,10.77,39.75,11.21,4.37,33.771419926,120.23,52.23,108.39,71.95,21.66,2.37,,10.7,86.65,1732.97,31.136032948,41.59,0,3.18,0,10.77,0,39.75,0,11.21,0,4.37,1,26.9,0,108.39,0,71.95,0,2.37,1,,0,41.59,1,617.83,1
21,D,1.4333054479,53.28,1.4792673887,43.07,7.73,4.78,620.11,189.77,9.05,119.29,33.75,19.62,0.47,942.41,18.21,122.84,1876.02,31.136032948,27.36,1,1.5,1,0.43,0,43.07,0,7.73,0,4.78,0,620.11,0,119.29,0,33.75,0,0.47,1,,0,27.36,1,942.41,0
18,D,1.4333054479,41.53,1.4792673887,6.41,4.8656017695,3.32,33.771419926,144.93,5.17,7.1410713952,7.4988674271,6.01,2.37,686.49,7.03,140.91,697.71,31.136032948,14.620846939,1,,1,0.43,0,6.41,1,2.13,0,3.32,1,29.79,1,,1,8.61,0,2.37,1,,1,1.6,1,686.49,0
3,D,3.91,11.79,7.92,60.9,7.01,9.63,33.771419926,47.19,33.27,122.01,68.01,19.15,0.2750645383,410.73,6.97,31.09,2058.43,31.136032948,184.5,0,3.91,0,7.92,0,60.9,0,7.01,0,9.63,1,18.21,0,122.01,0,68.01,1,0.21,1,,0,184.5,1,410.73,0
4,C,7.58,13.47,16.45,69.73,17.76,20.91,70.31,41.07,47.32,220.43,115.36,21.03,4.98,1041.31,6.77,49.45,2436.06,31.136032948,110.2,0,7.58,0,16.45,0,69.73,0,17.76,0,20.91,0,70.31,0,220.43,0,115.36,0,4.98,1,,0,110.2,2,1041.31,0
22,C,1.4333054479,46.11,1.4792673887,20.86,4.8656017695,2.0159614365,363.68,78.61,5.17,28.26,7.4988674271,9.16,0.2750645383,400.74,13.73,80.54,1157.16,31.136032948,49.82,1,,1,,0,20.86,1,2.5,1,1.25,0,363.68,0,28.26,1,7.72,1,0.13,1,,0,49.82,2,400.74,0
5,C,1.4333054479,56.07,4.77,55.55,18.98,8.47,376.27,219.48,34.51,162.62,89.46,16.32,2.27,708.48,10.7,214.75,1650.97,31.136032948,95.21,1,1.65,0,4.77,0,55.55,0,18.98,0,8.47,0,376.27,0,162.62,0,89.46,0,2.27,1,18.84,0,95.21,2,708.48,0
14,C,32.72,19.35,5.82,122.94,37.99,84.35,327.37,37.55,46.76,560.51,254.78,36.64,0.2750645383,1387.6,12.22,100.34,3221.84,74.87,760.84,0,32.72,0,5.82,0,122.94,0,37.99,0,84.35,0,327.37,0,560.51,0,254.78,1,,0,74.87,0,760.84,2,1387.6,0
28,C,2.43,66.7,1.4792673887,22.91,4.8656017695,2.0159614365,91.49,223.66,6.67,33.89,7.4988674271,9.37,1.68,356.3,9.81,84.91,1313.01,31.136032948,14.620846939,0,2.43,1,0.72,0,22.91,1,1.81,1,1.59,0,91.49,0,33.89,1,9.47,0,1.68,1,,1,17.77,2,356.3,0
12,C,1.4333054479,48.94,1.4792673887,31.09,4.8656017695,4.78,471.47,153.55,9.95,50.62,17.45,7.4,5.21,762.73,15.58,59.24,1417.89,31.136032948,98.65,1,1.5,1,1,0,31.09,1,5.44,0,4.78,0,471.47,0,50.62,0,17.45,0,5.21,1,,0,98.65,2,762.73,0
15,C,2.73,31.81,6.18,21.85,4.8656017695,15.92,572.1,59.25,45.94,135.58,40.86,13.19,5.09,1318.05,11.81,57.68,1272.53,31.136032948,141.12,0,2.73,0,6.18,0,21.85,1,6.24,0,15.92,0,572.1,0,135.58,0,40.86,0,5.09,1,,0,141.12,2,1318.05,0
29,C,14.84,45.84,34.07,140.34,33.18,13.46,290.53,112.03,69.8,686.61,368.62,39.03,3.17,518.66,11.91,151.64,3003.99,172.49,388.32,0,14.84,0,34.07,0,140.34,0,33.18,0,13.46,0,290.53,0,686.61,0,368.62,0,3.17,0,172.49,0,388.32,2,518.66,0
25,C,1.4333054479,33.36,1.4792673887,4.36,4.8656017695,5.27,767.23,196.93,5.79,86.51,7.4988674271,15.52,0.2750645383,1076.91,13.58,143.01,782.95,31.136032948,14.620846939,1,,1,1,0,4.36,1,2.16,0,5.27,0,767.23,0,86.51,1,,1,,1,,1,1.6,2,1076.91,0
13,C,1.4333054479,27.07,1.4792673887,39.43,4.8656017695,10.64,129.37,52.3,19.49,56.19,31.96,7.97,0.2750645383,693.81,4.73,60.59,1589.65,31.136032948,208.34,1,0.19,1,1.55,0,39.43,1,5.46,0,10.64,0,129.37,0,56.19,0,31.96,1,,1,,0,208.34,2,693.81,0
9,C,1.4333054479,62,1.4792673887,16.58,4.8656017695,2.0159614365,33.771419926,65.73,6.91,16.88,7.4988674271,4.99,0.2750645383,730.21,3.49,86.14,1157.16,31.136032948,14.620846939,1,,1,,0,16.58,1,1.99,1,1.59,1,,0,16.88,1,,1,,1,,1,15.35,2,730.21,0
8,C,1.4333054479,38.16,5.28,22.24,29.46,10.64,416.17,143.31,7.86,47.85,105.96,15.61,4.42,,12.61,93.33,1219.46,31.136032948,148.03,1,,0,5.28,0,22.24,0,29.46,0,10.64,0,416.17,0,47.85,0,105.96,0,4.42,1,15.77,0,148.03,2,518.66,1
6,C,3.02,33.73,14.61,105.18,30.33,16.25,58.76,77.56,56.21,439.6,277.33,32.4,0.2750645383,59.34,12.14,98.48,2891.8,64.09,459.85,0,3.02,0,14.61,0,105.18,0,30.33,0,16.25,0,58.76,0,439.6,0,277.33,1,,0,64.09,0,459.85,2,59.34,0
11,C,7.26,14.7,10.94,45.43,11.55,25.11,613.6,28.2,38.35,161.05,77.89,15.79,1.94,745.5,7.1,41.71,1970.85,31.136032948,127.32,0,7.26,0,10.94,0,45.43,0,11.55,0,25.11,0,613.6,0,161.05,0,77.89,0,1.94,1,,0,127.32,2,745.5,0
1,C,1.4333054479,45.85,1.4792673887,15.86,4.8656017695,3.32,205.78,93.6,4.92,18.33,7.4988674271,4.75,0.2750645383,617.83,11.86,109.15,999.89,31.136032948,14.620846939,1,0.19,1,0.72,0,15.86,1,1.91,0,3.32,0,205.78,0,18.33,1,3.35,1,0.13,1,,1,5.53,2,617.83,0
10,C,1.4333054479,52.89,1.4792673887,23.6,4.8656017695,3.32,64.55,165.1,7.86,7.1410713952,24.29,8.3,0.2750645383,59.34,9.71,80.32,1372.32,31.136032948,125.13,1,0.85,1,1.29,0,23.6,1,2.5,0,3.32,0,64.55,1,8.26,0,24.29,1,0.06,1,,0,125.13,2,59.34,0
23,C,6.19,38.16,12.33,105.52,16.08,18.89,370.79,94.96,45.35,376.18,199.88,19.4,0.2750645383,452.94,9.9,75.73,2698.42,71.96,319.99,0,6.19,0,12.33,0,105.52,0,16.08,0,18.89,0,370.79,0,376.18,0,199.88,1,,0,71.96,0,319.99,2,452.94,0
16,C,1.4333054479,42.01,2.48,33.95,17.02,2.0159614365,33.771419926,248.47,26.57,1575.47,52.6,13.14,3.1,173.83,11.44,79.03,1676.01,31.136032948,40.4,1,,0,2.48,0,33.95,0,17.02,1,1.59,1,41.38,0,1575.47,0,52.6,0,3.1,1,,0,40.4,2,173.83,0
20,C,1.4333054479,30.05,1.4792673887,40.33,9.91,2.0159614365,466.07,229.37,8.69,115.21,188.67,17.45,0.2750645383,908.79,21.01,109.36,1779.37,31.136032948,14.620846939,1,1.51,1,1,0,40.33,0,9.91,1,,0,466.07,0,115.21,0,188.67,1,,1,6.07,1,15.34,2,908.79,0
7,C,7.02,36.37,8.7,103.16,23.91,9.63,2376.81,117.9,44.88,299.15,423.85,21.85,1.59,547.82,19.85,107.44,2365.78,31.136032948,111.35,0,7.02,0,8.7,0,103.16,0,23.91,0,9.63,0,2376.81,0,299.15,0,423.85,0,1.59,1,42.72,0,111.35,2,547.82,0
17,C,1.4333054479,36.13,1.4792673887,28.87,4.8656017695,2.0159614365,375,328.67,6.67,67.24,38,9.58,0.2750645383,253.24,19.66,52.44,1476.81,31.136032948,99.83,1,,1,1.57,0,28.87,1,4.22,1,2.26,0,375,0,67.24,0,38,1,,1,,0,99.83,2,253.24,0
19,D,6.04,41.65,11.97,38.25,17.77,12.56,462.14,367.13,47.99,138.28,157.62,45.47,14.85,1412.35,16.67,114.01,1717.19,31.136032948,115.95,0,6.04,0,11.97,0,38.25,0,17.77,0,12.56,0,462.14,0,138.28,0,157.62,0,14.85,1,,0,115.95,2,1412.35,0
26,D,1.4333054479,34.57,1.4792673887,3.031366776,4.8656017695,2.0159614365,289.48,78.54,3.51,7.1410713952,7.4988674271,3.34,0.2750645383,1205.1,5.41,42.87,429.91,31.136032948,14.620846939,1,0.53,1,1.14,1,2.56,1,3.44,1,2.26,0,289.48,1,,1,,1,0.13,1,,1,10.47,2,1205.1,0
24,D,2.73,47.43,1.4792673887,4.63,4.8656017695,2.0159614365,303.98,128.96,3.43,7.1410713952,7.4988674271,5.23,0.2750645383,1793.84,7.19,67.29,637.41,31.136032948,14.620846939,0,2.73,1,1.55,0,4.63,1,4.22,1,2.26,0,303.98,1,,1,3.35,1,,1,,1,15.34,2,1793.84,0
2,D,2.43,33.39,10.94,27.68,4.8656017695,5.84,442.57,113,55.24,121.98,97,18.04,0.2750645383,1794.45,13.4,155.88,1646,31.136032948,85.89,0,2.43,0,10.94,0,27.68,1,6.18,0,5.84,0,442.57,0,121.98,0,97,1,0.35,1,12.73,0,85.89,2,1794.45,0
27,D,3.18,39.04,10.77,39.75,11.21,4.37,33.771419926,120.23,52.23,108.39,71.95,21.66,2.37,,10.7,86.65,1732.97,31.136032948,41.59,0,3.18,0,10.77,0,39.75,0,11.21,0,4.37,1,26.9,0,108.39,0,71.95,0,2.37,1,,0,41.59,2,356.3,1
21,D,1.4333054479,53.28,1.4792673887,43.07,7.73,4.78,620.11,189.77,9.05,119.29,33.75,19.62,0.47,942.41,18.21,122.84,1876.02,31.136032948,27.36,1,1.5,1,0.43,0,43.07,0,7.73,0,4.78,0,620.11,0,119.29,0,33.75,0,0.47,1,,0,27.36,2,942.41,0
18,D,1.4333054479,41.53,1.4792673887,6.41,4.8656017695,3.32,33.771419926,144.93,5.17,7.1410713952,7.4988674271,6.01,2.37,686.49,7.03,140.91,697.71,31.136032948,14.620846939,1,,1,0.43,0,6.41,1,2.13,0,3.32,1,29.79,1,,1,8.61,0,2.37,1,,1,1.6,2,686.49,0
3,D,3.91,11.79,7.92,60.9,7.01,9.63,33.771419926,47.19,33.27,122.01,68.01,19.15,0.2750645383,410.73,6.97,31.09,2058.43,31.136032948,184.5,0,3.91,0,7.92,0,60.9,0,7.01,0,9.63,1,18.21,0,122.01,0,68.01,1,0.21,1,,0,184.5,2,410.73,0
4,C,7.58,13.47,16.45,69.73,17.76,20.91,70.31,41.07,47.32,220.43,115.36,21.03,4.98,1041.31,6.77,49.45,2436.06,31.136032948,110.2,0,7.58,0,16.45,0,69.73,0,17.76,0,20.91,0,70.31,0,220.43,0,115.36,0,4.98,1,,0,110.2,3,1041.31,0
22,C,1.4333054479,46.11,1.4792673887,20.86,4.8656017695,2.0159614365,363.68,78.61,5.17,28.26,7.4988674271,9.16,0.2750645383,400.74,13.73,80.54,1157.16,31.136032948,49.82,1,,1,,0,20.86,1,2.5,1,1.25,0,363.68,0,28.26,1,7.72,1,0.13,1,,0,49.82,3,400.74,0
5,C,1.4333054479,56.07,4.77,55.55,18.98,8.47,376.27,219.48,34.51,162.62,89.46,16.32,2.27,708.48,10.7,214.75,1650.97,31.136032948,95.21,1,1.65,0,4.77,0,55.55,0,18.98,0,8.47,0,376.27,0,162.62,0,89.46,0,2.27,1,18.84,0,95.21,3,708.48,0
14,C,32.72,19.35,5.82,122.94,37.99,84.35,327.37,37.55,46.76,560.51,254.78,36.64,0.2750645383,1387.6,12.22,100.34,3221.84,74.87,760.84,0,32.72,0,5.82,0,122.94,0,37.99,0,84.35,0,327.37,0,560.51,0,254.78,1,,0,74.87,0,760.84,3,1387.6,0
28,C,2.43,66.7,1.4792673887,22.91,4.8656017695,2.0159614365,91.49,223.66,6.67,33.89,7.4988674271,9.37,1.68,356.3,9.81,84.91,1313.01,31.136032948,14.620846939,0,2.43,1,0.72,0,22.91,1,1.81,1,1.59,0,91.49,0,33.89,1,9.47,0,1.68,1,,1,17.77,3,356.3,0
12,C,1.4333054479,48.94,1.4792673887,31.09,4.8656017695,4.78,471.47,153.55,9.95,50.62,17.45,7.4,5.21,762.73,15.58,59.24,1417.89,31.136032948,98.65,1,1.5,1,1,0,31.09,1,5.44,0,4.78,0,471.47,0,50.62,0,17.45,0,5.21,1,,0,98.65,3,762.73,0
15,C,2.73,31.81,6.18,21.85,4.8656017695,15.92,572.1,59.25,45.94,135.58,40.86,13.19,5.09,1318.05,11.81,57.68,1272.53,31.136032948,141.12,0,2.73,0,6.18,0,21.85,1,6.24,0,15.92,0,572.1,0,135.58,0,40.86,0,5.09,1,,0,141.12,3,1318.05,0
29,C,14.84,45.84,34.07,140.34,33.18,13.46,290.53,112.03,69.8,686.61,368.62,39.03,3.17,518.66,11.91,151.64,3003.99,172.49,388.32,0,14.84,0,34.07,0,140.34,0,33.18,0,13.46,0,290.53,0,686.61,0,368.62,0,3.17,0,172.49,0,388.32,3,518.66,0
25,C,1.4333054479,33.36,1.4792673887,4.36,4.8656017695,5.27,767.23,196.93,5.79,86.51,7.4988674271,15.52,0.2750645383,1076.91,13.58,143.01,782.95,31.136032948,14.620846939,1,,1,1,0,4.36,1,2.16,0,5.27,0,767.23,0,86.51,1,,1,,1,,1,1.6,3,1076.91,0
13,C,1.4333054479,27.07,1.4792673887,39.43,4.8656017695,10.64,129.37,52.3,19.49,56.19,31.96,7.97,0.2750645383,693.81,4.73,60.59,1589.65,31.136032948,208.34,1,0.19,1,1.55,0,39.43,1,5.46,0,10.64,0,129.37,0,56.19,0,31.96,1,,1,,0,208.34,3,693.81,0
9,C,1.4333054479,62,1.4792673887,16.58,4.8656017695,2.0159614365,33.771419926,65.73,6.91,16.88,7.4988674271,4.99,0.2750645383,730.21,3.49,86.14,1157.16,31.136032948,14.620846939,1,,1,,0,16.58,1,1.99,1,1.59,1,,0,16.88,1,,1,,1,,1,15.35,3,730.21,0
8,C,1.4333054479,38.16,5.28,22.24,29.46,10.64,416.17,143.31,7.86,47.85,105.96,15.61,4.42,,12.61,93.33,1219.46,31.136032948,148.03,1,,0,5.28,0,22.24,0,29.46,0,10.64,0,416.17,0,47.85,0,105.96,0,4.42,1,15.77,0,148.03,3,547.82,1
6,C,3.02,33.73,14.61,105.18,30.33,16.25,58.76,77.56,56.21,439.6,277.33,32.4,0.2750645383,59.34,12.14,98.48,2891.8,64.09,459.85,0,3.02,0,14.61,0,105.18,0,30.33,0,16.25,0,58.76,0,439.6,0,277.33,1,,0,64.09,0,459.85,3,59.34,0
11,C,7.26,14.7,10.94,45.43,11.55,25.11,613.6,28.2,38.35,161.05,77.89,15.79,1.94,745.5,7.1,41.71,1970.85,31.136032948,127.32,0,7.26,0,10.94,0,45.43,0,11.55,0,25.11,0,613.6,0,161.05,0,77.89,0,1.94,1,,0,127.32,3,745.5,0
1,C,1.4333054479,45.85,1.4792673887,15.86,4.8656017695,3.32,205.78,93.6,4.92,18.33,7.4988674271,4.75,0.2750645383,617.83,11.86,109.15,999.89,31.136032948,14.620846939,1,0.19,1,0.72,0,15.86,1,1.91,0,3.32,0,205.78,0,18.33,1,3.35,1,0.13,1,,1,5.53,3,617.83,0
10,C,1.4333054479,52.89,1.4792673887,23.6,4.8656017695,3.32,64.55,165.1,7.86,7.1410713952,24.29,8.3,0.2750645383,59.34,9.71,80.32,1372.32,31.136032948,125.13,1,0.85,1,1.29,0,23.6,1,2.5,0,3.32,0,64.55,1,8.26,0,24.29,1,0.06,1,,0,125.13,3,59.34,0
23,C,6.19,38.16,12.33,105.52,16.08,18.89,370.79,94.96,45.35,376.18,199.88,19.4,0.2750645383,452.94,9.9,75.73,2698.42,71.96,319.99,0,6.19,0,12.33,0,105.52,0,16.08,0,18.89,0,370.79,0,376.18,0,199.88,1,,0,71.96,0,319.99,3,452.94,0
16,C,1.4333054479,42.01,2.48,33.95,17.02,2.0159614365,33.771419926,248.47,26.57,1575.47,52.6,13.14,3.1,173.83,11.44,79.03,1676.01,31.136032948,40.4,1,,0,2.48,0,33.95,0,17.02,1,1.59,1,41.38,0,1575.47,0,52.6,0,3.1,1,,0,40.4,3,173.83,0
20,C,1.4333054479,30.05,1.4792673887,40.33,9.91,2.0159614365,466.07,229.37,8.69,115.21,188.67,17.45,0.2750645383,908.79,21.01,109.36,1779.37,31.136032948,14.620846939,1,1.51,1,1,0,40.33,0,9.91,1,,0,466.07,0,115.21,0,188.67,1,,1,6.07,1,15.34,3,908.79,0
7,C,7.02,36.37,8.7,103.16,23.91,9.63,2376.81,117.9,44.88,299.15,423.85,21.85,1.59,547.82,19.85,107.44,2365.78,31.136032948,111.35,0,7.02,0,8.7,0,103.16,0,23.91,0,9.63,0,2376.81,0,299.15,0,423.85,0,1.59,1,42.72,0,111.35,3,547.82,0
17,C,1.4333054479,36.13,1.4792673887,28.87,4.8656017695,2.0159614365,375,328.67,6.67,67.24,38,9.58,0.2750645383,253.24,19.66,52.44,1476.81,31.136032948,99.83,1,,1,1.57,0,28.87,1,4.22,1,2.26,0,375,0,67.24,0,38,1,,1,,0,99.83,3,253.24,0
19,D,6.04,41.65,11.97,38.25,17.77,12.56,462.14,367.13,47.99,138.28,157.62,45.47,14.85,1412.35,16.67,114.01,1717.19,31.136032948,115.95,0,6.04,0,11.97,0,38.25,0,17.77,0,12.56,0,462.14,0,138.28,0,157.62,0,14.85,1,,0,115.95,3,1412.35,0
26,D,1.4333054479,34.57,1.4792673887,3.031366776,4.8656017695,2.0159614365,289.48,78.54,3.51,7.1410713952,7.4988674271,3.34,0.2750645383,1205.1,5.41,42.87,429.91,31.136032948,14.620846939,1,0.53,1,1.14,1,2.56,1,3.44,1,2.26,0,289.48,1,,1,,1,0.13,1,,1,10.47,3,1205.1,0
24,D,2.73,47.43,1.4792673887,4.63,4.8656017695,2.0159614365,303.98,128.96,3.43,7.1410713952,7.4988674271,5.23,0.2750645383,1793.84,7.19,67.29,637.41,31.136032948,14.620846939,0,2.73,1,1.55,0,4.63,1,4.22,1,2.26,0,303.98,1,,1,3.35,1,,1,,1,15.34,3,1793.84,0
2,D,2.43,33.39,10.94,27.68,4.8656017695,5.84,442.57,113,55.24,121.98,97,18.04,0.2750645383,1794.45,13.4,155.88,1646,31.136032948,85.89,0,2.43,0,10.94,0,27.68,1,6.18,0,5.84,0,442.57,0,121.98,0,97,1,0.35,1,12.73,0,85.89,3,1794.45,0
27,D,3.18,39.04,10.77,39.75,11.21,4.37,33.771419926,120.23,52.23,108.39,71.95,21.66,2.37,,10.7,86.65,1732.97,31.136032948,41.59,0,3.18,0,10.77,0,39.75,0,11.21,0,4.37,1,26.9,0,108.39,0,71.95,0,2.37,1,,0,41.59,3,908.79,1
21,D,1.4333054479,53.28,1.4792673887,43.07,7.73,4.78,620.11,189.77,9.05,119.29,33.75,19.62,0.47,942.41,18.21,122.84,1876.02,31.136032948,27.36,1,1.5,1,0.43,0,43.07,0,7.73,0,4.78,0,620.11,0,119.29,0,33.75,0,0.47,1,,0,27.36,3,942.41,0
18,D,1.4333054479,41.53,1.4792673887,6.41,4.8656017695,3.32,33.771419926,144.93,5.17,7.1410713952,7.4988674271,6.01,2.37,686.49,7.03,140.91,697.71,31.136032948,14.620846939,1,,1,0.43,0,6.41,1,2.13,0,3.32,1,29.79,1,,1,8.61,0,2.37,1,,1,1.6,3,686.49,0
3,D,3.91,11.79,7.92,60.9,7.01,9.63,33.771419926,47.19,33.27,122.01,68.01,19.15,0.2750645383,410.73,6.97,31.09,2058.43,31.136032948,184.5,0,3.91,0,7.92,0,60.9,0,7.01,0,9.63,1,18.21,0,122.01,0,68.01,1,0.21,1,,0,184.5,3,410.73,0
4,C,7.58,13.47,16.45,69.73,17.76,20.91,70.31,41.07,47.32,220.43,115.36,21.03,4.98,1041.31,6.77,49.45,2436.06,31.136032948,110.2,0,7.58,0,16.45,0,69.73,0,17.76,0,20.91,0,70.31,0,220.43,0,115.36,0,4.98,1,,0,110.2,4,1041.31,0
22,C,1.4333054479,46.11,1.4792673887,20.86,4.8656017695,2.0159614365,363.68,78.61,5.17,28.26,7.4988674271,9.16,0.2750645383,400.74,13.73,80.54,1157.16,31.136032948,49.82,1,,1,,0,20.86,1,2.5,1,1.25,0,363.68,0,28.26,1,7.72,1,0.13,1,,0,49.82,4,400.74,0
5,C,1.4333054479,56.07,4.77,55.55,18.98,8.47,376.27,219.48,34.51,162.62,89.46,16.32,2.27,708.48,10.7,214.75,1650.97,31.136032948,95.21,1,1.65,0,4.77,0,55.55,0,18.98,0,8.47,0,376.27,0,162.62,0,89.46,0,2.27,1,18.84,0,95.21,4,708.48,0
14,C,32.72,19.35,5.82,122.94,37.99,84.35,327.37,37.55,46.76,560.51,254.78,36.64,0.2750645383,1387.6,12.22,100.34,3221.84,74.87,760.84,0,32.72,0,5.82,0,122.94,0,37.99,0,84.35,0,327.37,0,560.51,0,254.78,1,,0,74.87,0,760.84,4,1387.6,0
28,C,2.43,66.7,1.4792673887,22.91,4.8656017695,2.0159614365,91.49,223.66,6.67,33.89,7.4988674271,9.37,1.68,356.3,9.81,84.91,1313.01,31.136032948,14.620846939,0,2.43,1,0.72,0,22.91,1,1.81,1,1.59,0,91.49,0,33.89,1,9.47,0,1.68,1,,1,17.77,4,356.3,0
12,C,1.4333054479,48.94,1.4792673887,31.09,4.8656017695,4.78,471.47,153.55,9.95,50.62,17.45,7.4,5.21,762.73,15.58,59.24,1417.89,31.136032948,98.65,1,1.5,1,1,0,31.09,1,5.44,0,4.78,0,471.47,0,50.62,0,17.45,0,5.21,1,,0,98.65,4,762.73,0
15,C,2.73,31.81,6.18,21.85,4.8656017695,15.92,572.1,59.25,45.94,135.58,40.86,13.19,5.09,1318.05,11.81,57.68,1272.53,31.136032948,141.12,0,2.73,0,6.18,0,21.85,1,6.24,0,15.92,0,572.1,0,135.58,0,40.86,0,5.09,1,,0,141.12,4,1318.05,0
29,C,14.84,45.84,34.07,140.34,33.18,13.46,290.53,112.03,69.8,686.61,368.62,39.03,3.17,518.66,11.91,151.64,3003.99,172.49,388.32,0,14.84,0,34.07,0,140.34,0,33.18,0,13.46,0,290.53,0,686.61,0,368.62,0,3.17,0,172.49,0,388.32,4,518.66,0
25,C,1.4333054479,33.36,1.4792673887,4.36,4.8656017695,5.27,767.23,196.93,5.79,86.51,7.4988674271,15.52,0.2750645383,1076.91,13.58,143.01,782.95,31.136032948,14.620846939,1,,1,1,0,4.36,1,2.16,0,5.27,0,767.23,0,86.51,1,,1,,1,,1,1.6,4,1076.91,0
13,C,1.4333054479,27.07,1.4792673887,39.43,4.8656017695,10.64,129.37,52.3,19.49,56.19,31.96,7.97,0.2750645383,693.81,4.73,60.59,1589.65,31.136032948,208.34,1,0.19,1,1.55,0,39.43,1,5.46,0,10.64,0,129.37,0,56.19,0,31.96,1,,1,,0,208.34,4,693.81,0
9,C,1.4333054479,62,1.4792673887,16.58,4.8656017695,2.0159614365,33.771419926,65.73,6.91,16.88,7.4988674271,4.99,0.2750645383,730.21,3.49,86.14,1157.16,31.136032948,14.620846939,1,,1,,0,16.58,1,1.99,1,1.59,1,,0,16.88,1,,1,,1,,1,15.35,4,730.21,0
8,C,1.4333054479,38.16,5.28,22.24,29.46,10.64,416.17,143.31,7.86,47.85,105.96,15.61,4.42,,12.61,93.33,1219.46,31.136032948,148.03,1,,0,5.28,0,22.24,0,29.46,0,10.64,0,416.17,0,47.85,0,105.96,0,4.42,1,15.77,0,148.03,4,942.41,1
6,C,3.02,33.73,14.61,105.18,30.33,16.25,58.76,77.56,56.21,439.6,277.33,32.4,0.2750645383,59.34,12.14,98.48,2891.8,64.09,459.85,0,3.02,0,14.61,0,105.18,0,30.33,0,16.25,0,58.76,0,439.6,0,277.33,1,,0,64.09,0,459.85,4,59.34,0
11,C,7.26,14.7,10.94,45.43,11.55,25.11,613.6,28.2,38.35,161.05,77.89,15.79,1.94,745.5,7.1,41.71,1970.85,31.136032948,127.32,0,7.26,0,10.94,0,45.43,0,11.55,0,25.11,0,613.6,0,161.05,0,77.89,0,1.94,1,,0,127.32,4,745.5,0
1,C,1.4333054479,45.85,1.4792673887,15.86,4.8656017695,3.32,205.78,93.6,4.92,18.33,7.4988674271,4.75,0.2750645383,617.83,11.86,109.15,999.89,31.136032948,14.620846939,1,0.19,1,0.72,0,15.86,1,1.91,0,3.32,0,205.78,0,18.33,1,3.35,1,0.13,1,,1,5.53,4,617.83,0
10,C,1.4333054479,52.89,1.4792673887,23.6,4.8656017695,3.32,64.55,165.1,7.86,7.1410713952,24.29,8.3,0.2750645383,59.34,9.71,80.32,1372.32,31.136032948,125.13,1,0.85,1,1.29,0,23.6,1,2.5,0,3.32,0,64.55,1,8.26,0,24.29,1,0.06,1,,0,125.13,4,59.34,0
23,C,6.19,38.16,12.33,105.52,16.08,18.89,370.79,94.96,45.35,376.18,199.88,19.4,0.2750645383,452.94,9.9,75.73,2698.42,71.96,319.99,0,6.19,0,12.33,0,105.52,0,16.08,0,18.89,0,370.79,0,376.18,0,199.88,1,,0,71.96,0,319.99,4,452.94,0
16,C,1.4333054479,42.01,2.48,33.95,17.02,2.0159614365,33.771419926,248.47,26.57,1575.47,52.6,13.14,3.1,173.83,11.44,79.03,1676.01,31.136032948,40.4,1,,0,2.48,0,33.95,0,17.02,1,1.59,1,41.38,0,1575.47,0,52.6,0,3.1,1,,0,40.4,4,173.83,0
20,C,1.4333054479,30.05,1.4792673887,40.33,9.91,2.0159614365,466.07,229.37,8.69,115.21,188.67,17.45,0.2750645383,908.79,21.01,109.36,1779.37,31.136032948,14.620846939,1,1.51,1,1,0,40.33,0,9.91,1,,0,466.07,0,115.21,0,188.67,1,,1,6.07,1,15.34,4,908.79,0
7,C,7.02,36.37,8.7,103.16,23.91,9.63,2376.81,117.9,44.88,299.15,423.85,21.85,1.59,547.82,19.85,107.44,2365.78,31.136032948,111.35,0,7.02,0,8.7,0,103.16,0,23.91,0,9.63,0,2376.81,0,299.15,0,423.85,0,1.59,1,42.72,0,111.35,4,547.82,0
17,C,1.4333054479,36.13,1.4792673887,28.87,4.8656017695,2.0159614365,375,328.67,6.67,67.24,38,9.58,0.2750645383,253.24,19.66,52.44,1476.81,31.136032948,99.83,1,,1,1.57,0,28.87,1,4.22,1,2.26,0,375,0,67.24,0,38,1,,1,,0,99.83,4,253.24,0
19,D,6.04,41.65,11.97,38.25,17.77,12.56,462.14,367.13,47.99,138.28,157.62,45.47,14.85,1412.35,16.67,114.01,1717.19,31.136032948,115.95,0,6.04,0,11.97,0,38.25,0,17.77,0,12.56,0,462.14,0,138.28,0,157.62,0,14.85,1,,0,115.95,4,1412.35,0
26,D,1.4333054479,34.57,1.4792673887,3.031366776,4.8656017695,2.0159614365,289.48,78.54,3.51,7.1410713952,7.4988674271,3.34,0.2750645383,1205.1,5.41,42.87,429.91,31.136032948,14.620846939,1,0.53,1,1.14,1,2.56,1,3.44,1,2.26,0,289.48,1,,1,,1,0.13,1,,1,10.47,4,1205.1,0
24,D,2.73,47.43,1.4792673887,4.63,4.8656017695,2.0159614365,303.98,128.96,3.43,7.1410713952,7.4988674271,5.23,0.2750645383,1793.84,7.19,67.29,637.41,31.136032948,14.620846939,0,2.73,1,1.55,0,4.63,1,4.22,1,2.26,0,303.98,1,,1,3.35,1,,1,,1,15.34,4,1793.84,0
2,D,2.43,33.39,10.94,27.68,4.8656017695,5.84,442.57,113,55.24,121.98,97,18.04,0.2750645383,1794.45,13.4,155.88,1646,31.136032948,85.89,0,2.43,0,10.94,0,27.68,1,6.18,0,5.84,0,442.57,0,121.98,0,97,1,0.35,1,12.73,0,85.89,4,1794.45,0
27,D,3.18,39.04,10.77,39.75,11.21,4.37,33.771419926,120.23,52.23,108.39,71.95,21.66,2.37,,10.7,86.65,1732.97,31.136032948,41.59,0,3.18,0,10.77,0,39.75,0,11.21,0,4.37,1,26.9,0,108.39,0,71.95,0,2.37,1,,0,41.59,4,518.66,1
21,D,1.4333054479,53.28,1.4792673887,43.07,7.73,4.78,620.11,189.77,9.05,119.29,33.75,19.62,0.47,942.41,18.21,122.84,1876.02,31.136032948,27.36,1,1.5,1,0.43,0,43.07,0,7.73,0,4.78,0,620.11,0,119.29,0,33.75,0,0.47,1,,0,27.36,4,942.41,0
18,D,1.4333054479,41.53,1.4792673887,6.41,4.8656017695,3.32,33.771419926,144.93,5.17,7.1410713952,7.4988674271,6.01,2.37,686.49,7.03,140.91,697.71,31.136032948,14.620846939,1,,1,0.43,0,6.41,1,2.13,0,3.32,1,29.79,1,,1,8.61,0,2.37,1,,1,1.6,4,686.49,0
3,D,3.91,11.79,7.92,60.9,7.01,9.63,33.771419926,47.19,33.27,122.01,68.01,19.15,0.2750645383,410.73,6.97,31.09,2058.43,31.136032948,184.5,0,3.91,0,7.92,0,60.9,0,7.01,0,9.63,1,18.21,0,122.01,0,68.01,1,0.21,1,,0,184.5,4,410.73,0
4,C,7.58,13.47,16.45,69.73,17.76,20.91,70.31,41.07,47.32,220.43,115.36,21.03,4.98,1041.31,6.77,49.45,2436.06,31.136032948,110.2,0,7.58,0,16.45,0,69.73,0,17.76,0,20.91,0,70.31,0,220.43,0,115.36,0,4.98,1,,0,110.2,5,1041.31,0
22,C,1.4333054479,46.11,1.4792673887,20.86,4.8656017695,2.0159614365,363.68,78.61,5.17,28.26,7.4988674271,9.16,0.2750645383,400.74,13.73,80.54,1157.16,31.136032948,49.82,1,,1,,0,20.86,1,2.5,1,1.25,0,363.68,0,28.26,1,7.72,1,0.13,1,,0,49.82,5,400.74,0
5,C,1.4333054479,56.07,4.77,55.55,18.98,8.47,376.27,219.48,34.51,162.62,89.46,16.32,2.27,708.48,10.7,214.75,1650.97,31.136032948,95.21,1,1.65,0,4.77,0,55.55,0,18.98,0,8.47,0,376.27,0,162.62,0,89.46,0,2.27,1,18.84,0,95.21,5,708.48,0
14,C,32.72,19.35,5.82,122.94,37.99,84.35,327.37,37.55,46.76,560.51,254.78,36.64,0.2750645383,1387.6,12.22,100.34,3221.84,74.87,760.84,0,32.72,0,5.82,0,122.94,0,37.99,0,84.35,0,327.37,0,560.51,0,254.78,1,,0,74.87,0,760.84,5,1387.6,0
28,C,2.43,66.7,1.4792673887,22.91,4.8656017695,2.0159614365,91.49,223.66,6.67,33.89,7.4988674271,9.37,1.68,356.3,9.81,84.91,1313.01,31.136032948,14.620846939,0,2.43,1,0.72,0,22.91,1,1.81,1,1.59,0,91.49,0,33.89,1,9.47,0,1.68,1,,1,17.77,5,356.3,0
12,C,1.4333054479,48.94,1.4792673887,31.09,4.8656017695,4.78,471.47,153.55,9.95,50.62,17.45,7.4,5.21,762.73,15.58,59.24,1417.89,31.136032948,98.65,1,1.5,1,1,0,31.09,1,5.44,0,4.78,0,471.47,0,50.62,0,17.45,0,5.21,1,,0,98.65,5,762.73,0
15,C,2.73,31.81,6.18,21.85,4.8656017695,15.92,572.1,59.25,45.94,135.58,40.86,13.19,5.09,1318.05,11.81,57.68,1272.53,31.136032948,141.12,0,2.73,0,6.18,0,21.85,1,6.24,0,15.92,0,572.1,0,135.58,0,40.86,0,5.09,1,,0,141.12,5,1318.05,0
29,C,14.84,45.84,34.07,140.34,33.18,13.46,290.53,112.03,69.8,686.61,368.62,39.03,3.17,518.66,11.91,151.64,3003.99,172.49,388.32,0,14.84,0,34.07,0,140.34,0,33.18,0,13.46,0,290.53,0,686.61,0,368.62,0,3.17,0,172.49,0,388.32,5,518.66,0
25,C,1.4333054479,33.36,1.4792673887,4.36,4.8656017695,5.27,767.23,196.93,5.79,86.51,7.4988674271,15.52,0.2750645383,1076.91,13.58,143.01,782.95,31.136032948,14.620846939,1,,1,1,0,4.36,1,2.16,0,5.27,0,767.23,0,86.51,1,,1,,1,,1,1.6,5,1076.91,0
13,C,1.4333054479,27.07,1.4792673887,39.43,4.8656017695,10.64,129.37,52.3,19.49,56.19,31.96,7.97,0.2750645383,693.81,4.73,60.59,1589.65,31.136032948,208.34,1,0.19,1,1.55,0,39.43,1,5.46,0,10.64,0,129.37,0,56.19,0,31.96,1,,1,,0,208.34,5,693.81,0
9,C,1.4333054479,62,1.4792673887,16.58,4.8656017695,2.0159614365,33.771419926,65.73,6.91,16.88,7.4988674271,4.99,0.2750645383,730.21,3.49,86.14,1157.16,31.136032948,14.620846939,1,,1,,0,16.58,1,1.99,1,1.59,1,,0,16.88,1,,1,,1,,1,15.35,5,730.21,0
8,C,1.4333054479,38.16,5.28,22.24,29.46,10.64,416.17,143.31,7.86,47.85,105.96,15.61,4.42,,12.61,93.33,1219.46,31.136032948,148.03,1,,0,5.28,0,22.24,0,29.46,0,10.64,0,416.17,0,47.85,0,105.96,0,4.42,1,15.77,0,148.03,5,1076.91,1
6,C,3.02,33.73,14.61,105.18,30.33,16.25,58.76,77.56,56.21,439.6,277.33,32.4,0.2750645383,59.34,12.14,98.48,2891.8,64.09,459.85,0,3.02,0,14.61,0,105.18,0,30.33,0,16.25,0,58.76,0,439.6,0,277.33,1,,0,64.09,0,459.85,5,59.34,0
11,C,7.26,14.7,10.94,45.43,11.55,25.11,613.6,28.2,38.35,161.05,77.89,15.79,1.94,745.5,7.1,41.71,1970.85,31.136032948,127.32,0,7.26,0,10.94,0,45.43,0,11.55,0,25.11,0,613.6,0,161.05,0,77.89,0,1.94,1,,0,127.32,5,745.5,0
1,C,1.4333054479,45.85,1.4792673887,15.86,4.8656017695,3.32,205.78,93.6,4.92,18.33,7.4988674271,4.75,0.2750645383,617.83,11.86,109.15,999.89,31.136032948,14.620846939,1,0.19,1,0.72,0,15.86,1,1.91,0,3.32,0,205.78,0,18.33,1,3.35,1,0.13,1,,1,5.53,5,617.83,0
10,C,1.4333054479,52.89,1.4792673887,23.6,4.8656017695,3.32,64.55,165.1,7.86,7.1410713952,24.29,8.3,0.2750645383,59.34,9.71,80.32,1372.32,31.136032948,125.13,1,0.85,1,1.29,0,23.6,1,2.5,0,3.32,0,64.55,1,8.26,0,24.29,1,0.06,1,,0,125.13,5,59.34,0
23,C,6.19,38.16,12.33,105.52,16.08,18.89,370.79,94.96,45.35,376.18,199.88,19.4,0.2750645383,452.94,9.9,75.73,2698.42,71.96,319.99,0,6.19,0,12.33,0,105.52,0,16.08,0,18.89,0,370.79,0,376.18,0,199.88,1,,0,71.96,0,319.99,5,452.94,0
16,C,1.4333054479,42.01,2.48,33.95,17.02,2.0159614365,33.771419926,248.47,26.57,1575.47,52.6,13.14,3.1,173.83,11.44,79.03,1676.01,31.136032948,40.4,1,,0,2.48,0,33.95,0,17.02,1,1.59,1,41.38,0,1575.47,0,52.6,0,3.1,1,,0,40.4,5,173.83,0
20,C,1.4333054479,30.05,1.4792673887,40.33,9.91,2.0159614365,466.07,229.37,8.69,115.21,188.67,17.45,0.2750645383,908.79,21.01,109.36,1779.37,31.136032948,14.620846939,1,1.51,1,1,0,40.33,0,9.91,1,,0,466.07,0,115.21,0,188.67,1,,1,6.07,1,15.34,5,908.79,0
7,C,7.02,36.37,8.7,103.16,23.91,9.63,2376.81,117.9,44.88,299.15,423.85,21.85,1.59,547.82,19.85,107.44,2365.78,31.136032948,111.35,0,7.02,0,8.7,0,103.16,0,23.91,0,9.63,0,2376.81,0,299.15,0,423.85,0,1.59,1,42.72,0,111.35,5,547.82,0
17,C,1.4333054479,36.13,1.4792673887,28.87,4.8656017695,2.0159614365,375,328.67,6.67,67.24,38,9.58,0.2750645383,253.24,19.66,52.44,1476.81,31.136032948,99.83,1,,1,1.57,0,28.87,1,4.22,1,2.26,0,375,0,67.24,0,38,1,,1,,0,99.83,5,253.24,0
19,D,6.04,41.65,11.97,38.25,17.77,12.56,462.14,367.13,47.99,138.28,157.62,45.47,14.85,1412.35,16.67,114.01,1717.19,31.136032948,115.95,0,6.04,0,11.97,0,38.25,0,17.77,0,12.56,0,462.14,0,138.28,0,157.62,0,14.85,1,,0,115.95,5,1412.35,0
26,D,1.4333054479,34.57,1.4792673887,3.031366776,4.8656017695,2.0159614365,289.48,78.54,3.51,7.1410713952,7.4988674271,3.34,0.2750645383,1205.1,5.41,42.87,429.91,31.136032948,14.620846939,1,0.53,1,1.14,1,2.56,1,3.44,1,2.26,0,289.48,1,,1,,1,0.13,1,,1,10.47,5,1205.1,0
24,D,2.73,47.43,1.4792673887,4.63,4.8656017695,2.0159614365,303.98,128.96,3.43,7.1410713952,7.4988674271,5.23,0.2750645383,1793.84,7.19,67.29,637.41,31.136032948,14.620846939,0,2.73,1,1.55,0,4.63,1,4.22,1,2.26,0,303.98,1,,1,3.35,1,,1,,1,15.34,5,1793.84,0
2,D,2.43,33.39,10.94,27.68,4.8656017695,5.84,442.57,113,55.24,121.98,97,18.04,0.2750645383,1794.45,13.4,155.88,1646,31.136032948,85.89,0,2.43,0,10.94,0,27.68,1,6.18,0,5.84,0,442.57,0,121.98,0,97,1,0.35,1,12.73,0,85.89,5,1794.45,0
27,D,3.18,39.04,10.77,39.75,11.21,4.37,33.771419926,120.23,52.23,108.39,71.95,21.66,2.37,,10.7,86.65,1732.97,31.136032948,41.59,0,3.18,0,10.77,0,39.75,0,11.21,0,4.37,1,26.9,0,108.39,0,71.95,0,2.37,1,,0,41.59,5,173.83,1
21,D,1.4333054479,53.28,1.4792673887,43.07,7.73,4.78,620.11,189.77,9.05,119.29,33.75,19.62,0.47,942.41,18.21,122.84,1876.02,31.136032948,27.36,1,1.5,1,0.43,0,43.07,0,7.73,0,4.78,0,620.11,0,119.29,0,33.75,0,0.47,1,,0,27.36,5,942.41,0
18,D,1.4333054479,41.53,1.4792673887,6.41,4.8656017695,3.32,33.771419926,144.93,5.17,7.1410713952,7.4988674271,6.01,2.37,686.49,7.03,140.91,697.71,31.136032948,14.620846939,1,,1,0.43,0,6.41,1,2.13,0,3.32,1,29.79,1,,1,8.61,0,2.37,1,,1,1.6,5,686.49,0
3,D,3.91,11.79,7.92,60.9,7.01,9.63,33.771419926,47.19,33.27,122.01,68.01,19.15,0.2750645383,410.73,6.97,31.09,2058.43,31.136032948,184.5,0,3.91,0,7.92,0,60.9,0,7.01,0,9.63,1,18.21,0,122.01,0,68.01,1,0.21,1,,0,184.5,5,410.73,0
4,C,7.58,13.47,16.45,69.73,17.76,20.91,70.31,41.07,47.32,220.43,115.36,21.03,4.98,1041.31,6.77,49.45,2436.06,31.136032948,110.2,0,7.58,0,16.45,0,69.73,0,17.76,0,20.91,0,70.31,0,220.43,0,115.36,0,4.98,1,,0,110.2,6,1041.31,0
22,C,1.4333054479,46.11,1.4792673887,20.86,4.8656017695,2.0159614365,363.68,78.61,5.17,28.26,7.4988674271,9.16,0.2750645383,400.74,13.73,80.54,1157.16,31.136032948,49.82,1,,1,,0,20.86,1,2.5,1,1.25,0,363.68,0,28.26,1,7.72,1,0.13,1,,0,49.82,6,400.74,0
5,C,1.4333054479,56.07,4.77,55.55,18.98,8.47,376.27,219.48,34.51,162.62,89.46,16.32,2.27,708.48,10.7,214.75,1650.97,31.136032948,95.21,1,1.65,0,4.77,0,55.55,0,18.98,0,8.47,0,376.27,0,162.62,0,89.46,0,2.27,1,18.84,0,95.21,6,708.48,0
14,C,32.72,19.35,5.82,122.94,37.99,84.35,327.37,37.55,46.76,560.51,254.78,36.64,0.2750645383,1387.6,12.22,100.34,3221.84,74.87,760.84,0,32.72,0,5.82,0,122.94,0,37.99,0,84.35,0,327.37,0,560.51,0,254.78,1,,0,74.87,0,760.84,6,1387.6,0
28,C,2.43,66.7,1.4792673887,22.91,4.8656017695,2.0159614365,91.49,223.66,6.67,33.89,7.4988674271,9.37,1.68,356.3,9.81,84.91,1313.01,31.136032948,14.620846939,0,2.43,1,0.72,0,22.91,1,1.81,1,1.59,0,91.49,0,33.89,1,9.47,0,1.68,1,,1,17.77,6,356.3,0
12,C,1.4333054479,48.94,1.4792673887,31.09,4.8656017695,4.78,471.47,153.55,9.95,50.62,17.45,7.4,5.21,762.73,15.58,59.24,1417.89,31.136032948,98.65,1,1.5,1,1,0,31.09,1,5.44,0,4.78,0,471.47,0,50.62,0,17.45,0,5.21,1,,0,98.65,6,762.73,0
15,C,2.73,31.81,6.18,21.85,4.8656017695,15.92,572.1,59.25,45.94,135.58,40.86,13.19,5.09,1318.05,11.81,57.68,1272.53,31.136032948,141.12,0,2.73,0,6.18,0,21.85,1,6.24,0,15.92,0,572.1,0,135.58,0,40.86,0,5.09,1,,0,141.12,6,1318.05,0
29,C,14.84,45.84,34.07,140.34,33.18,13.46,290.53,112.03,69.8,686.61,368.62,39.03,3.17,518.66,11.91,151.64,3003.99,172.49,388.32,0,14.84,0,34.07,0,140.34,0,33.18,0,13.46,0,290.53,0,686.61,0,368.62,0,3.17,0,172.49,0,388.32,6,518.66,0
25,C,1.4333054479,33.36,1.4792673887,4.36,4.8656017695,5.27,767.23,196.93,5.79,86.51,7.4988674271,15.52,0.2750645383,1076.91,13.58,143.01,782.95,31.136032948,14.620846939,1,,1,1,0,4.36,1,2.16,0,5.27,0,767.23,0,86.51,1,,1,,1,,1,1.6,6,1076.91,0
13,C,1.4333054479,27.07,1.4792673887,39.43,4.8656017695,10.64,129.37,52.3,19.49,56.19,31.96,7.97,0.2750645383,693.81,4.73,60.59,1589.65,31.136032948,208.34,1,0.19,1,1.55,0,39.43,1,5.46,0,10.64,0,129.37,0,56.19,0,31.96,1,,1,,0,208.34,6,693.81,0
9,C,1.4333054479,62,1.4792673887,16.58,4.8656017695,2.0159614365,33.771419926,65.73,6.91,16.88,7.4988674271,4.99,0.2750645383,730.21,3.49,86.14,1157.16,31.136032948,14.620846939,1,,1,,0,16.58,1,1.99,1,1.59,1,,0,16.88,1,,1,,1,,1,15.35,6,730.21,0
8,C,1.4333054479,38.16,5.28,22.24,29.46,10.64,416.17,143.31,7.86,47.85,105.96,15.61,4.42,,12.61,93.33,1219.46,31.136032948,148.03,1,,0,5.28,0,22.24,0,29.46,0,10.64,0,416.17,0,47.85,0,105.96,0,4.42,1,15.77,0,148.03,6,356.3,1
6,C,3.02,33.73,14.61,105.18,30.33,16.25,58.76,77.56,56.21,439.6,277.33,32.4,0.2750645383,59.34,12.14,98.48,2891.8,64.09,459.85,0,3.02,0,14.61,0,105.18,0,30.33,0,16.25,0,58.76,0,439.6,0,277.33,1,,0,64.09,0,459.85,6,59.34,0
11,C,7.26,14.7,10.94,45.43,11.55,25.11,613.6,28.2,38.35,161.05,77.89,15.79,1.94,745.5,7.1,41.71,1970.85,31.136032948,127.32,0,7.26,0,10.94,0,45.43,0,11.55,0,25.11,0,613.6,0,161.05,0,77.89,0,1.94,1,,0,127.32,6,745.5,0
1,C,1.4333054479,45.85,1.4792673887,15.86,4.8656017695,3.32,205.78,93.6,4.92,18.33,7.4988674271,4.75,0.2750645383,617.83,11.86,109.15,999.89,31.136032948,14.620846939,1,0.19,1,0.72,0,15.86,1,1.91,0,3.32,0,205.78,0,18.33,1,3.35,1,0.13,1,,1,5.53,6,617.83,0
10,C,1.4333054479,52.89,1.4792673887,23.6,4.8656017695,3.32,64.55,165.1,7.86,7.1410713952,24.29,8.3,0.2750645383,59.34,9.71,80.32,1372.32,31.136032948,125.13,1,0.85,1,1.29,0,23.6,1,2.5,0,3.32,0,64.55,1,8.26,0,24.29,1,0.06,1,,0,125.13,6,59.34,0
23,C,6.19,38.16,12.33,105.52,16.08,18.89,370.79,94.96,45.35,376.18,199.88,19.4,0.2750645383,452.94,9.9,75.73,2698.42,71.96,319.99,0,6.19,0,12.33,0,105.52,0,16.08,0,18.89,0,370.79,0,376.18,0,199.88,1,,0,71.96,0,319.99,6,452.94,0
16,C,1.4333054479,42.01,2.48,33.95,17.02,2.0159614365,33.771419926,248.47,26.57,1575.47,52.6,13.14,3.1,173.83,11.44,79.03,1676.01,31.136032948,40.4,1,,0,2.48,0,33.95,0,17.02,1,1.59,1,41.38,0,1575.47,0,52.6,0,3.1,1,,0,40.4,6,173.83,0
20,C,1.4333054479,30.05,1.4792673887,40.33,9.91,2.0159614365,466.07,229.37,8.69,115.21,188.67,17.45,0.2750645383,908.79,21.01,109.36,1779.37,31.136032948,14.620846939,1,1.51,1,1,0,40.33,0,9.91,1,,0,466.07,0,115.21,0,188.67,1,,1,6.07,1,15.34,6,908.79,0
7,C,7.02,36.37,8.7,103.16,23.91,9.63,2376.81,117.9,44.88,299.15,423.85,21.85,1.59,547.82,19.85,107.44,2365.78,31.136032948,111.35,0,7.02,0,8.7,0,103.16,0,23.91,0,9.63,0,2376.81,0,299.15,0,423.85,0,1.59,1,42.72,0,111.35,6,547.82,0
17,C,1.4333054479,36.13,1.4792673887,28.87,4.8656017695,2.0159614365,375,328.67,6.67,67.24,38,9.58,0.2750645383,253.24,19.66,52.44,1476.81,31.136032948,99.83,1,,1,1.57,0,28.87,1,4.22,1,2.26,0,375,0,67.24,0,38,1,,1,,0,99.83,6,253.24,0
19,D,6.04,41.65,11.97,38.25,17.77,12.56,462.14,367.13,47.99,138.28,157.62,45.47,14.85,1412.35,16.67,114.01,1717.19,31.136032948,115.95,0,6.04,0,11.97,0,38.25,0,17.77,0,12.56,0,462.14,0,138.28,0,157.62,0,14.85,1,,0,115.95,6,1412.35,0
26,D,1.4333054479,34.57,1.4792673887,3.031366776,4.8656017695,2.0159614365,289.48,78.54,3.51,7.1410713952,7.4988674271,3.34,0.2750645383,1205.1,5.41,42.87,429.91,31.136032948,14.620846939,1,0.53,1,1.14,1,2.56,1,3.44,1,2.26,0,289.48,1,,1,,1,0.13,1,,1,10.47,6,1205.1,0
24,D,2.73,47.43,1.4792673887,4.63,4.8656017695,2.0159614365,303.98,128.96,3.43,7.1410713952,7.4988674271,5.23,0.2750645383,1793.84,7.19,67.29,637.41,31.136032948,14.620846939,0,2.73,1,1.55,0,4.63,1,4.22,1,2.26,0,303.98,1,,1,3.35,1,,1,,1,15.34,6,1793.84,0
2,D,2.43,33.39,10.94,27.68,4.8656017695,5.84,442.57,113,55.24,121.98,97,18.04,0.2750645383,1794.45,13.4,155.88,1646,31.136032948,85.89,0,2.43,0,10.94,0,27.68,1,6.18,0,5.84,0,442.57,0,121.98,0,97,1,0.35,1,12.73,0,85.89,6,1794.45,0
27,D,3.18,39.04,10.77,39.75,11.21,4.37,33.771419926,120.23,52.23,108.39,71.95,21.66,2.37,,10.7,86.65,1732.97,31.136032948,41.59,0,3.18,0,10.77,0,39.75,0,11.21,0,4.37,1,26.9,0,108.39,0,71.95,0,2.37,1,,0,41.59,6,730.21,1
21,D,1.4333054479,53.28,1.4792673887,43.07,7.73,4.78,620.11,189.77,9.05,119.29,33.75,19.62,0.47,942.41,18.21,122.84,1876.02,31.136032948,27.36,1,1.5,1,0.43,0,43.07,0,7.73,0,4.78,0,620.11,0,119.29,0,33.75,0,0.47,1,,0,27.36,6,942.41,0
18,D,1.4333054479,41.53,1.4792673887,6.41,4.8656017695,3.32,33.771419926,144.93,5.17,7.1410713952,7.4988674271,6.01,2.37,686.49,7.03,140.91,697.71,31.136032948,14.620846939,1,,1,0.43,0,6.41,1,2.13,0,3.32,1,29.79,1,,1,8.61,0,2.37,1,,1,1.6,6,686.49,0
3,D,3.91,11.79,7.92,60.9,7.01,9.63,33.771419926,47.19,33.27,122.01,68.01,19.15,0.2750645383,410.73,6.97,31.09,2058.43,31.136032948,184.5,0,3.91,0,7.92,0,60.9,0,7.01,0,9.63,1,18.21,0,122.01,0,68.01,1,0.21,1,,0,184.5,6,410.73,0
4,C,7.58,13.47,16.45,69.73,17.76,20.91,70.31,41.07,47.32,220.43,115.36,21.03,4.98,1041.31,6.77,49.45,2436.06,31.136032948,110.2,0,7.58,0,16.45,0,69.73,0,17.76,0,20.91,0,70.31,0,220.43,0,115.36,0,4.98,1,,0,110.2,7,1041.31,0
22,C,1.4333054479,46.11,1.4792673887,20.86,4.8656017695,2.0159614365,363.68,78.61,5.17,28.26,7.4988674271,9.16,0.2750645383,400.74,13.73,80.54,1157.16,31.136032948,49.82,1,,1,,0,20.86,1,2.5,1,1.25,0,363.68,0,28.26,1,7.72,1,0.13,1,,0,49.82,7,400.74,0
5,C,1.4333054479,56.07,4.77,55.55,18.98,8.47,376.27,219.48,34.51,162.62,89.46,16.32,2.27,708.48,10.7,214.75,1650.97,31.136032948,95.21,1,1.65,0,4.77,0,55.55,0,18.98,0,8.47,0,376.27,0,162.62,0,89.46,0,2.27,1,18.84,0,95.21,7,708.48,0
14,C,32.72,19.35,5.82,122.94,37.99,84.35,327.37,37.55,46.76,560.51,254.78,36.64,0.2750645383,1387.6,12.22,100.34,3221.84,74.87,760.84,0,32.72,0,5.82,0,122.94,0,37.99,0,84.35,0,327.37,0,560.51,0,254.78,1,,0,74.87,0,760.84,7,1387.6,0
28,C,2.43,66.7,1.4792673887,22.91,4.8656017695,2.0159614365,91.49,223.66,6.67,33.89,7.4988674271,9.37,1.68,356.3,9.81,84.91,1313.01,31.136032948,14.620846939,0,2.43,1,0.72,0,22.91,1,1.81,1,1.59,0,91.49,0,33.89,1,9.47,0,1.68,1,,1,17.77,7,356.3,0
12,C,1.4333054479,48.94,1.4792673887,31.09,4.8656017695,4.78,471.47,153.55,9.95,50.62,17.45,7.4,5.21,762.73,15.58,59.24,1417.89,31.136032948,98.65,1,1.5,1,1,0,31.09,1,5.44,0,4.78,0,471.47,0,50.62,0,17.45,0,5.21,1,,0,98.65,7,762.73,0
15,C,2.73,31.81,6.18,21.85,4.8656017695,15.92,572.1,59.25,45.94,135.58,40.86,13.19,5.09,1318.05,11.81,57.68,1272.53,31.136032948,141.12,0,2.73,0,6.18,0,21.85,1,6.24,0,15.92,0,572.1,0,135.58,0,40.86,0,5.09,1,,0,141.12,7,1318.05,0
29,C,14.84,45.84,34.07,140.34,33.18,13.46,290.53,112.03,69.8,686.61,368.62,39.03,3.17,518.66,11.91,151.64,3003.99,172.49,388.32,0,14.84,0,34.07,0,140.34,0,33.18,0,13.46,0,290.53,0,686.61,0,368.62,0,3.17,0,172.49,0,388.32,7,518.66,0
25,C,1.4333054479,33.36,1.4792673887,4.36,4.8656017695,5.27,767.23,196.93,5.79,86.51,7.4988674271,15.52,0.2750645383,1076.91,13.58,143.01,782.95,31.136032948,14.620846939,1,,1,1,0,4.36,1,2.16,0,5.27,0,767.23,0,86.51,1,,1,,1,,1,1.6,7,1076.91,0
13,C,1.4333054479,27.07,1.4792673887,39.43,4.8656017695,10.64,129.37,52.3,19.49,56.19,31.96,7.97,0.2750645383,693.81,4.73,60.59,1589.65,31.136032948,208.34,1,0.19,1,1.55,0,39.43,1,5.46,0,10.64,0,129.37,0,56.19,0,31.96,1,,1,,0,208.34,7,693.81,0
9,C,1.4333054479,62,1.4792673887,16.58,4.8656017695,2.0159614365,33.771419926,65.73,6.91,16.88,7.4988674271,4.99,0.2750645383,730.21,3.49,86.14,1157.16,31.136032948,14.620846939,1,,1,,0,16.58,1,1.99,1,1.59,1,,0,16.88,1,,1,,1,,1,15.35,7,730.21,0
8,C,1.4333054479,38.16,5.28,22.24,29.46,10.64,416.17,143.31,7.86,47.85,105.96,15.61,4.42,,12.61,93.33,1219.46,31.136032948,148.03,1,,0,5.28,0,22.24,0,29.46,0,10.64,0,416.17,0,47.85,0,105.96,0,4.42,1,15.77,0,148.03,7,253.24,1
6,C,3.02,33.73,14.61,105.18,30.33,16.25,58.76,77.56,56.21,439.6,277.33,32.4,0.2750645383,59.34,12.14,98.48,2891.8,64.09,459.85,0,3.02,0,14.61,0,105.18,0,30.33,0,16.25,0,58.76,0,439.6,0,277.33,1,,0,64.09,0,459.85,7,59.34,0
11,C,7.26,14.7,10.94,45.43,11.55,25.11,613.6,28.2,38.35,161.05,77.89,15.79,1.94,745.5,7.1,41.71,1970.85,31.136032948,127.32,0,7.26,0,10.94,0,45.43,0,11.55,0,25.11,0,613.6,0,161.05,0,77.89,0,1.94,1,,0,127.32,7,745.5,0
1,C,1.4333054479,45.85,1.4792673887,15.86,4.8656017695,3.32,205.78,93.6,4.92,18.33,7.4988674271,4.75,0.2750645383,617.83,11.86,109.15,999.89,31.136032948,14.620846939,1,0.19,1,0.72,0,15.86,1,1.91,0,3.32,0,205.78,0,18.33,1,3.35,1,0.13,1,,1,5.53,7,617.83,0
10,C,1.4333054479,52.89,1.4792673887,23.6,4.8656017695,3.32,64.55,165.1,7.86,7.1410713952,24.29,8.3,0.2750645383,59.34,9.71,80.32,1372.32,31.136032948,125.13,1,0.85,1,1.29,0,23.6,1,2.5,0,3.32,0,64.55,1,8.26,0,24.29,1,0.06,1,,0,125.13,7,59.34,0
23,C,6.19,38.16,12.33,105.52,16.08,18.89,370.79,94.96,45.35,376.18,199.88,19.4,0.2750645383,452.94,9.9,75.73,2698.42,71.96,319.99,0,6.19,0,12.33,0,105.52,0,16.08,0,18.89,0,370.79,0,376.18,0,199.88,1,,0,71.96,0,319.99,7,452.94,0
16,C,1.4333054479,42.01,2.48,33.95,17.02,2.0159614365,33.771419926,248.47,26.57,1575.47,52.6,13.14,3.1,173.83,11.44,79.03,1676.01,31.136032948,40.4,1,,0,2.48,0,33.95,0,17.02,1,1.59,1,41.38,0,1575.47,0,52.6,0,3.1,1,,0,40.4,7,173.83,0
20,C,1.4333054479,30.05,1.4792673887,40.33,9.91,2.0159614365,466.07,229.37,8.69,115.21,188.67,17.45,0.2750645383,908.79,21.01,109.36,1779.37,31.136032948,14.620846939,1,1.51,1,1,0,40.33,0,9.91,1,,0,466.07,0,115.21,0,188.67,1,,1,6.07,1,15.34,7,908.79,0
7,C,7.02,36.37,8.7,103.16,23.91,9.63,2376.81,117.9,44.88,299.15,423.85,21.85,1.59,547.82,19.85,107.44,2365.78,31.136032948,111.35,0,7.02,0,8.7,0,103.16,0,23.91,0,9.63,0,2376.81,0,299.15,0,423.85,0,1.59,1,42.72,0,111.35,7,547.82,0
17,C,1.4333054479,36.13,1.4792673887,28.87,4.8656017695,2.0159614365,375,328.67,6.67,67.24,38,9.58,0.2750645383,253.24,19.66,52.44,1476.81,31.136032948,99.83,1,,1,1.57,0,28.87,1,4.22,1,2.26,0,375,0,67.24,0,38,1,,1,,0,99.83,7,253.24,0
19,D,6.04,41.65,11.97,38.25,17.77,12.56,462.14,367.13,47.99,138.28,157.62,45.47,14.85,1412.35,16.67,114.01,1717.19,31.136032948,115.95,0,6.04,0,11.97,0,38.25,0,17.77,0,12.56,0,462.14,0,138.28,0,157.62,0,14.85,1,,0,115.95,7,1412.35,0
26,D,1.4333054479,34.57,1.4792673887,3.031366776,4.8656017695,2.0159614365,289.48,78.54,3.51,7.1410713952,7.4988674271,3.34,0.2750645383,1205.1,5.41,42.87,429.91,31.136032948,14.620846939,1,0.53,1,1.14,1,2.56,1,3.44,1,2.26,0,289.48,1,,1,,1,0.13,1,,1,10.47,7,1205.1,0
24,D,2.73,47.43,1.4792673887,4.63,4.8656017695,2.0159614365,303.98,128.96,3.43,7.1410713952,7.4988674271,5.23,0.2750645383,1793.84,7.19,67.29,637.41,31.136032948,14.620846939,0,2.73,1,1.55,0,4.63,1,4.22,1,2.26,0,303.98,1,,1,3.35,1,,1,,1,15.34,7,1793.84,0
2,D,2.43,33.39,10.94,27.68,4.8656017695,5.84,442.57,113,55.24,121.98,97,18.04,0.2750645383,1794.45,13.4,155.88,1646,31.136032948,85.89,0,2.43,0,10.94,0,27.68,1,6.18,0,5.84,0,442.57,0,121.98,0,97,1,0.35,1,12.73,0,85.89,7,1794.45,0
27,D,3.18,39.04,10.77,39.75,11.21,4.37,33.771419926,120.23,52.23,108.39,71.95,21.66,2.37,,10.7,86.65,1732.97,31.136032948,41.59,0,3.18,0,10.77,0,39.75,0,11.21,0,4.37,1,26.9,0,108.39,0,71.95,0,2.37,1,,0,41.59,7,908.79,1
21,D,1.4333054479,53.28,1.4792673887,43.07,7.73,4.78,620.11,189.77,9.05,119.29,33.75,19.62,0.47,942.41,18.21,122.84,1876.02,31.136032948,27.36,1,1.5,1,0.43,0,43.07,0,7.73,0,4.78,0,620.11,0,119.29,0,33.75,0,0.47,1,,0,27.36,7,942.41,0
18,D,1.4333054479,41.53,1.4792673887,6.41,4.8656017695,3.32,33.771419926,144.93,5.17,7.1410713952,7.4988674271,6.01,2.37,686.49,7.03,140.91,697.71,31.136032948,14.620846939,1,,1,0.43,0,6.41,1,2.13,0,3.32,1,29.79,1,,1,8.61,0,2.37,1,,1,1.6,7,686.49,0
3,D,3.91,11.79,7.92,60.9,7.01,9.63,33.771419926,47.19,33.27,122.01,68.01,19.15,0.2750645383,410.73,6.97,31.09,2058.43,31.136032948,184.5,0,3.91,0,7.92,0,60.9,0,7.01,0,9.63,1,18.21,0,122.01,0,68.01,1,0.21,1,,0,184.5,7,410.73,0
4,C,7.58,13.47,16.45,69.73,17.76,20.91,70.31,41.07,47.32,220.43,115.36,21.03,4.98,1041.31,6.77,49.45,2436.06,31.136032948,110.2,0,7.58,0,16.45,0,69.73,0,17.76,0,20.91,0,70.31,0,220.43,0,115.36,0,4.98,1,,0,110.2,8,1041.31,0
22,C,1.4333054479,46.11,1.4792673887,20.86,4.8656017695,2.0159614365,363.68,78.61,5.17,28.26,7.4988674271,9.16,0.2750645383,400.74,13.73,80.54,1157.16,31.136032948,49.82,1,,1,,0,20.86,1,2.5,1,1.25,0,363.68,0,28.26,1,7.72,1,0.13,1,,0,49.82,8,400.74,0
5,C,1.4333054479,56.07,4.77,55.55,18.98,8.47,376.27,219.48,34.51,162.62,89.46,16.32,2.27,708.48,10.7,214.75,1650.97,31.136032948,95.21,1,1.65,0,4.77,0,55.55,0,18.98,0,8.47,0,376.27,0,162.62,0,89.46,0,2.27,1,18.84,0,95.21,8,708.48,0
14,C,32.72,19.35,5.82,122.94,37.99,84.35,327.37,37.55,46.76,560.51,254.78,36.64,0.2750645383,1387.6,12.22,100.34,3221.84,74.87,760.84,0,32.72,0,5.82,0,122.94,0,37.99,0,84.35,0,327.37,0,560.51,0,254.78,1,,0,74.87,0,760.84,8,1387.6,0
28,C,2.43,66.7,1.4792673887,22.91,4.8656017695,2.0159614365,91.49,223.66,6.67,33.89,7.4988674271,9.37,1.68,356.3,9.81,84.91,1313.01,31.136032948,14.620846939,0,2.43,1,0.72,0,22.91,1,1.81,1,1.59,0,91.49,0,33.89,1,9.47,0,1.68,1,,1,17.77,8,356.3,0
12,C,1.4333054479,48.94,1.4792673887,31.09,4.8656017695,4.78,471.47,153.55,9.95,50.62,17.45,7.4,5.21,762.73,15.58,59.24,1417.89,31.136032948,98.65,1,1.5,1,1,0,31.09,1,5.44,0,4.78,0,471.47,0,50.62,0,17.45,0,5.21,1,,0,98.65,8,762.73,0
15,C,2.73,31.81,6.18,21.85,4.8656017695,15.92,572.1,59.25,45.94,135.58,40.86,13.19,5.09,1318.05,11.81,57.68,1272.53,31.136032948,141.12,0,2.73,0,6.18,0,21.85,1,6.24,0,15.92,0,572.1,0,135.58,0,40.86,0,5.09,1,,0,141.12,8,1318.05,0
29,C,14.84,45.84,34.07,140.34,33.18,13.46,290.53,112.03,69.8,686.61,368.62,39.03,3.17,518.66,11.91,151.64,3003.99,172.49,388.32,0,14.84,0,34.07,0,140.34,0,33.18,0,13.46,0,290.53,0,686.61,0,368.62,0,3.17,0,172.49,0,388.32,8,518.66,0
25,C,1.4333054479,33.36,1.4792673887,4.36,4.8656017695,5.27,767.23,196.93,5.79,86.51,7.4988674271,15.52,0.2750645383,1076.91,13.58,143.01,782.95,31.136032948,14.620846939,1,,1,1,0,4.36,1,2.16,0,5.27,0,767.23,0,86.51,1,,1,,1,,1,1.6,8,1076.91,0
13,C,1.4333054479,27.07,1.4792673887,39.43,4.8656017695,10.64,129.37,52.3,19.49,56.19,31.96,7.97,0.2750645383,693.81,4.73,60.59,1589.65,31.136032948,208.34,1,0.19,1,1.55,0,39.43,1,5.46,0,10.64,0,129.37,0,56.19,0,31.96,1,,1,,0,208.34,8,693.81,0
9,C,1.4333054479,62,1.4792673887,16.58,4.8656017695,2.0159614365,33.771419926,65.73,6.91,16.88,7.4988674271,4.99,0.2750645383,730.21,3.49,86.14,1157.16,31.136032948,14.620846939,1,,1,,0,16.58,1,1.99,1,1.59,1,,0,16.88,1,,1,,1,,1,15.35,8,730.21,0
8,C,1.4333054479,38.16,5.28,22.24,29.46,10.64,416.17,143.31,7.86,47.85,105.96,15.61,4.42,,12.61,93.33,1219.46,31.136032948,148.03,1,,0,5.28,0,22.24,0,29.46,0,10.64,0,416.17,0,47.85,0,105.96,0,4.42,1,15.77,0,148.03,8,173.83,1
6,C,3.02,33.73,14.61,105.18,30.33,16.25,58.76,77.56,56.21,439.6,277.33,32.4,0.2750645383,59.34,12.14,98.48,2891.8,64.09,459.85,0,3.02,0,14.61,0,105.18,0,30.33,0,16.25,0,58.76,0,439.6,0,277.33,1,,0,64.09,0,459.85,8,59.34,0
11,C,7.26,14.7,10.94,45.43,11.55,25.11,613.6,28.2,38.35,161.05,77.89,15.79,1.94,745.5,7.1,41.71,1970.85,31.136032948,127.32,0,7.26,0,10.94,0,45.43,0,11.55,0,25.11,0,613.6,0,161.05,0,77.89,0,1.94,1,,0,127.32,8,745.5,0
1,C,1.4333054479,45.85,1.4792673887,15.86,4.8656017695,3.32,205.78,93.6,4.92,18.33,7.4988674271,4.75,0.2750645383,617.83,11.86,109.15,999.89,31.136032948,14.620846939,1,0.19,1,0.72,0,15.86,1,1.91,0,3.32,0,205.78,0,18.33,1,3.35,1,0.13,1,,1,5.53,8,617.83,0
10,C,1.4333054479,52.89,1.4792673887,23.6,4.8656017695,3.32,64.55,165.1,7.86,7.1410713952,24.29,8.3,0.2750645383,59.34,9.71,80.32,1372.32,31.136032948,125.13,1,0.85,1,1.29,0,23.6,1,2.5,0,3.32,0,64.55,1,8.26,0,24.29,1,0.06,1,,0,125.13,8,59.34,0
23,C,6.19,38.16,12.33,105.52,16.08,18.89,370.79,94.96,45.35,376.18,199.88,19.4,0.2750645383,452.94,9.9,75.73,2698.42,71.96,319.99,0,6.19,0,12.33,0,105.52,0,16.08,0,18.89,0,370.79,0,376.18,0,199.88,1,,0,71.96,0,319.99,8,452.94,0
16,C,1.4333054479,42.01,2.48,33.95,17.02,2.0159614365,33.771419926,248.47,26.57,1575.47,52.6,13.14,3.1,173.83,11.44,79.03,1676.01,31.136032948,40.4,1,,0,2.48,0,33.95,0,17.02,1,1.59,1,41.38,0,1575.47,0,52.6,0,3.1,1,,0,40.4,8,173.83,0
20,C,1.4333054479,30.05,1.4792673887,40.33,9.91,2.0159614365,466.07,229.37,8.69,115.21,188.67,17.45,0.2750645383,908.79,21.01,109.36,1779.37,31.136032948,14.620846939,1,1.51,1,1,0,40.33,0,9.91,1,,0,466.07,0,115.21,0,188.67,1,,1,6.07,1,15.34,8,908.79,0
7,C,7.02,36.37,8.7,103.16,23.91,9.63,2376.81,117.9,44.88,299.15,423.85,21.85,1.59,547.82,19.85,107.44,2365.78,31.136032948,111.35,0,7.02,0,8.7,0,103.16,0,23.91,0,9.63,0,2376.81,0,299.15,0,423.85,0,1.59,1,42.72,0,111.35,8,547.82,0
17,C,1.4333054479,36.13,1.4792673887,28.87,4.8656017695,2.0159614365,375,328.67,6.67,67.24,38,9.58,0.2750645383,253.24,19.66,52.44,1476.81,31.136032948,99.83,1,,1,1.57,0,28.87,1,4.22,1,2.26,0,375,0,67.24,0,38,1,,1,,0,99.83,8,253.24,0
19,D,6.04,41.65,11.97,38.25,17.77,12.56,462.14,367.13,47.99,138.28,157.62,45.47,14.85,1412.35,16.67,114.01,1717.19,31.136032948,115.95,0,6.04,0,11.97,0,38.25,0,17.77,0,12.56,0,462.14,0,138.28,0,157.62,0,14.85,1,,0,115.95,8,1412.35,0
26,D,1.4333054479,34.57,1.4792673887,3.031366776,4.8656017695,2.0159614365,289.48,78.54,3.51,7.1410713952,7.4988674271,3.34,0.2750645383,1205.1,5.41,42.87,429.91,31.136032948,14.620846939,1,0.53,1,1.14,1,2.56,1,3.44,1,2.26,0,289.48,1,,1,,1,0.13,1,,1,10.47,8,1205.1,0
24,D,2.73,47.43,1.4792673887,4.63,4.8656017695,2.0159614365,303.98,128.96,3.43,7.1410713952,7.4988674271,5.23,0.2750645383,1793.84,7.19,67.29,637.41,31.136032948,14.620846939,0,2.73,1,1.55,0,4.63,1,4.22,1,2.26,0,303.98,1,,1,3.35,1,,1,,1,15.34,8,1793.84,0
2,D,2.43,33.39,10.94,27.68,4.8656017695,5.84,442.57,113,55.24,121.98,97,18.04,0.2750645383,1794.45,13.4,155.88,1646,31.136032948,85.89,0,2.43,0,10.94,0,27.68,1,6.18,0,5.84,0,442.57,0,121.98,0,97,1,0.35,1,12.73,0,85.89,8,1794.45,0
27,D,3.18,39.04,10.77,39.75,11.21,4.37,33.771419926,120.23,52.23,108.39,71.95,21.66,2.37,,10.7,86.65,1732.97,31.136032948,41.59,0,3.18,0,10.77,0,39.75,0,11.21,0,4.37,1,26.9,0,108.39,0,71.95,0,2.37,1,,0,41.59,8,908.79,1
21,D,1.4333054479,53.28,1.4792673887,43.07,7.73,4.78,620.11,189.77,9.05,119.29,33.75,19.62,0.47,942.41,18.21,122.84,1876.02,31.136032948,27.36,1,1.5,1,0.43,0,43.07,0,7.73,0,4.78,0,620.11,0,119.29,0,33.75,0,0.47,1,,0,27.36,8,942.41,0
18,D,1.4333054479,41.53,1.4792673887,6.41,4.8656017695,3.32,33.771419926,144.93,5.17,7.1410713952,7.4988674271,6.01,2.37,686.49,7.03,140.91,697.71,31.136032948,14.620846939,1,,1,0.43,0,6.41,1,2.13,0,3.32,1,29.79,1,,1,8.61,0,2.37,1,,1,1.6,8,686.49,0
3,D,3.91,11.79,7.92,60.9,7.01,9.63,33.771419926,47.19,33.27,122.01,68.01,19.15,0.2750645383,410.73,6.97,31.09,2058.43,31.136032948,184.5,0,3.91,0,7.92,0,60.9,0,7.01,0,9.63,1,18.21,0,122.01,0,68.01,1,0.21,1,,0,184.5,8,410.73,0
4,C,7.58,13.47,16.45,69.73,17.76,20.91,70.31,41.07,47.32,220.43,115.36,21.03,4.98,1041.31,6.77,49.45,2436.06,31.136032948,110.2,0,7.58,0,16.45,0,69.73,0,17.76,0,20.91,0,70.31,0,220.43,0,115.36,0,4.98,1,,0,110.2,9,1041.31,0
22,C,1.4333054479,46.11,1.4792673887,20.86,4.8656017695,2.0159614365,363.68,78.61,5.17,28.26,7.4988674271,9.16,0.2750645383,400.74,13.73,80.54,1157.16,31.136032948,49.82,1,,1,,0,20.86,1,2.5,1,1.25,0,363.68,0,28.26,1,7.72,1,0.13,1,,0,49.82,9,400.74,0
5,C,1.4333054479,56.07,4.77,55.55,18.98,8.47,376.27,219.48,34.51,162.62,89.46,16.32,2.27,708.48,10.7,214.75,1650.97,31.136032948,95.21,1,1.65,0,4.77,0,55.55,0,18.98,0,8.47,0,376.27,0,162.62,0,89.46,0,2.27,1,18.84,0,95.21,9,708.48,0
14,C,32.72,19.35,5.82,122.94,37.99,84.35,327.37,37.55,46.76,560.51,254.78,36.64,0.2750645383,1387.6,12.22,100.34,3221.84,74.87,760.84,0,32.72,0,5.82,0,122.94,0,37.99,0,84.35,0,327.37,0,560.51,0,254.78,1,,0,74.87,0,760.84,9,1387.6,0
28,C,2.43,66.7,1.4792673887,22.91,4.8656017695,2.0159614365,91.49,223.66,6.67,33.89,7.4988674271,9.37,1.68,356.3,9.81,84.91,1313.01,31.136032948,14.620846939,0,2.43,1,0.72,0,22.91,1,1.81,1,1.59,0,91.49,0,33.89,1,9.47,0,1.68,1,,1,17.77,9,356.3,0
12,C,1.4333054479,48.94,1.4792673887,31.09,4.8656017695,4.78,471.47,153.55,9.95,50.62,17.45,7.4,5.21,762.73,15.58,59.24,1417.89,31.136032948,98.65,1,1.5,1,1,0,31.09,1,5.44,0,4.78,0,471.47,0,50.62,0,17.45,0,5.21,1,,0,98.65,9,762.73,0
15,C,2.73,31.81,6.18,21.85,4.8656017695,15.92,572.1,59.25,45.94,135.58,40.86,13.19,5.09,1318.05,11.81,57.68,1272.53,31.136032948,141.12,0,2.73,0,6.18,0,21.85,1,6.24,0,15.92,0,572.1,0,135.58,0,40.86,0,5.09,1,,0,141.12,9,1318.05,0
29,C,14.84,45.84,34.07,140.34,33.18,13.46,290.53,112.03,69.8,686.61,368.62,39.03,3.17,518.66,11.91,151.64,3003.99,172.49,388.32,0,14.84,0,34.07,0,140.34,0,33.18,0,13.46,0,290.53,0,686.61,0,368.62,0,3.17,0,172.49,0,388.32,9,518.66,0
25,C,1.4333054479,33.36,1.4792673887,4.36,4.8656017695,5.27,767.23,196.93,5.79,86.51,7.4988674271,15.52,0.2750645383,1076.91,13.58,143.01,782.95,31.136032948,14.620846939,1,,1,1,0,4.36,1,2.16,0,5.27,0,767.23,0,86.51,1,,1,,1,,1,1.6,9,1076.91,0
13,C,1.4333054479,27.07,1.4792673887,39.43,4.8656017695,10.64,129.37,52.3,19.49,56.19,31.96,7.97,0.2750645383,693.81,4.73,60.59,1589.65,31.136032948,208.34,1,0.19,1,1.55,0,39.43,1,5.46,0,10.64,0,129.37,0,56.19,0,31.96,1,,1,,0,208.34,9,693.81,0
9,C,1.4333054479,62,1.4792673887,16.58,4.8656017695,2.0159614365,33.771419926,65.73,6.91,16.88,7.4988674271,4.99,0.2750645383,730.21,3.49,86.14,1157.16,31.136032948,14.620846939,1,,1,,0,16.58,1,1.99,1,1.59,1,,0,16.88,1,,1,,1,,1,15.35,9,730.21,0
8,C,1.4333054479,38.16,5.28,22.24,29.46,10.64,416.17,143.31,7.86,47.85,105.96,15.61,4.42,,12.61,93.33,1219.46,31.136032948,148.03,1,,0,5.28,0,22.24,0,29.46,0,10.64,0,416.17,0,47.85,0,105.96,0,4.42,1,15.77,0,148.03,9,708.48,1
6,C,3.02,33.73,14.61,105.18,30.33,16.25,58.76,77.56,56.21,439.6,277.33,32.4,0.2750645383,59.34,12.14,98.48,2891.8,64.09,459.85,0,3.02,0,14.61,0,105.18,0,30.33,0,16.25,0,58.76,0,439.6,0,277.33,1,,0,64.09,0,459.85,9,59.34,0
11,C,7.26,14.7,10.94,45.43,11.55,25.11,613.6,28.2,38.35,161.05,77.89,15.79,1.94,745.5,7.1,41.71,1970.85,31.136032948,127.32,0,7.26,0,10.94,0,45.43,0,11.55,0,25.11,0,613.6,0,161.05,0,77.89,0,1.94,1,,0,127.32,9,745.5,0
1,C,1.4333054479,45.85,1.4792673887,15.86,4.8656017695,3.32,205.78,93.6,4.92,18.33,7.4988674271,4.75,0.2750645383,617.83,11.86,109.15,999.89,31.136032948,14.620846939,1,0.19,1,0.72,0,15.86,1,1.91,0,3.32,0,205.78,0,18.33,1,3.35,1,0.13,1,,1,5.53,9,617.83,0
10,C,1.4333054479,52.89,1.4792673887,23.6,4.8656017695,3.32,64.55,165.1,7.86,7.1410713952,24.29,8.3,0.2750645383,59.34,9.71,80.32,1372.32,31.136032948,125.13,1,0.85,1,1.29,0,23.6,1,2.5,0,3.32,0,64.55,1,8.26,0,24.29,1,0.06,1,,0,125.13,9,59.34,0
23,C,6.19,38.16,12.33,105.52,16.08,18.89,370.79,94.96,45.35,376.18,199.88,19.4,0.2750645383,452.94,9.9,75.73,2698.42,71.96,319.99,0,6.19,0,12.33,0,105.52,0,16.08,0,18.89,0,370.79,0,376.18,0,199.88,1,,0,71.96,0,319.99,9,452.94,0
16,C,1.4333054479,42.01,2.48,33.95,17.02,2.0159614365,33.771419926,248.47,26.57,1575.47,52.6,13.14,3.1,173.83,11.44,79.03,1676.01,31.136032948,40.4,1,,0,2.48,0,33.95,0,17.02,1,1.59,1,41.38,0,1575.47,0,52.6,0,3.1,1,,0,40.4,9,173.83,0
20,C,1.4333054479,30.05,1.4792673887,40.33,9.91,2.0159614365,466.07,229.37,8.69,115.21,188.67,17.45,0.2750645383,908.79,21.01,109.36,1779.37,31.136032948,14.620846939,1,1.51,1,1,0,40.33,0,9.91,1,,0,466.07,0,115.21,0,188.67,1,,1,6.07,1,15.34,9,908.79,0
7,C,7.02,36.37,8.7,103.16,23.91,9.63,2376.81,117.9,44.88,299.15,423.85,21.85,1.59,547.82,19.85,107.44,2365.78,31.136032948,111.35,0,7.02,0,8.7,0,103.16,0,23.91,0,9.63,0,2376.81,0,299.15,0,423.85,0,1.59,1,42.72,0,111.35,9,547.82,0
17,C,1.4333054479,36.13,1.4792673887,28.87,4.8656017695,2.0159614365,375,328.67,6.67,67.24,38,9.58,0.2750645383,253.24,19.66,52.44,1476.81,31.136032948,99.83,1,,1,1.57,0,28.87,1,4.22,1,2.26,0,375,0,67.24,0,38,1,,1,,0,99.83,9,253.24,0
19,D,6.04,41.65,11.97,38.25,17.77,12.56,462.14,367.13,47.99,138.28,157.62,45.47,14.85,1412.35,16.67,114.01,1717.19,31.136032948,115.95,0,6.04,0,11.97,0,38.25,0,17.77,0,12.56,0,462.14,0,138.28,0,157.62,0,14.85,1,,0,115.95,9,1412.35,0
26,D,1.4333054479,34.57,1.4792673887,3.031366776,4.8656017695,2.0159614365,289.48,78.54,3.51,7.1410713952,7.4988674271,3.34,0.2750645383,1205.1,5.41,42.87,429.91,31.136032948,14.620846939,1,0.53,1,1.14,1,2.56,1,3.44,1,2.26,0,289.48,1,,1,,1,0.13,1,,1,10.47,9,1205.1,0
24,D,2.73,47.43,1.4792673887,4.63,4.8656017695,2.0159614365,303.98,128.96,3.43,7.1410713952,7.4988674271,5.23,0.2750645383,1793.84,7.19,67.29,637.41,31.136032948,14.620846939,0,2.73,1,1.55,0,4.63,1,4.22,1,2.26,0,303.98,1,,1,3.35,1,,1,,1,15.34,9,1793.84,0
2,D,2.43,33.39,10.94,27.68,4.8656017695,5.84,442.57,113,55.24,121.98,97,18.04,0.2750645383,1794.45,13.4,155.88,1646,31.136032948,85.89,0,2.43,0,10.94,0,27.68,1,6.18,0,5.84,0,442.57,0,121.98,0,97,1,0.35,1,12.73,0,85.89,9,1794.45,0
27,D,3.18,39.04,10.77,39.75,11.21,4.37,33.771419926,120.23,52.23,108.39,71.95,21.66,2.37,,10.7,86.65,1732.97,31.136032948,41.59,0,3.18,0,10.77,0,39.75,0,11.21,0,4.37,1,26.9,0,108.39,0,71.95,0,2.37,1,,0,41.59,9,708.48,1
21,D,1.4333054479,53.28,1.4792673887,43.07,7.73,4.78,620.11,189.77,9.05,119.29,33.75,19.62,0.47,942.41,18.21,122.84,1876.02,31.136032948,27.36,1,1.5,1,0.43,0,43.07,0,7.73,0,4.78,0,620.11,0,119.29,0,33.75,0,0.47,1,,0,27.36,9,942.41,0
18,D,1.4333054479,41.53,1.4792673887,6.41,4.8656017695,3.32,33.771419926,144.93,5.17,7.1410713952,7.4988674271,6.01,2.37,686.49,7.03,140.91,697.71,31.136032948,14.620846939,1,,1,0.43,0,6.41,1,2.13,0,3.32,1,29.79,1,,1,8.61,0,2.37,1,,1,1.6,9,686.49,0
3,D,3.91,11.79,7.92,60.9,7.01,9.63,33.771419926,47.19,33.27,122.01,68.01,19.15,0.2750645383,410.73,6.97,31.09,2058.43,31.136032948,184.5,0,3.91,0,7.92,0,60.9,0,7.01,0,9.63,1,18.21,0,122.01,0,68.01,1,0.21,1,,0,184.5,9,410.73,0
4,C,7.58,13.47,16.45,69.73,17.76,20.91,70.31,41.07,47.32,220.43,115.36,21.03,4.98,1041.31,6.77,49.45,2436.06,31.136032948,110.2,0,7.58,0,16.45,0,69.73,0,17.76,0,20.91,0,70.31,0,220.43,0,115.36,0,4.98,1,,0,110.2,10,1041.31,0
22,C,1.4333054479,46.11,1.4792673887,20.86,4.8656017695,2.0159614365,363.68,78.61,5.17,28.26,7.4988674271,9.16,0.2750645383,400.74,13.73,80.54,1157.16,31.136032948,49.82,1,,1,,0,20.86,1,2.5,1,1.25,0,363.68,0,28.26,1,7.72,1,0.13,1,,0,49.82,10,400.74,0
5,C,1.4333054479,56.07,4.77,55.55,18.98,8.47,376.27,219.48,34.51,162.62,89.46,16.32,2.27,708.48,10.7,214.75,1650.97,31.136032948,95.21,1,1.65,0,4.77,0,55.55,0,18.98,0,8.47,0,376.27,0,162.62,0,89.46,0,2.27,1,18.84,0,95.21,10,708.48,0
14,C,32.72,19.35,5.82,122.94,37.99,84.35,327.37,37.55,46.76,560.51,254.78,36.64,0.2750645383,1387.6,12.22,100.34,3221.84,74.87,760.84,0,32.72,0,5.82,0,122.94,0,37.99,0,84.35,0,327.37,0,560.51,0,254.78,1,,0,74.87,0,760.84,10,1387.6,0
28,C,2.43,66.7,1.4792673887,22.91,4.8656017695,2.0159614365,91.49,223.66,6.67,33.89,7.4988674271,9.37,1.68,356.3,9.81,84.91,1313.01,31.136032948,14.620846939,0,2.43,1,0.72,0,22.91,1,1.81,1,1.59,0,91.49,0,33.89,1,9.47,0,1.68,1,,1,17.77,10,356.3,0
12,C,1.4333054479,48.94,1.4792673887,31.09,4.8656017695,4.78,471.47,153.55,9.95,50.62,17.45,7.4,5.21,762.73,15.58,59.24,1417.89,31.136032948,98.65,1,1.5,1,1,0,31.09,1,5.44,0,4.78,0,471.47,0,50.62,0,17.45,0,5.21,1,,0,98.65,10,762.73,0
15,C,2.73,31.81,6.18,21.85,4.8656017695,15.92,572.1,59.25,45.94,135.58,40.86,13.19,5.09,1318.05,11.81,57.68,1272.53,31.136032948,141.12,0,2.73,0,6.18,0,21.85,1,6.24,0,15.92,0,572.1,0,135.58,0,40.86,0,5.09,1,,0,141.12,10,1318.05,0
29,C,14.84,45.84,34.07,140.34,33.18,13.46,290.53,112.03,69.8,686.61,368.62,39.03,3.17,518.66,11.91,151.64,3003.99,172.49,388.32,0,14.84,0,34.07,0,140.34,0,33.18,0,13.46,0,290.53,0,686.61,0,368.62,0,3.17,0,172.49,0,388.32,10,518.66,0
25,C,1.4333054479,33.36,1.4792673887,4.36,4.8656017695,5.27,767.23,196.93,5.79,86.51,7.4988674271,15.52,0.2750645383,1076.91,13.58,143.01,782.95,31.136032948,14.620846939,1,,1,1,0,4.36,1,2.16,0,5.27,0,767.23,0,86.51,1,,1,,1,,1,1.6,10,1076.91,0
13,C,1.4333054479,27.07,1.4792673887,39.43,4.8656017695,10.64,129.37,52.3,19.49,56.19,31.96,7.97,0.2750645383,693.81,4.73,60.59,1589.65,31.136032948,208.34,1,0.19,1,1.55,0,39.43,1,5.46,0,10.64,0,129.37,0,56.19,0,31.96,1,,1,,0,208.34,10,693.81,0
9,C,1.4333054479,62,1.4792673887,16.58,4.8656017695,2.0159614365,33.771419926,65.73,6.91,16.88,7.4988674271,4.99,0.2750645383,730.21,3.49,86.14,1157.16,31.136032948,14.620846939,1,,1,,0,16.58,1,1.99,1,1.59,1,,0,16.88,1,,1,,1,,1,15.35,10,730.21,0
8,C,1.4333054479,38.16,5.28,22.24,29.46,10.64,416.17,143.31,7.86,47.85,105.96,15.61,4.42,,12.61,93.33,1219.46,31.136032948,148.03,1,,0,5.28,0,22.24,0,29.46,0,10.64,0,416.17,0,47.85,0,105.96,0,4.42,1,15.77,0,148.03,10,745.5,1
6,C,3.02,33.73,14.61,105.18,30.33,16.25,58.76,77.56,56.21,439.6,277.33,32.4,0.2750645383,59.34,12.14,98.48,2891.8,64.09,459.85,0,3.02,0,14.61,0,105.18,0,30.33,0,16.25,0,58.76,0,439.6,0,277.33,1,,0,64.09,0,459.85,10,59.34,0
11,C,7.26,14.7,10.94,45.43,11.55,25.11,613.6,28.2,38.35,161.05,77.89,15.79,1.94,745.5,7.1,41.71,1970.85,31.136032948,127.32,0,7.26,0,10.94,0,45.43,0,11.55,0,25.11,0,613.6,0,161.05,0,77.89,0,1.94,1,,0,127.32,10,745.5,0
1,C,1.4333054479,45.85,1.4792673887,15.86,4.8656017695,3.32,205.78,93.6,4.92,18.33,7.4988674271,4.75,0.2750645383,617.83,11.86,109.15,999.89,31.136032948,14.620846939,1,0.19,1,0.72,0,15.86,1,1.91,0,3.32,0,205.78,0,18.33,1,3.35,1,0.13,1,,1,5.53,10,617.83,0
10,C,1.4333054479,52.89,1.4792673887,23.6,4.8656017695,3.32,64.55,165.1,7.86,7.1410713952,24.29,8.3,0.2750645383,59.34,9.71,80.32,1372.32,31.136032948,125.13,1,0.85,1,1.29,0,23.6,1,2.5,0,3.32,0,64.55,1,8.26,0,24.29,1,0.06,1,,0,125.13,10,59.34,0
23,C,6.19,38.16,12.33,105.52,16.08,18.89,370.79,94.96,45.35,376.18,199.88,19.4,0.2750645383,452.94,9.9,75.73,2698.42,71.96,319.99,0,6.19,0,12.33,0,105.52,0,16.08,0,18.89,0,370.79,0,376.18,0,199.88,1,,0,71.96,0,319.99,10,452.94,0
16,C,1.4333054479,42.01,2.48,33.95,17.02,2.0159614365,33.771419926,248.47,26.57,1575.47,52.6,13.14,3.1,173.83,11.44,79.03,1676.01,31.136032948,40.4,1,,0,2.48,0,33.95,0,17.02,1,1.59,1,41.38,0,1575.47,0,52.6,0,3.1,1,,0,40.4,10,173.83,0
20,C,1.4333054479,30.05,1.4792673887,40.33,9.91,2.0159614365,466.07,229.37,8.69,115.21,188.67,17.45,0.2750645383,908.79,21.01,109.36,1779.37,31.136032948,14.620846939,1,1.51,1,1,0,40.33,0,9.91,1,,0,466.07,0,115.21,0,188.67,1,,1,6.07,1,15.34,10,908.79,0
7,C,7.02,36.37,8.7,103.16,23.91,9.63,2376.81,117.9,44.88,299.15,423.85,21.85,1.59,547.82,19.85,107.44,2365.78,31.136032948,111.35,0,7.02,0,8.7,0,103.16,0,23.91,0,9.63,0,2376.81,0,299.15,0,423.85,0,1.59,1,42.72,0,111.35,10,547.82,0
17,C,1.4333054479,36.13,1.4792673887,28.87,4.8656017695,2.0159614365,375,328.67,6.67,67.24,38,9.58,0.2750645383,253.24,19.66,52.44,1476.81,31.136032948,99.83,1,,1,1.57,0,28.87,1,4.22,1,2.26,0,375,0,67.24,0,38,1,,1,,0,99.83,10,253.24,0
19,D,6.04,41.65,11.97,38.25,17.77,12.56,462.14,367.13,47.99,138.28,157.62,45.47,14.85,1412.35,16.67,114.01,1717.19,31.136032948,115.95,0,6.04,0,11.97,0,38.25,0,17.77,0,12.56,0,462.14,0,138.28,0,157.62,0,14.85,1,,0,115.95,10,1412.35,0
26,D,1.4333054479,34.57,1.4792673887,3.031366776,4.8656017695,2.0159614365,289.48,78.54,3.51,7.1410713952,7.4988674271,3.34,0.2750645383,1205.1,5.41,42.87,429.91,31.136032948,14.620846939,1,0.53,1,1.14,1,2.56,1,3.44,1,2.26,0,289.48,1,,1,,1,0.13,1,,1,10.47,10,1205.1,0
24,D,2.73,47.43,1.4792673887,4.63,4.8656017695,2.0159614365,303.98,128.96,3.43,7.1410713952,7.4988674271,5.23,0.2750645383,1793.84,7.19,67.29,637.41,31.136032948,14.620846939,0,2.73,1,1.55,0,4.63,1,4.22,1,2.26,0,303.98,1,,1,3.35,1,,1,,1,15.34,10,1793.84,0
2,D,2.43,33.39,10.94,27.68,4.8656017695,5.84,442.57,113,55.24,121.98,97,18.04,0.2750645383,1794.45,13.4,155.88,1646,31.136032948,85.89,0,2.43,0,10.94,0,27.68,1,6.18,0,5.84,0,442.57,0,121.98,0,97,1,0.35,1,12.73,0,85.89,10,1794.45,0
27,D,3.18,39.04,10.77,39.75,11.21,4.37,33.771419926,120.23,52.23,108.39,71.95,21.66,2.37,,10.7,86.65,1732.97,31.136032948,41.59,0,3.18,0,10.77,0,39.75,0,11.21,0,4.37,1,26.9,0,108.39,0,71.95,0,2.37,1,,0,41.59,10,173.83,1
21,D,1.4333054479,53.28,1.4792673887,43.07,7.73,4.78,620.11,189.77,9.05,119.29,33.75,19.62,0.47,942.41,18.21,122.84,1876.02,31.136032948,27.36,1,1.5,1,0.43,0,43.07,0,7.73,0,4.78,0,620.11,0,119.29,0,33.75,0,0.47,1,,0,27.36,10,942.41,0
18,D,1.4333054479,41.53,1.4792673887,6.41,4.8656017695,3.32,33.771419926,144.93,5.17,7.1410713952,7.4988674271,6.01,2.37,686.49,7.03,140.91,697.71,31.136032948,14.620846939,1,,1,0.43,0,6.41,1,2.13,0,3.32,1,29.79,1,,1,8.61,0,2.37,1,,1,1.6,10,686.49,0
3,D,3.91,11.79,7.92,60.9,7.01,9.63,33.771419926,47.19,33.27,122.01,68.01,19.15,0.2750645383,410.73,6.97,31.09,2058.43,31.136032948,184.5,0,3.91,0,7.92,0,60.9,0,7.01,0,9.63,1,18.21,0,122.01,0,68.01,1,0.21,1,,0,184.5,10,410.73,0
4,C,7.58,13.47,16.45,69.73,17.76,20.91,70.31,41.07,47.32,220.43,115.36,21.03,4.98,1041.31,6.77,49.45,2436.06,31.136032948,110.2,0,7.58,0,16.45,0,69.73,0,17.76,0,20.91,0,70.31,0,220.43,0,115.36,0,4.98,1,,0,110.2,11,1041.31,0
22,C,1.4333054479,46.11,1.4792673887,20.86,4.8656017695,2.0159614365,363.68,78.61,5.17,28.26,7.4988674271,9.16,0.2750645383,400.74,13.73,80.54,1157.16,31.136032948,49.82,1,,1,,0,20.86,1,2.5,1,1.25,0,363.68,0,28.26,1,7.72,1,0.13,1,,0,49.82,11,400.74,0
5,C,1.4333054479,56.07,4.77,55.55,18.98,8.47,376.27,219.48,34.51,162.62,89.46,16.32,2.27,708.48,10.7,214.75,1650.97,31.136032948,95.21,1,1.65,0,4.77,0,55.55,0,18.98,0,8.47,0,376.27,0,162.62,0,89.46,0,2.27,1,18.84,0,95.21,11,708.48,0
14,C,32.72,19.35,5.82,122.94,37.99,84.35,327.37,37.55,46.76,560.51,254.78,36.64,0.2750645383,1387.6,12.22,100.34,3221.84,74.87,760.84,0,32.72,0,5.82,0,122.94,0,37.99,0,84.35,0,327.37,0,560.51,0,254.78,1,,0,74.87,0,760.84,11,1387.6,0
28,C,2.43,66.7,1.4792673887,22.91,4.8656017695,2.0159614365,91.49,223.66,6.67,33.89,7.4988674271,9.37,1.68,356.3,9.81,84.91,1313.01,31.136032948,14.620846939,0,2.43,1,0.72,0,22.91,1,1.81,1,1.59,0,91.49,0,33.89,1,9.47,0,1.68,1,,1,17.77,11,356.3,0
12,C,1.4333054479,48.94,1.4792673887,31.09,4.8656017695,4.78,471.47,153.55,9.95,50.62,17.45,7.4,5.21,762.73,15.58,59.24,1417.89,31.136032948,98.65,1,1.5,1,1,0,31.09,1,5.44,0,4.78,0,471.47,0,50.62,0,17.45,0,5.21,1,,0,98.65,11,762.73,0
15,C,2.73,31.81,6.18,21.85,4.8656017695,15.92,572.1,59.25,45.94,135.58,40.86,13.19,5.09,1318.05,11.81,57.68,1272.53,31.136032948,141.12,0,2.73,0,6.18,0,21.85,1,6.24,0,15.92,0,572.1,0,135.58,0,40.86,0,5.09,1,,0,141.12,11,1318.05,0
29,C,14.84,45.84,34.07,140.34,33.18,13.46,290.53,112.03,69.8,686.61,368.62,39.03,3.17,518.66,11.91,151.64,3003.99,172.49,388.32,0,14.84,0,34.07,0,140.34,0,33.18,0,13.46,0,290.53,0,686.61,0,368.62,0,3.17,0,172.49,0,388.32,11,518.66,0
25,C,1.4333054479,33.36,1.4792673887,4.36,4.8656017695,5.27,767.23,196.93,5.79,86.51,7.4988674271,15.52,0.2750645383,1076.91,13.58,143.01,782.95,31.136032948,14.620846939,1,,1,1,0,4.36,1,2.16,0,5.27,0,767.23,0,86.51,1,,1,,1,,1,1.6,11,1076.91,0
13,C,1.4333054479,27.07,1.4792673887,39.43,4.8656017695,10.64,129.37,52.3,19.49,56.19,31.96,7.97,0.2750645383,693.81,4.73,60.59,1589.65,31.136032948,208.34,1,0.19,1,1.55,0,39.43,1,5.46,0,10.64,0,129.37,0,56.19,0,31.96,1,,1,,0,208.34,11,693.81,0
9,C,1.4333054479,62,1.4792673887,16.58,4.8656017695,2.0159614365,33.771419926,65.73,6.91,16.88,7.4988674271,4.99,0.2750645383,730.21,3.49,86.14,1157.16,31.136032948,14.620846939,1,,1,,0,16.58,1,1.99,1,1.59,1,,0,16.88,1,,1,,1,,1,15.35,11,730.21,0
8,C,1.4333054479,38.16,5.28,22.24,29.46,10.64,416.17,143.31,7.86,47.85,105.96,15.61,4.42,,12.61,93.33,1219.46,31.136032948,148.03,1,,0,5.28,0,22.24,0,29.46,0,10.64,0,416.17,0,47.85,0,105.96,0,4.42,1,15.77,0,148.03,11,745.5,1
6,C,3.02,33.73,14.61,105.18,30.33,16.25,58.76,77.56,56.21,439.6,277.33,32.4,0.2750645383,59.34,12.14,98.48,2891.8,64.09,459.85,0,3.02,0,14.61,0,105.18,0,30.33,0,16.25,0,58.76,0,439.6,0,277.33,1,,0,64.09,0,459.85,11,59.34,0
11,C,7.26,14.7,10.94,45.43,11.55,25.11,613.6,28.2,38.35,161.05,77.89,15.79,1.94,745.5,7.1,41.71,1970.85,31.136032948,127.32,0,7.26,0,10.94,0,45.43,0,11.55,0,25.11,0,613.6,0,161.05,0,77.89,0,1.94,1,,0,127.32,11,745.5,0
1,C,1.4333054479,45.85,1.4792673887,15.86,4.8656017695,3.32,205.78,93.6,4.92,18.33,7.4988674271,4.75,0.2750645383,617.83,11.86,109.15,999.89,31.136032948,14.620846939,1,0.19,1,0.72,0,15.86,1,1.91,0,3.32,0,205.78,0,18.33,1,3.35,1,0.13,1,,1,5.53,11,617.83,0
10,C,1.4333054479,52.89,1.4792673887,23.6,4.8656017695,3.32,64.55,165.1,7.86,7.1410713952,24.29,8.3,0.2750645383,59.34,9.71,80.32,1372.32,31.136032948,125.13,1,0.85,1,1.29,0,23.6,1,2.5,0,3.32,0,64.55,1,8.26,0,24.29,1,0.06,1,,0,125.13,11,59.34,0
23,C,6.19,38.16,12.33,105.52,16.08,18.89,370.79,94.96,45.35,376.18,199.88,19.4,0.2750645383,452.94,9.9,75.73,2698.42,71.96,319.99,0,6.19,0,12.33,0,105.52,0,16.08,0,18.89,0,370.79,0,376.18,0,199.88,1,,0,71.96,0,319.99,11,452.94,0
16,C,1.4333054479,42.01,2.48,33.95,17.02,2.0159614365,33.771419926,248.47,26.57,1575.47,52.6,13.14,3.1,173.83,11.44,79.03,1676.01,31.136032948,40.4,1,,0,2.48,0,33.95,0,17.02,1,1.59,1,41.38,0,1575.47,0,52.6,0,3.1,1,,0,40.4,11,173.83,0
20,C,1.4333054479,30.05,1.4792673887,40.33,9.91,2.0159614365,466.07,229.37,8.69,115.21,188.67,17.45,0.2750645383,908.79,21.01,109.36,1779.37,31.136032948,14.620846939,1,1.51,1,1,0,40.33,0,9.91,1,,0,466.07,0,115.21,0,188.67,1,,1,6.07,1,15.34,11,908.79,0
7,C,7.02,36.37,8.7,103.16,23.91,9.63,2376.81,117.9,44.88,299.15,423.85,21.85,1.59,547.82,19.85,107.44,2365.78,31.136032948,111.35,0,7.02,0,8.7,0,103.16,0,23.91,0,9.63,0,2376.81,0,299.15,0,423.85,0,1.59,1,42.72,0,111.35,11,547.82,0
17,C,1.4333054479,36.13,1.4792673887,28.87,4.8656017695,2.0159614365,375,328.67,6.67,67.24,38,9.58,0.2750645383,253.24,19.66,52.44,1476.81,31.136032948,99.83,1,,1,1.57,0,28.87,1,4.22,1,2.26,0,375,0,67.24,0,38,1,,1,,0,99.83,11,253.24,0
19,D,6.04,41.65,11.97,38.25,17.77,12.56,462.14,367.13,47.99,138.28,157.62,45.47,14.85,1412.35,16.67,114.01,1717.19,31.136032948,115.95,0,6.04,0,11.97,0,38.25,0,17.77,0,12.56,0,462.14,0,138.28,0,157.62,0,14.85,1,,0,115.95,11,1412.35,0
26,D,1.4333054479,34.57,1.4792673887,3.031366776,4.8656017695,2.0159614365,289.48,78.54,3.51,7.1410713952,7.4988674271,3.34,0.2750645383,1205.1,5.41,42.87,429.91,31.136032948,14.620846939,1,0.53,1,1.14,1,2.56,1,3.44,1,2.26,0,289.48,1,,1,,1,0.13,1,,1,10.47,11,1205.1,0
24,D,2.73,47.43,1.4792673887,4.63,4.8656017695,2.0159614365,303.98,128.96,3.43,7.1410713952,7.4988674271,5.23,0.2750645383,1793.84,7.19,67.29,637.41,31.136032948,14.620846939,0,2.73,1,1.55,0,4.63,1,4.22,1,2.26,0,303.98,1,,1,3.35,1,,1,,1,15.34,11,1793.84,0
2,D,2.43,33.39,10.94,27.68,4.8656017695,5.84,442.57,113,55.24,121.98,97,18.04,0.2750645383,1794.45,13.4,155.88,1646,31.136032948,85.89,0,2.43,0,10.94,0,27.68,1,6.18,0,5.84,0,442.57,0,121.98,0,97,1,0.35,1,12.73,0,85.89,11,1794.45,0
27,D,3.18,39.04,10.77,39.75,11.21,4.37,33.771419926,120.23,52.23,108.39,71.95,21.66,2.37,,10.7,86.65,1732.97,31.136032948,41.59,0,3.18,0,10.77,0,39.75,0,11.21,0,4.37,1,26.9,0,108.39,0,71.95,0,2.37,1,,0,41.59,11,730.21,1
21,D,1.4333054479,53.28,1.4792673887,43.07,7.73,4.78,620.11,189.77,9.05,119.29,33.75,19.62,0.47,942.41,18.21,122.84,1876.02,31.136032948,27.36,1,1.5,1,0.43,0,43.07,0,7.73,0,4.78,0,620.11,0,119.29,0,33.75,0,0.47,1,,0,27.36,11,942.41,0
18,D,1.4333054479,41.53,1.4792673887,6.41,4.8656017695,3.32,33.771419926,144.93,5.17,7.1410713952,7.4988674271,6.01,2.37,686.49,7.03,140.91,697.71,31.136032948,14.620846939,1,,1,0.43,0,6.41,1,2.13,0,3.32,1,29.79,1,,1,8.61,0,2.37,1,,1,1.6,11,686.49,0
3,D,3.91,11.79,7.92,60.9,7.01,9.63,33.771419926,47.19,33.27,122.01,68.01,19.15,0.2750645383,410.73,6.97,31.09,2058.43,31.136032948,184.5,0,3.91,0,7.92,0,60.9,0,7.01,0,9.63,1,18.21,0,122.01,0,68.01,1,0.21,1,,0,184.5,11,410.73,0
4,C,7.58,13.47,16.45,69.73,17.76,20.91,70.31,41.07,47.32,220.43,115.36,21.03,4.98,1041.31,6.77,49.45,2436.06,31.136032948,110.2,0,7.58,0,16.45,0,69.73,0,17.76,0,20.91,0,70.31,0,220.43,0,115.36,0,4.98,1,,0,110.2,12,1041.31,0
22,C,1.4333054479,46.11,1.4792673887,20.86,4.8656017695,2.0159614365,363.68,78.61,5.17,28.26,7.4988674271,9.16,0.2750645383,400.74,13.73,80.54,1157.16,31.136032948,49.82,1,,1,,0,20.86,1,2.5,1,1.25,0,363.68,0,28.26,1,7.72,1,0.13,1,,0,49.82,12,400.74,0
5,C,1.4333054479,56.07,4.77,55.55,18.98,8.47,376.27,219.48,34.51,162.62,89.46,16.32,2.27,708.48,10.7,214.75,1650.97,31.136032948,95.21,1,1.65,0,4.77,0,55.55,0,18.98,0,8.47,0,376.27,0,162.62,0,89.46,0,2.27,1,18.84,0,95.21,12,708.48,0
14,C,32.72,19.35,5.82,122.94,37.99,84.35,327.37,37.55,46.76,560.51,254.78,36.64,0.2750645383,1387.6,12.22,100.34,3221.84,74.87,760.84,0,32.72,0,5.82,0,122.94,0,37.99,0,84.35,0,327.37,0,560.51,0,254.78,1,,0,74.87,0,760.84,12,1387.6,0
28,C,2.43,66.7,1.4792673887,22.91,4.8656017695,2.0159614365,91.49,223.66,6.67,33.89,7.4988674271,9.37,1.68,356.3,9.81,84.91,1313.01,31.136032948,14.620846939,0,2.43,1,0.72,0,22.91,1,1.81,1,1.59,0,91.49,0,33.89,1,9.47,0,1.68,1,,1,17.77,12,356.3,0
12,C,1.4333054479,48.94,1.4792673887,31.09,4.8656017695,4.78,471.47,153.55,9.95,50.62,17.45,7.4,5.21,762.73,15.58,59.24,1417.89,31.136032948,98.65,1,1.5,1,1,0,31.09,1,5.44,0,4.78,0,471.47,0,50.62,0,17.45,0,5.21,1,,0,98.65,12,762.73,0
15,C,2.73,31.81,6.18,21.85,4.8656017695,15.92,572.1,59.25,45.94,135.58,40.86,13.19,5.09,1318.05,11.81,57.68,1272.53,31.136032948,141.12,0,2.73,0,6.18,0,21.85,1,6.24,0,15.92,0,572.1,0,135.58,0,40.86,0,5.09,1,,0,141.12,12,1318.05,0
29,C,14.84,45.84,34.07,140.34,33.18,13.46,290.53,112.03,69.8,686.61,368.62,39.03,3.17,518.66,11.91,151.64,3003.99,172.49,388.32,0,14.84,0,34.07,0,140.34,0,33.18,0,13.46,0,290.53,0,686.61,0,368.62,0,3.17,0,172.49,0,388.32,12,518.66,0
25,C,1.4333054479,33.36,1.4792673887,4.36,4.8656017695,5.27,767.23,196.93,5.79,86.51,7.4988674271,15.52,0.2750645383,1076.91,13.58,143.01,782.95,31.136032948,14.620846939,1,,1,1,0,4.36,1,2.16,0,5.27,0,767.23,0,86.51,1,,1,,1,,1,1.6,12,1076.91,0
13,C,1.4333054479,27.07,1.4792673887,39.43,4.8656017695,10.64,129.37,52.3,19.49,56.19,31.96,7.97,0.2750645383,693.81,4.73,60.59,1589.65,31.136032948,208.34,1,0.19,1,1.55,0,39.43,1,5.46,0,10.64,0,129.37,0,56.19,0,31.96,1,,1,,0,208.34,12,693.81,0
9,C,1.4333054479,62,1.4792673887,16.58,4.8656017695,2.0159614365,33.771419926,65.73,6.91,16.88,7.4988674271,4.99,0.2750645383,730.21,3.49,86.14,1157.16,31.136032948,14.620846939,1,,1,,0,16.58,1,1.99,1,1.59,1,,0,16.88,1,,1,,1,,1,15.35,12,730.21,0
8,C,1.4333054479,38.16,5.28,22.24,29.46,10.64,416.17,143.31,7.86,47.85,105.96,15.61,4.42,,12.61,93.33,1219.46,31.136032948,148.03,1,,0,5.28,0,22.24,0,29.46,0,10.64,0,416.17,0,47.85,0,105.96,0,4.42,1,15.77,0,148.03,12,59.34,1
6,C,3.02,33.73,14.61,105.18,30.33,16.25,58.76,77.56,56.21,439.6,277.33,32.4,0.2750645383,59.34,12.14,98.48,2891.8,64.09,459.85,0,3.02,0,14.61,0,105.18,0,30.33,0,16.25,0,58.76,0,439.6,0,277.33,1,,0,64.09,0,459.85,12,59.34,0
11,C,7.26,14.7,10.94,45.43,11.55,25.11,613.6,28.2,38.35,161.05,77.89,15.79,1.94,745.5,7.1,41.71,1970.85,31.136032948,127.32,0,7.26,0,10.94,0,45.43,0,11.55,0,25.11,0,613.6,0,161.05,0,77.89,0,1.94,1,,0,127.32,12,745.5,0
1,C,1.4333054479,45.85,1.4792673887,15.86,4.8656017695,3.32,205.78,93.6,4.92,18.33,7.4988674271,4.75,0.2750645383,617.83,11.86,109.15,999.89,31.136032948,14.620846939,1,0.19,1,0.72,0,15.86,1,1.91,0,3.32,0,205.78,0,18.33,1,3.35,1,0.13,1,,1,5.53,12,617.83,0
10,C,1.4333054479,52.89,1.4792673887,23.6,4.8656017695,3.32,64.55,165.1,7.86,7.1410713952,24.29,8.3,0.2750645383,59.34,9.71,80.32,1372.32,31.136032948,125.13,1,0.85,1,1.29,0,23.6,1,2.5,0,3.32,0,64.55,1,8.26,0,24.29,1,0.06,1,,0,125.13,12,59.34,0
23,C,6.19,38.16,12.33,105.52,16.08,18.89,370.79,94.96,45.35,376.18,199.88,19.4,0.2750645383,452.94,9.9,75.73,2698.42,71.96,319.99,0,6.19,0,12.33,0,105.52,0,16.08,0,18.89,0,370.79,0,376.18,0,199.88,1,,0,71.96,0,319.99,12,452.94,0
16,C,1.4333054479,42.01,2.48,33.95,17.02,2.0159614365,33.771419926,248.47,26.57,1575.47,52.6,13.14,3.1,173.83,11.44,79.03,1676.01,31.136032948,40.4,1,,0,2.48,0,33.95,0,17.02,1,1.59,1,41.38,0,1575.47,0,52.6,0,3.1,1,,0,40.4,12,173.83,0
20,C,1.4333054479,30.05,1.4792673887,40.33,9.91,2.0159614365,466.07,229.37,8.69,115.21,188.67,17.45,0.2750645383,908.79,21.01,109.36,1779.37,31.136032948,14.620846939,1,1.51,1,1,0,40.33,0,9.91,1,,0,466.07,0,115.21,0,188.67,1,,1,6.07,1,15.34,12,908.79,0
7,C,7.02,36.37,8.7,103.16,23.91,9.63,2376.81,117.9,44.88,299.15,423.85,21.85,1.59,547.82,19.85,107.44,2365.78,31.136032948,111.35,0,7.02,0,8.7,0,103.16,0,23.91,0,9.63,0,2376.81,0,299.15,0,423.85,0,1.59,1,42.72,0,111.35,12,547.82,0
17,C,1.4333054479,36.13,1.4792673887,28.87,4.8656017695,2.0159614365,375,328.67,6.67,67.24,38,9.58,0.2750645383,253.24,19.66,52.44,1476.81,31.136032948,99.83,1,,1,1.57,0,28.87,1,4.22,1,2.26,0,375,0,67.24,0,38,1,,1,,0,99.83,12,253.24,0
19,D,6.04,41.65,11.97,38.25,17.77,12.56,462.14,367.13,47.99,138.28,157.62,45.47,14.85,1412.35,16.67,114.01,1717.19,31.136032948,115.95,0,6.04,0,11.97,0,38.25,0,17.77,0,12.56,0,462.14,0,138.28,0,157.62,0,14.85,1,,0,115.95,12,1412.35,0
26,D,1.4333054479,34.57,1.4792673887,3.031366776,4.8656017695,2.0159614365,289.48,78.54,3.51,7.1410713952,7.4988674271,3.34,0.2750645383,1205.1,5.41,42.87,429.91,31.136032948,14.620846939,1,0.53,1,1.14,1,2.56,1,3.44,1,2.26,0,289.48,1,,1,,1,0.13,1,,1,10.47,12,1205.1,0
24,D,2.73,47.43,1.4792673887,4.63,4.8656017695,2.0159614365,303.98,128.96,3.43,7.1410713952,7.4988674271,5.23,0.2750645383,1793.84,7.19,67.29,637.41,31.136032948,14.620846939,0,2.73,1,1.55,0,4.63,1,4.22,1,2.26,0,303.98,1,,1,3.35,1,,1,,1,15.34,12,1793.84,0
2,D,2.43,33.39,10.94,27.68,4.8656017695,5.84,442.57,113,55.24,121.98,97,18.04,0.2750645383,1794.45,13.4,155.88,1646,31.136032948,85.89,0,2.43,0,10.94,0,27.68,1,6.18,0,5.84,0,442.57,0,121.98,0,97,1,0.35,1,12.73,0,85.89,12,1794.45,0
27,D,3.18,39.04,10.77,39.75,11.21,4.37,33.771419926,120.23,52.23,108.39,71.95,21.66,2.37,,10.7,86.65,1732.97,31.136032948,41.59,0,3.18,0,10.77,0,39.75,0,11.21,0,4.37,1,26.9,0,108.39,0,71.95,0,2.37,1,,0,41.59,12,762.73,1
21,D,1.4333054479,53.28,1.4792673887,43.07,7.73,4.78,620.11,189.77,9.05,119.29,33.75,19.62,0.47,942.41,18.21,122.84,1876.02,31.136032948,27.36,1,1.5,1,0.43,0,43.07,0,7.73,0,4.78,0,620.11,0,119.29,0,33.75,0,0.47,1,,0,27.36,12,942.41,0
18,D,1.4333054479,41.53,1.4792673887,6.41,4.8656017695,3.32,33.771419926,144.93,5.17,7.1410713952,7.4988674271,6.01,2.37,686.49,7.03,140.91,697.71,31.136032948,14.620846939,1,,1,0.43,0,6.41,1,2.13,0,3.32,1,29.79,1,,1,8.61,0,2.37,1,,1,1.6,12,686.49,0
3,D,3.91,11.79,7.92,60.9,7.01,9.63,33.771419926,47.19,33.27,122.01,68.01,19.15,0.2750645383,410.73,6.97,31.09,2058.43,31.136032948,184.5,0,3.91,0,7.92,0,60.9,0,7.01,0,9.63,1,18.21,0,122.01,0,68.01,1,0.21,1,,0,184.5,12,410.73,0
4,C,7.58,13.47,16.45,69.73,17.76,20.91,70.31,41.07,47.32,220.43,115.36,21.03,4.98,1041.31,6.77,49.45,2436.06,31.136032948,110.2,0,7.58,0,16.45,0,69.73,0,17.76,0,20.91,0,70.31,0,220.43,0,115.36,0,4.98,1,,0,110.2,13,1041.31,0
22,C,1.4333054479,46.11,1.4792673887,20.86,4.8656017695,2.0159614365,363.68,78.61,5.17,28.26,7.4988674271,9.16,0.2750645383,400.74,13.73,80.54,1157.16,31.136032948,49.82,1,,1,,0,20.86,1,2.5,1,1.25,0,363.68,0,28.26,1,7.72,1,0.13,1,,0,49.82,13,400.74,0
5,C,1.4333054479,56.07,4.77,55.55,18.98,8.47,376.27,219.48,34.51,162.62,89.46,16.32,2.27,708.48,10.7,214.75,1650.97,31.136032948,95.21,1,1.65,0,4.77,0,55.55,0,18.98,0,8.47,0,376.27,0,162.62,0,89.46,0,2.27,1,18.84,0,95.21,13,708.48,0
14,C,32.72,19.35,5.82,122.94,37.99,84.35,327.37,37.55,46.76,560.51,254.78,36.64,0.2750645383,1387.6,12.22,100.34,3221.84,74.87,760.84,0,32.72,0,5.82,0,122.94,0,37.99,0,84.35,0,327.37,0,560.51,0,254.78,1,,0,74.87,0,760.84,13,1387.6,0
28,C,2.43,66.7,1.4792673887,22.91,4.8656017695,2.0159614365,91.49,223.66,6.67,33.89,7.4988674271,9.37,1.68,356.3,9.81,84.91,1313.01,31.136032948,14.620846939,0,2.43,1,0.72,0,22.91,1,1.81,1,1.59,0,91.49,0,33.89,1,9.47,0,1.68,1,,1,17.77,13,356.3,0
12,C,1.4333054479,48.94,1.4792673887,31.09,4.8656017695,4.78,471.47,153.55,9.95,50.62,17.45,7.4,5.21,762.73,15.58,59.24,1417.89,31.136032948,98.65,1,1.5,1,1,0,31.09,1,5.44,0,4.78,0,471.47,0,50.62,0,17.45,0,5.21,1,,0,98.65,13,762.73,0
15,C,2.73,31.81,6.18,21.85,4.8656017695,15.92,572.1,59.25,45.94,135.58,40.86,13.19,5.09,1318.05,11.81,57.68,1272.53,31.136032948,141.12,0,2.73,0,6.18,0,21.85,1,6.24,0,15.92,0,572.1,0,135.58,0,40.86,0,5.09,1,,0,141.12,13,1318.05,0
29,C,14.84,45.84,34.07,140.34,33.18,13.46,290.53,112.03,69.8,686.61,368.62,39.03,3.17,518.66,11.91,151.64,3003.99,172.49,388.32,0,14.84,0,34.07,0,140.34,0,33.18,0,13.46,0,290.53,0,686.61,0,368.62,0,3.17,0,172.49,0,388.32,13,518.66,0
25,C,1.4333054479,33.36,1.4792673887,4.36,4.8656017695,5.27,767.23,196.93,5.79,86.51,7.4988674271,15.52,0.2750645383,1076.91,13.58,143.01,782.95,31.136032948,14.620846939,1,,1,1,0,4.36,1,2.16,0,5.27,0,767.23,0,86.51,1,,1,,1,,1,1.6,13,1076.91,0
13,C,1.4333054479,27.07,1.4792673887,39.43,4.8656017695,10.64,129.37,52.3,19.49,56.19,31.96,7.97,0.2750645383,693.81,4.73,60.59,1589.65,31.136032948,208.34,1,0.19,1,1.55,0,39.43,1,5.46,0,10.64,0,129.37,0,56.19,0,31.96,1,,1,,0,208.34,13,693.81,0
9,C,1.4333054479,62,1.4792673887,16.58,4.8656017695,2.0159614365,33.771419926,65.73,6.91,16.88,7.4988674271,4.99,0.2750645383,730.21,3.49,86.14,1157.16,31.136032948,14.620846939,1,,1,,0,16.58,1,1.99,1,1.59,1,,0,16.88,1,,1,,1,,1,15.35,13,730.21,0
8,C,1.4333054479,38.16,5.28,22.24,29.46,10.64,416.17,143.31,7.86,47.85,105.96,15.61,4.42,,12.61,93.33,1219.46,31.136032948,148.03,1,,0,5.28,0,22.24,0,29.46,0,10.64,0,416.17,0,47.85,0,105.96,0,4.42,1,15.77,0,148.03,13,410.73,1
6,C,3.02,33.73,14.61,105.18,30.33,16.25,58.76,77.56,56.21,439.6,277.33,32.4,0.2750645383,59.34,12.14,98.48,2891.8,64.09,459.85,0,3.02,0,14.61,0,105.18,0,30.33,0,16.25,0,58.76,0,439.6,0,277.33,1,,0,64.09,0,459.85,13,59.34,0
11,C,7.26,14.7,10.94,45.43,11.55,25.11,613.6,28.2,38.35,161.05,77.89,15.79,1.94,745.5,7.1,41.71,1970.85,31.136032948,127.32,0,7.26,0,10.94,0,45.43,0,11.55,0,25.11,0,613.6,0,161.05,0,77.89,0,1.94,1,,0,127.32,13,745.5,0
1,C,1.4333054479,45.85,1.4792673887,15.86,4.8656017695,3.32,205.78,93.6,4.92,18.33,7.4988674271,4.75,0.2750645383,617.83,11.86,109.15,999.89,31.136032948,14.620846939,1,0.19,1,0.72,0,15.86,1,1.91,0,3.32,0,205.78,0,18.33,1,3.35,1,0.13,1,,1,5.53,13,617.83,0
10,C,1.4333054479,52.89,1.4792673887,23.6,4.8656017695,3.32,64.55,165.1,7.86,7.1410713952,24.29,8.3,0.2750645383,59.34,9.71,80.32,1372.32,31.136032948,125.13,1,0.85,1,1.29,0,23.6,1,2.5,0,3.32,0,64.55,1,8.26,0,24.29,1,0.06,1,,0,125.13,13,59.34,0
23,C,6.19,38.16,12.33,105.52,16.08,18.89,370.79,94.96,45.35,376.18,199.88,19.4,0.2750645383,452.94,9.9,75.73,2698.42,71.96,319.99,0,6.19,0,12.33,0,105.52,0,16.08,0,18.89,0,370.79,0,376.18,0,199.88,1,,0,71.96,0,319.99,13,452.94,0
16,C,1.4333054479,42.01,2.48,33.95,17.02,2.0159614365,33.771419926,248.47,26.57,1575.47,52.6,13.14,3.1,173.83,11.44,79.03,1676.01,31.136032948,40.4,1,,0,2.48,0,33.95,0,17.02,1,1.59,1,41.38,0,1575.47,0,52.6,0,3.1,1,,0,40.4,13,173.83,0
20,C,1.4333054479,30.05,1.4792673887,40.33,9.91,2.0159614365,466.07,229.37,8.69,115.21,188.67,17.45,0.2750645383,908.79,21.01,109.36,1779.37,31.136032948,14.620846939,1,1.51,1,1,0,40.33,0,9.91,1,,0,466.07,0,115.21,0,188.67,1,,1,6.07,1,15.34,13,908.79,0
7,C,7.02,36.37,8.7,103.16,23.91,9.63,2376.81,117.9,44.88,299.15,423.85,21.85,1.59,547.82,19.85,107.44,2365.78,31.136032948,111.35,0,7.02,0,8.7,0,103.16,0,23.91,0,9.63,0,2376.81,0,299.15,0,423.85,0,1.59,1,42.72,0,111.35,13,547.82,0
17,C,1.4333054479,36.13,1.4792673887,28.87,4.8656017695,2.0159614365,375,328.67,6.67,67.24,38,9.58,0.2750645383,253.24,19.66,52.44,1476.81,31.136032948,99.83,1,,1,1.57,0,28.87,1,4.22,1,2.26,0,375,0,67.24,0,38,1,,1,,0,99.83,13,253.24,0
19,D,6.04,41.65,11.97,38.25,17.77,12.56,462.14,367.13,47.99,138.28,157.62,45.47,14.85,1412.35,16.67,114.01,1717.19,31.136032948,115.95,0,6.04,0,11.97,0,38.25,0,17.77,0,12.56,0,462.14,0,138.28,0,157.62,0,14.85,1,,0,115.95,13,1412.35,0
26,D,1.4333054479,34.57,1.4792673887,3.031366776,4.8656017695,2.0159614365,289.48,78.54,3.51,7.1410713952,7.4988674271,3.34,0.2750645383,1205.1,5.41,42.87,429.91,31.136032948,14.620846939,1,0.53,1,1.14,1,2.56,1,3.44,1,2.26,0,289.48,1,,1,,1,0.13,1,,1,10.47,13,1205.1,0
24,D,2.73,47.43,1.4792673887,4.63,4.8656017695,2.0159614365,303.98,128.96,3.43,7.1410713952,7.4988674271,5.23,0.2750645383,1793.84,7.19,67.29,637.41,31.136032948,14.620846939,0,2.73,1,1.55,0,4.63,1,4.22,1,2.26,0,303.98,1,,1,3.35,1,,1,,1,15.34,13,1793.84,0
2,D,2.43,33.39,10.94,27.68,4.8656017695,5.84,442.57,113,55.24,121.98,97,18.04,0.2750645383,1794.45,13.4,155.88,1646,31.136032948,85.89,0,2.43,0,10.94,0,27.68,1,6.18,0,5.84,0,442.57,0,121.98,0,97,1,0.35,1,12.73,0,85.89,13,1794.45,0
27,D,3.18,39.04,10.77,39.75,11.21,4.37,33.771419926,120.23,52.23,108.39,71.95,21.66,2.37,,10.7,86.65,1732.97,31.136032948,41.59,0,3.18,0,10.77,0,39.75,0,11.21,0,4.37,1,26.9,0,108.39,0,71.95,0,2.37,1,,0,41.59,13,908.79,1
21,D,1.4333054479,53.28,1.4792673887,43.07,7.73,4.78,620.11,189.77,9.05,119.29,33.75,19.62,0.47,942.41,18.21,122.84,1876.02,31.136032948,27.36,1,1.5,1,0.43,0,43.07,0,7.73,0,4.78,0,620.11,0,119.29,0,33.75,0,0.47,1,,0,27.36,13,942.41,0
18,D,1.4333054479,41.53,1.4792673887,6.41,4.8656017695,3.32,33.771419926,144.93,5.17,7.1410713952,7.4988674271,6.01,2.37,686.49,7.03,140.91,697.71,31.136032948,14.620846939,1,,1,0.43,0,6.41,1,2.13,0,3.32,1,29.79,1,,1,8.61,0,2.37,1,,1,1.6,13,686.49,0
3,D,3.91,11.79,7.92,60.9,7.01,9.63,33.771419926,47.19,33.27,122.01,68.01,19.15,0.2750645383,410.73,6.97,31.09,2058.43,31.136032948,184.5,0,3.91,0,7.92,0,60.9,0,7.01,0,9.63,1,18.21,0,122.01,0,68.01,1,0.21,1,,0,184.5,13,410.73,0
4,C,7.58,13.47,16.45,69.73,17.76,20.91,70.31,41.07,47.32,220.43,115.36,21.03,4.98,1041.31,6.77,49.45,2436.06,31.136032948,110.2,0,7.58,0,16.45,0,69.73,0,17.76,0,20.91,0,70.31,0,220.43,0,115.36,0,4.98,1,,0,110.2,14,1041.31,0
22,C,1.4333054479,46.11,1.4792673887,20.86,4.8656017695,2.0159614365,363.68,78.61,5.17,28.26,7.4988674271,9.16,0.2750645383,400.74,13.73,80.54,1157.16,31.136032948,49.82,1,,1,,0,20.86,1,2.5,1,1.25,0,363.68,0,28.26,1,7.72,1,0.13,1,,0,49.82,14,400.74,0
5,C,1.4333054479,56.07,4.77,55.55,18.98,8.47,376.27,219.48,34.51,162.62,89.46,16.32,2.27,708.48,10.7,214.75,1650.97,31.136032948,95.21,1,1.65,0,4.77,0,55.55,0,18.98,0,8.47,0,376.27,0,162.62,0,89.46,0,2.27,1,18.84,0,95.21,14,708.48,0
14,C,32.72,19.35,5.82,122.94,37.99,84.35,327.37,37.55,46.76,560.51,254.78,36.64,0.2750645383,1387.6,12.22,100.34,3221.84,74.87,760.84,0,32.72,0,5.82,0,122.94,0,37.99,0,84.35,0,327.37,0,560.51,0,254.78,1,,0,74.87,0,760.84,14,1387.6,0
28,C,2.43,66.7,1.4792673887,22.91,4.8656017695,2.0159614365,91.49,223.66,6.67,33.89,7.4988674271,9.37,1.68,356.3,9.81,84.91,1313.01,31.136032948,14.620846939,0,2.43,1,0.72,0,22.91,1,1.81,1,1.59,0,91.49,0,33.89,1,9.47,0,1.68,1,,1,17.77,14,356.3,0
12,C,1.4333054479,48.94,1.4792673887,31.09,4.8656017695,4.78,471.47,153.55,9.95,50.62,17.45,7.4,5.21,762.73,15.58,59.24,1417.89,31.136032948,98.65,1,1.5,1,1,0,31.09,1,5.44,0,4.78,0,471.47,0,50.62,0,17.45,0,5.21,1,,0,98.65,14,762.73,0
15,C,2.73,31.81,6.18,21.85,4.8656017695,15.92,572.1,59.25,45.94,135.58,40.86,13.19,5.09,1318.05,11.81,57.68,1272.53,31.136032948,141.12,0,2.73,0,6.18,0,21.85,1,6.24,0,15.92,0,572.1,0,135.58,0,40.86,0,5.09,1,,0,141.12,14,1318.05,0
29,C,14.84,45.84,34.07,140.34,33.18,13.46,290.53,112.03,69.8,686.61,368.62,39.03,3.17,518.66,11.91,151.64,3003.99,172.49,388.32,0,14.84,0,34.07,0,140.34,0,33.18,0,13.46,0,290.53,0,686.61,0,368.62,0,3.17,0,172.49,0,388.32,14,518.66,0
25,C,1.4333054479,33.36,1.4792673887,4.36,4.8656017695,5.27,767.23,196.93,5.79,86.51,7.4988674271,15.52,0.2750645383,1076.91,13.58,143.01,782.95,31.136032948,14.620846939,1,,1,1,0,4.36,1,2.16,0,5.27,0,767.23,0,86.51,1,,1,,1,,1,1.6,14,1076.91,0
13,C,1.4333054479,27.07,1.4792673887,39.43,4.8656017695,10.64,129.37,52.3,19.49,56.19,31.96,7.97,0.2750645383,693.81,4.73,60.59,1589.65,31.136032948,208.34,1,0.19,1,1.55,0,39.43,1,5.46,0,10.64,0,129.37,0,56.19,0,31.96,1,,1,,0,208.34,14,693.81,0
9,C,1.4333054479,62,1.4792673887,16.58,4.8656017695,2.0159614365,33.771419926,65.73,6.91,16.88,7.4988674271,4.99,0.2750645383,730.21,3.49,86.14,1157.16,31.136032948,14.620846939,1,,1,,0,16.58,1,1.99,1,1.59,1,,0,16.88,1,,1,,1,,1,15.35,14,730.21,0
8,C,1.4333054479,38.16,5.28,22.24,29.46,10.64,416.17,143.31,7.86,47.85,105.96,15.61,4.42,,12.61,93.33,1219.46,31.136032948,148.03,1,,0,5.28,0,22.24,0,29.46,0,10.64,0,416.17,0,47.85,0,105.96,0,4.42,1,15.77,0,148.03,14,410.73,1
6,C,3.02,33.73,14.61,105.18,30.33,16.25,58.76,77.56,56.21,439.6,277.33,32.4,0.2750645383,59.34,12.14,98.48,2891.8,64.09,459.85,0,3.02,0,14.61,0,105.18,0,30.33,0,16.25,0,58.76,0,439.6,0,277.33,1,,0,64.09,0,459.85,14,59.34,0
11,C,7.26,14.7,10.94,45.43,11.55,25.11,613.6,28.2,38.35,161.05,77.89,15.79,1.94,745.5,7.1,41.71,1970.85,31.136032948,127.32,0,7.26,0,10.94,0,45.43,0,11.55,0,25.11,0,613.6,0,161.05,0,77.89,0,1.94,1,,0,127.32,14,745.5,0
1,C,1.4333054479,45.85,1.4792673887,15.86,4.8656017695,3.32,205.78,93.6,4.92,18.33,7.4988674271,4.75,0.2750645383,617.83,11.86,109.15,999.89,31.136032948,14.620846939,1,0.19,1,0.72,0,15.86,1,1.91,0,3.32,0,205.78,0,18.33,1,3.35,1,0.13,1,,1,5.53,14,617.83,0
10,C,1.4333054479,52.89,1.4792673887,23.6,4.8656017695,3.32,64.55,165.1,7.86,7.1410713952,24.29,8.3,0.2750645383,59.34,9.71,80.32,1372.32,31.136032948,125.13,1,0.85,1,1.29,0,23.6,1,2.5,0,3.32,0,64.55,1,8.26,0,24.29,1,0.06,1,,0,125.13,14,59.34,0
23,C,6.19,38.16,12.33,105.52,16.08,18.89,370.79,94.96,45.35,376.18,199.88,19.4,0.2750645383,452.94,9.9,75.73,2698.42,71.96,319.99,0,6.19,0,12.33,0,105.52,0,16.08,0,18.89,0,370.79,0,376.18,0,199.88,1,,0,71.96,0,319.99,14,452.94,0
16,C,1.4333054479,42.01,2.48,33.95,17.02,2.0159614365,33.771419926,248.47,26.57,1575.47,52.6,13.14,3.1,173.83,11.44,79.03,1676.01,31.136032948,40.4,1,,0,2.48,0,33.95,0,17.02,1,1.59,1,41.38,0,1575.47,0,52.6,0,3.1,1,,0,40.4,14,173.83,0
20,C,1.4333054479,30.05,1.4792673887,40.33,9.91,2.0159614365,466.07,229.37,8.69,115.21,188.67,17.45,0.2750645383,908.79,21.01,109.36,1779.37,31.136032948,14.620846939,1,1.51,1,1,0,40.33,0,9.91,1,,0,466.07,0,115.21,0,188.67,1,,1,6.07,1,15.34,14,908.79,0
7,C,7.02,36.37,8.7,103.16,23.91,9.63,2376.81,117.9,44.88,299.15,423.85,21.85,1.59,547.82,19.85,107.44,2365.78,31.136032948,111.35,0,7.02,0,8.7,0,103.16,0,23.91,0,9.63,0,2376.81,0,299.15,0,423.85,0,1.59,1,42.72,0,111.35,14,547.82,0
17,C,1.4333054479,36.13,1.4792673887,28.87,4.8656017695,2.0159614365,375,328.67,6.67,67.24,38,9.58,0.2750645383,253.24,19.66,52.44,1476.81,31.136032948,99.83,1,,1,1.57,0,28.87,1,4.22,1,2.26,0,375,0,67.24,0,38,1,,1,,0,99.83,14,253.24,0
19,D,6.04,41.65,11.97,38.25,17.77,12.56,462.14,367.13,47.99,138.28,157.62,45.47,14.85,1412.35,16.67,114.01,1717.19,31.136032948,115.95,0,6.04,0,11.97,0,38.25,0,17.77,0,12.56,0,462.14,0,138.28,0,157.62,0,14.85,1,,0,115.95,14,1412.35,0
26,D,1.4333054479,34.57,1.4792673887,3.031366776,4.8656017695,2.0159614365,289.48,78.54,3.51,7.1410713952,7.4988674271,3.34,0.2750645383,1205.1,5.41,42.87,429.91,31.136032948,14.620846939,1,0.53,1,1.14,1,2.56,1,3.44,1,2.26,0,289.48,1,,1,,1,0.13,1,,1,10.47,14,1205.1,0
24,D,2.73,47.43,1.4792673887,4.63,4.8656017695,2.0159614365,303.98,128.96,3.43,7.1410713952,7.4988674271,5.23,0.2750645383,1793.84,7.19,67.29,637.41,31.136032948,14.620846939,0,2.73,1,1.55,0,4.63,1,4.22,1,2.26,0,303.98,1,,1,3.35,1,,1,,1,15.34,14,1793.84,0
2,D,2.43,33.39,10.94,27.68,4.8656017695,5.84,442.57,113,55.24,121.98,97,18.04,0.2750645383,1794.45,13.4,155.88,1646,31.136032948,85.89,0,2.43,0,10.94,0,27.68,1,6.18,0,5.84,0,442.57,0,121.98,0,97,1,0.35,1,12.73,0,85.89,14,1794.45,0
27,D,3.18,39.04,10.77,39.75,11.21,4.37,33.771419926,120.23,52.23,108.39,71.95,21.66,2.37,,10.7,86.65,1732.97,31.136032948,41.59,0,3.18,0,10.77,0,39.75,0,11.21,0,4.37,1,26.9,0,108.39,0,71.95,0,2.37,1,,0,41.59,14,410.73,1
21,D,1.4333054479,53.28,1.4792673887,43.07,7.73,4.78,620.11,189.77,9.05,119.29,33.75,19.62,0.47,942.41,18.21,122.84,1876.02,31.136032948,27.36,1,1.5,1,0.43,0,43.07,0,7.73,0,4.78,0,620.11,0,119.29,0,33.75,0,0.47,1,,0,27.36,14,942.41,0
18,D,1.4333054479,41.53,1.4792673887,6.41,4.8656017695,3.32,33.771419926,144.93,5.17,7.1410713952,7.4988674271,6.01,2.37,686.49,7.03,140.91,697.71,31.136032948,14.620846939,1,,1,0.43,0,6.41,1,2.13,0,3.32,1,29.79,1,,1,8.61,0,2.37,1,,1,1.6,14,686.49,0
3,D,3.91,11.79,7.92,60.9,7.01,9.63,33.771419926,47.19,33.27,122.01,68.01,19.15,0.2750645383,410.73,6.97,31.09,2058.43,31.136032948,184.5,0,3.91,0,7.92,0,60.9,0,7.01,0,9.63,1,18.21,0,122.01,0,68.01,1,0.21,1,,0,184.5,14,410.73,0
4,C,7.58,13.47,16.45,69.73,17.76,20.91,70.31,41.07,47.32,220.43,115.36,21.03,4.98,1041.31,6.77,49.45,2436.06,31.136032948,110.2,0,7.58,0,16.45,0,69.73,0,17.76,0,20.91,0,70.31,0,220.43,0,115.36,0,4.98,1,,0,110.2,15,1041.31,0
22,C,1.4333054479,46.11,1.4792673887,20.86,4.8656017695,2.0159614365,363.68,78.61,5.17,28.26,7.4988674271,9.16,0.2750645383,400.74,13.73,80.54,1157.16,31.136032948,49.82,1,,1,,0,20.86,1,2.5,1,1.25,0,363.68,0,28.26,1,7.72,1,0.13,1,,0,49.82,15,400.74,0
5,C,1.4333054479,56.07,4.77,55.55,18.98,8.47,376.27,219.48,34.51,162.62,89.46,16.32,2.27,708.48,10.7,214.75,1650.97,31.136032948,95.21,1,1.65,0,4.77,0,55.55,0,18.98,0,8.47,0,376.27,0,162.62,0,89.46,0,2.27,1,18.84,0,95.21,15,708.48,0
14,C,32.72,19.35,5.82,122.94,37.99,84.35,327.37,37.55,46.76,560.51,254.78,36.64,0.2750645383,1387.6,12.22,100.34,3221.84,74.87,760.84,0,32.72,0,5.82,0,122.94,0,37.99,0,84.35,0,327.37,0,560.51,0,254.78,1,,0,74.87,0,760.84,15,1387.6,0
28,C,2.43,66.7,1.4792673887,22.91,4.8656017695,2.0159614365,91.49,223.66,6.67,33.89,7.4988674271,9.37,1.68,356.3,9.81,84.91,1313.01,31.136032948,14.620846939,0,2.43,1,0.72,0,22.91,1,1.81,1,1.59,0,91.49,0,33.89,1,9.47,0,1.68,1,,1,17.77,15,356.3,0
12,C,1.4333054479,48.94,1.4792673887,31.09,4.8656017695,4.78,471.47,153.55,9.95,50.62,17.45,7.4,5.21,762.73,15.58,59.24,1417.89,31.136032948,98.65,1,1.5,1,1,0,31.09,1,5.44,0,4.78,0,471.47,0,50.62,0,17.45,0,5.21,1,,0,98.65,15,762.73,0
15,C,2.73,31.81,6.18,21.85,4.8656017695,15.92,572.1,59.25,45.94,135.58,40.86,13.19,5.09,1318.05,11.81,57.68,1272.53,31.136032948,141.12,0,2.73,0,6.18,0,21.85,1,6.24,0,15.92,0,572.1,0,135.58,0,40.86,0,5.09,1,,0,141.12,15,1318.05,0
29,C,14.84,45.84,34.07,140.34,33.18,13.46,290.53,112.03,69.8,686.61,368.62,39.03,3.17,518.66,11.91,151.64,3003.99,172.49,388.32,0,14.84,0,34.07,0,140.34,0,33.18,0,13.46,0,290.53,0,686.61,0,368.62,0,3.17,0,172.49,0,388.32,15,518.66,0
25,C,1.4333054479,33.36,1.4792673887,4.36,4.8656017695,5.27,767.23,196.93,5.79,86.51,7.4988674271,15.52,0.2750645383,1076.91,13.58,143.01,782.95,31.136032948,14.620846939,1,,1,1,0,4.36,1,2.16,0,5.27,0,767.23,0,86.51,1,,1,,1,,1,1.6,15,1076.91,0
13,C,1.4333054479,27.07,1.4792673887,39.43,4.8656017695,10.64,129.37,52.3,19.49,56.19,31.96,7.97,0.2750645383,693.81,4.73,60.59,1589.65,31.136032948,208.34,1,0.19,1,1.55,0,39.43,1,5.46,0,10.64,0,129.37,0,56.19,0,31.96,1,,1,,0,208.34,15,693.81,0
9,C,1.4333054479,62,1.4792673887,16.58,4.8656017695,2.0159614365,33.771419926,65.73,6.91,16.88,7.4988674271,4.99,0.2750645383,730.21,3.49,86.14,1157.16,31.136032948,14.620846939,1,,1,,0,16.58,1,1.99,1,1.59,1,,0,16.88,1,,1,,1,,1,15.35,15,730.21,0
8,C,1.4333054479,38.16,5.28,22.24,29.46,10.64,416.17,143.31,7.86,47.85,105.96,15.61,4.42,,12.61,93.33,1219.46,31.136032948,148.03,1,,0,5.28,0,22.24,0,29.46,0,10.64,0,416.17,0,47.85,0,105.96,0,4.42,1,15.77,0,148.03,15,59.34,1
6,C,3.02,33.73,14.61,105.18,30.33,16.25,58.76,77.56,56.21,439.6,277.33,32.4,0.2750645383,59.34,12.14,98.48,2891.8,64.09,459.85,0,3.02,0,14.61,0,105.18,0,30.33,0,16.25,0,58.76,0,439.6,0,277.33,1,,0,64.09,0,459.85,15,59.34,0
11,C,7.26,14.7,10.94,45.43,11.55,25.11,613.6,28.2,38.35,161.05,77.89,15.79,1.94,745.5,7.1,41.71,1970.85,31.136032948,127.32,0,7.26,0,10.94,0,45.43,0,11.55,0,25.11,0,613.6,0,161.05,0,77.89,0,1.94,1,,0,127.32,15,745.5,0
1,C,1.4333054479,45.85,1.4792673887,15.86,4.8656017695,3.32,205.78,93.6,4.92,18.33,7.4988674271,4.75,0.2750645383,617.83,11.86,109.15,999.89,31.136032948,14.620846939,1,0.19,1,0.72,0,15.86,1,1.91,0,3.32,0,205.78,0,18.33,1,3.35,1,0.13,1,,1,5.53,15,617.83,0
10,C,1.4333054479,52.89,1.4792673887,23.6,4.8656017695,3.32,64.55,165.1,7.86,7.1410713952,24.29,8.3,0.2750645383,59.34,9.71,80.32,1372.32,31.136032948,125.13,1,0.85,1,1.29,0,23.6,1,2.5,0,3.32,0,64.55,1,8.26,0,24.29,1,0.06,1,,0,125.13,15,59.34,0
23,C,6.19,38.16,12.33,105.52,16.08,18.89,370.79,94.96,45.35,376.18,199.88,19.4,0.2750645383,452.94,9.9,75.73,2698.42,71.96,319.99,0,6.19,0,12.33,0,105.52,0,16.08,0,18.89,0,370.79,0,376.18,0,199.88,1,,0,71.96,0,319.99,15,452.94,0
16,C,1.4333054479,42.01,2.48,33.95,17.02,2.0159614365,33.771419926,248.47,26.57,1575.47,52.6,13.14,3.1,173.83,11.44,79.03,1676.01,31.136032948,40.4,1,,0,2.48,0,33.95,0,17.02,1,1.59,1,41.38,0,1575.47,0,52.6,0,3.1,1,,0,40.4,15,173.83,0
20,C,1.4333054479,30.05,1.4792673887,40.33,9.91,2.0159614365,466.07,229.37,8.69,115.21,188.67,17.45,0.2750645383,908.79,21.01,109.36,1779.37,31.136032948,14.620846939,1,1.51,1,1,0,40.33,0,9.91,1,,0,466.07,0,115.21,0,188.67,1,,1,6.07,1,15.34,15,908.79,0
7,C,7.02,36.37,8.7,103.16,23.91,9.63,2376.81,117.9,44.88,299.15,423.85,21.85,1.59,547.82,19.85,107.44,2365.78,31.136032948,111.35,0,7.02,0,8.7,0,103.16,0,23.91,0,9.63,0,2376.81,0,299.15,0,423.85,0,1.59,1,42.72,0,111.35,15,547.82,0
17,C,1.4333054479,36.13,1.4792673887,28.87,4.8656017695,2.0159614365,375,328.67,6.67,67.24,38,9.58,0.2750645383,253.24,19.66,52.44,1476.81,31.136032948,99.83,1,,1,1.57,0,28.87,1,4.22,1,2.26,0,375,0,67.24,0,38,1,,1,,0,99.83,15,253.24,0
19,D,6.04,41.65,11.97,38.25,17.77,12.56,462.14,367.13,47.99,138.28,157.62,45.47,14.85,1412.35,16.67,114.01,1717.19,31.136032948,115.95,0,6.04,0,11.97,0,38.25,0,17.77,0,12.56,0,462.14,0,138.28,0,157.62,0,14.85,1,,0,115.95,15,1412.35,0
26,D,1.4333054479,34.57,1.4792673887,3.031366776,4.8656017695,2.0159614365,289.48,78.54,3.51,7.1410713952,7.4988674271,3.34,0.2750645383,1205.1,5.41,42.87,429.91,31.136032948,14.620846939,1,0.53,1,1.14,1,2.56,1,3.44,1,2.26,0,289.48,1,,1,,1,0.13,1,,1,10.47,15,1205.1,0
24,D,2.73,47.43,1.4792673887,4.63,4.8656017695,2.0159614365,303.98,128.96,3.43,7.1410713952,7.4988674271,5.23,0.2750645383,1793.84,7.19,67.29,637.41,31.136032948,14.620846939,0,2.73,1,1.55,0,4.63,1,4.22,1,2.26,0,303.98,1,,1,3.35,1,,1,,1,15.34,15,1793.84,0
2,D,2.43,33.39,10.94,27.68,4.8656017695,5.84,442.57,113,55.24,121.98,97,18.04,0.2750645383,1794.45,13.4,155.88,1646,31.136032948,85.89,0,2.43,0,10.94,0,27.68,1,6.18,0,5.84,0,442.57,0,121.98,0,97,1,0.35,1,12.73,0,85.89,15,1794.45,0
27,D,3.18,39.04,10.77,39.75,11.21,4.37,33.771419926,120.23,52.23,108.39,71.95,21.66,2.37,,10.7,86.65,1732.97,31.136032948,41.59,0,3.18,0,10.77,0,39.75,0,11.21,0,4.37,1,26.9,0,108.39,0,71.95,0,2.37,1,,0,41.59,15,356.3,1
21,D,1.4333054479,53.28,1.4792673887,43.07,7.73,4.78,620.11,189.77,9.05,119.29,33.75,19.62,0.47,942.41,18.21,122.84,1876.02,31.136032948,27.36,1,1.5,1,0.43,0,43.07,0,7.73,0,4.78,0,620.11,0,119.29,0,33.75,0,0.47,1,,0,27.36,15,942.41,0
18,D,1.4333054479,41.53,1.4792673887,6.41,4.8656017695,3.32,33.771419926,144.93,5.17,7.1410713952,7.4988674271,6.01,2.37,686.49,7.03,140.91,697.71,31.136032948,14.620846939,1,,1,0.43,0,6.41,1,2.13,0,3.32,1,29.79,1,,1,8.61,0,2.37,1,,1,1.6,15,686.49,0
3,D,3.91,11.79,7.92,60.9,7.01,9.63,33.771419926,47.19,33.27,122.01,68.01,19.15,0.2750645383,410.73,6.97,31.09,2058.43,31.136032948,184.5,0,3.91,0,7.92,0,60.9,0,7.01,0,9.63,1,18.21,0,122.01,0,68.01,1,0.21,1,,0,184.5,15,410.73,0
4,C,7.58,13.47,16.45,69.73,17.76,20.91,70.31,41.07,47.32,220.43,115.36,21.03,4.98,1041.31,6.77,49.45,2436.06,31.136032948,110.2,0,7.58,0,16.45,0,69.73,0,17.76,0,20.91,0,70.31,0,220.43,0,115.36,0,4.98,1,,0,110.2,16,1041.31,0
22,C,1.4333054479,46.11,1.4792673887,20.86,4.8656017695,2.0159614365,363.68,78.61,5.17,28.26,7.4988674271,9.16,0.2750645383,400.74,13.73,80.54,1157.16,31.136032948,49.82,1,,1,,0,20.86,1,2.5,1,1.25,0,363.68,0,28.26,1,7.72,1,0.13,1,,0,49.82,16,400.74,0
5,C,1.4333054479,56.07,4.77,55.55,18.98,8.47,376.27,219.48,34.51,162.62,89.46,16.32,2.27,708.48,10.7,214.75,1650.97,31.136032948,95.21,1,1.65,0,4.77,0,55.55,0,18.98,0,8.47,0,376.27,0,162.62,0,89.46,0,2.27,1,18.84,0,95.21,16,708.48,0
14,C,32.72,19.35,5.82,122.94,37.99,84.35,327.37,37.55,46.76,560.51,254.78,36.64,0.2750645383,1387.6,12.22,100.34,3221.84,74.87,760.84,0,32.72,0,5.82,0,122.94,0,37.99,0,84.35,0,327.37,0,560.51,0,254.78,1,,0,74.87,0,760.84,16,1387.6,0
28,C,2.43,66.7,1.4792673887,22.91,4.8656017695,2.0159614365,91.49,223.66,6.67,33.89,7.4988674271,9.37,1.68,356.3,9.81,84.91,1313.01,31.136032948,14.620846939,0,2.43,1,0.72,0,22.91,1,1.81,1,1.59,0,91.49,0,33.89,1,9.47,0,1.68,1,,1,17.77,16,356.3,0
12,C,1.4333054479,48.94,1.4792673887,31.09,4.8656017695,4.78,471.47,153.55,9.95,50.62,17.45,7.4,5.21,762.73,15.58,59.24,1417.89,31.136032948,98.65,1,1.5,1,1,0,31.09,1,5.44,0,4.78,0,471.47,0,50.62,0,17.45,0,5.21,1,,0,98.65,16,762.73,0
15,C,2.73,31.81,6.18,21.85,4.8656017695,15.92,572.1,59.25,45.94,135.58,40.86,13.19,5.09,1318.05,11.81,57.68,1272.53,31.136032948,141.12,0,2.73,0,6.18,0,21.85,1,6.24,0,15.92,0,572.1,0,135.58,0,40.86,0,5.09,1,,0,141.12,16,1318.05,0
29,C,14.84,45.84,34.07,140.34,33.18,13.46,290.53,112.03,69.8,686.61,368.62,39.03,3.17,518.66,11.91,151.64,3003.99,172.49,388.32,0,14.84,0,34.07,0,140.34,0,33.18,0,13.46,0,290.53,0,686.61,0,368.62,0,3.17,0,172.49,0,388.32,16,518.66,0
25,C,1.4333054479,33.36,1.4792673887,4.36,4.8656017695,5.27,767.23,196.93,5.79,86.51,7.4988674271,15.52,0.2750645383,1076.91,13.58,143.01,782.95,31.136032948,14.620846939,1,,1,1,0,4.36,1,2.16,0,5.27,0,767.23,0,86.51,1,,1,,1,,1,1.6,16,1076.91,0
13,C,1.4333054479,27.07,1.4792673887,39.43,4.8656017695,10.64,129.37,52.3,19.49,56.19,31.96,7.97,0.2750645383,693.81,4.73,60.59,1589.65,31.136032948,208.34,1,0.19,1,1.55,0,39.43,1,5.46,0,10.64,0,129.37,0,56.19,0,31.96,1,,1,,0,208.34,16,693.81,0
9,C,1.4333054479,62,1.4792673887,16.58,4.8656017695,2.0159614365,33.771419926,65.73,6.91,16.88,7.4988674271,4.99,0.2750645383,730.21,3.49,86.14,1157.16,31.136032948,14.620846939,1,,1,,0,16.58,1,1.99,1,1.59,1,,0,16.88,1,,1,,1,,1,15.35,16,730.21,0
8,C,1.4333054479,38.16,5.28,22.24,29.46,10.64,416.17,143.31,7.86,47.85,105.96,15.61,4.42,,12.61,93.33,1219.46,31.136032948,148.03,1,,0,5.28,0,22.24,0,29.46,0,10.64,0,416.17,0,47.85,0,105.96,0,4.42,1,15.77,0,148.03,16,942.41,1
6,C,3.02,33.73,14.61,105.18,30.33,16.25,58.76,77.56,56.21,439.6,277.33,32.4,0.2750645383,59.34,12.14,98.48,2891.8,64.09,459.85,0,3.02,0,14.61,0,105.18,0,30.33,0,16.25,0,58.76,0,439.6,0,277.33,1,,0,64.09,0,459.85,16,59.34,0
11,C,7.26,14.7,10.94,45.43,11.55,25.11,613.6,28.2,38.35,161.05,77.89,15.79,1.94,745.5,7.1,41.71,1970.85,31.136032948,127.32,0,7.26,0,10.94,0,45.43,0,11.55,0,25.11,0,613.6,0,161.05,0,77.89,0,1.94,1,,0,127.32,16,745.5,0
1,C,1.4333054479,45.85,1.4792673887,15.86,4.8656017695,3.32,205.78,93.6,4.92,18.33,7.4988674271,4.75,0.2750645383,617.83,11.86,109.15,999.89,31.136032948,14.620846939,1,0.19,1,0.72,0,15.86,1,1.91,0,3.32,0,205.78,0,18.33,1,3.35,1,0.13,1,,1,5.53,16,617.83,0
10,C,1.4333054479,52.89,1.4792673887,23.6,4.8656017695,3.32,64.55,165.1,7.86,7.1410713952,24.29,8.3,0.2750645383,59.34,9.71,80.32,1372.32,31.136032948,125.13,1,0.85,1,1.29,0,23.6,1,2.5,0,3.32,0,64.55,1,8.26,0,24.29,1,0.06,1,,0,125.13,16,59.34,0
23,C,6.19,38.16,12.33,105.52,16.08,18.89,370.79,94.96,45.35,376.18,199.88,19.4,0.2750645383,452.94,9.9,75.73,2698.42,71.96,319.99,0,6.19,0,12.33,0,105.52,0,16.08,0,18.89,0,370.79,0,376.18,0,199.88,1,,0,71.96,0,319.99,16,452.94,0
16,C,1.4333054479,42.01,2.48,33.95,17.02,2.0159614365,33.771419926,248.47,26.57,1575.47,52.6,13.14,3.1,173.83,11.44,79.03,1676.01,31.136032948,40.4,1,,0,2.48,0,33.95,0,17.02,1,1.59,1,41.38,0,1575.47,0,52.6,0,3.1,1,,0,40.4,16,173.83,0
20,C,1.4333054479,30.05,1.4792673887,40.33,9.91,2.0159614365,466.07,229.37,8.69,115.21,188.67,17.45,0.2750645383,908.79,21.01,109.36,1779.37,31.136032948,14.620846939,1,1.51,1,1,0,40.33,0,9.91,1,,0,466.07,0,115.21,0,188.67,1,,1,6.07,1,15.34,16,908.79,0
7,C,7.02,36.37,8.7,103.16,23.91,9.63,2376.81,117.9,44.88,299.15,423.85,21.85,1.59,547.82,19.85,107.44,2365.78,31.136032948,111.35,0,7.02,0,8.7,0,103.16,0,23.91,0,9.63,0,2376.81,0,299.15,0,423.85,0,1.59,1,42.72,0,111.35,16,547.82,0
17,C,1.4333054479,36.13,1.4792673887,28.87,4.8656017695,2.0159614365,375,328.67,6.67,67.24,38,9.58,0.2750645383,253.24,19.66,52.44,1476.81,31.136032948,99.83,1,,1,1.57,0,28.87,1,4.22,1,2.26,0,375,0,67.24,0,38,1,,1,,0,99.83,16,253.24,0
19,D,6.04,41.65,11.97,38.25,17.77,12.56,462.14,367.13,47.99,138.28,157.62,45.47,14.85,1412.35,16.67,114.01,1717.19,31.136032948,115.95,0,6.04,0,11.97,0,38.25,0,17.77,0,12.56,0,462.14,0,138.28,0,157.62,0,14.85,1,,0,115.95,16,1412.35,0
26,D,1.4333054479,34.57,1.4792673887,3.031366776,4.8656017695,2.0159614365,289.48,78.54,3.51,7.1410713952,7.4988674271,3.34,0.2750645383,1205.1,5.41,42.87,429.91,31.136032948,14.620846939,1,0.53,1,1.14,1,2.56,1,3.44,1,2.26,0,289.48,1,,1,,1,0.13,1,,1,10.47,16,1205.1,0
24,D,2.73,47.43,1.4792673887,4.63,4.8656017695,2.0159614365,303.98,128.96,3.43,7.1410713952,7.4988674271,5.23,0.2750645383,1793.84,7.19,67.29,637.41,31.136032948,14.620846939,0,2.73,1,1.55,0,4.63,1,4.22,1,2.26,0,303.98,1,,1,3.35,1,,1,,1,15.34,16,1793.84,0
2,D,2.43,33.39,10.94,27.68,4.8656017695,5.84,442.57,113,55.24,121.98,97,18.04,0.2750645383,1794.45,13.4,155.88,1646,31.136032948,85.89,0,2.43,0,10.94,0,27.68,1,6.18,0,5.84,0,442.57,0,121.98,0,97,1,0.35,1,12.73,0,85.89,16,1794.45,0
27,D,3.18,39.04,10.77,39.75,11.21,4.37,33.771419926,120.23,52.23,108.39,71.95,21.66,2.37,,10.7,86.65,1732.97,31.136032948,41.59,0,3.18,0,10.77,0,39.75,0,11.21,0,4.37,1,26.9,0,108.39,0,71.95,0,2.37,1,,0,41.59,16,708.48,1
21,D,1.4333054479,53.28,1.4792673887,43.07,7.73,4.78,620.11,189.77,9.05,119.29,33.75,19.62,0.47,942.41,18.21,122.84,1876.02,31.136032948,27.36,1,1.5,1,0.43,0,43.07,0,7.73,0,4.78,0,620.11,0,119.29,0,33.75,0,0.47,1,,0,27.36,16,942.41,0
18,D,1.4333054479,41.53,1.4792673887,6.41,4.8656017695,3.32,33.771419926,144.93,5.17,7.1410713952,7.4988674271,6.01,2.37,686.49,7.03,140.91,697.71,31.136032948,14.620846939,1,,1,0.43,0,6.41,1,2.13,0,3.32,1,29.79,1,,1,8.61,0,2.37,1,,1,1.6,16,686.49,0
3,D,3.91,11.79,7.92,60.9,7.01,9.63,33.771419926,47.19,33.27,122.01,68.01,19.15,0.2750645383,410.73,6.97,31.09,2058.43,31.136032948,184.5,0,3.91,0,7.92,0,60.9,0,7.01,0,9.63,1,18.21,0,122.01,0,68.01,1,0.21,1,,0,184.5,16,410.73,0
4,C,7.58,13.47,16.45,69.73,17.76,20.91,70.31,41.07,47.32,220.43,115.36,21.03,4.98,1041.31,6.77,49.45,2436.06,31.136032948,110.2,0,7.58,0,16.45,0,69.73,0,17.76,0,20.91,0,70.31,0,220.43,0,115.36,0,4.98,1,,0,110.2,17,1041.31,0
22,C,1.4333054479,46.11,1.4792673887,20.86,4.8656017695,2.0159614365,363.68,78.61,5.17,28.26,7.4988674271,9.16,0.2750645383,400.74,13.73,80.54,1157.16,31.136032948,49.82,1,,1,,0,20.86,1,2.5,1,1.25,0,363.68,0,28.26,1,7.72,1,0.13,1,,0,49.82,17,400.74,0
5,C,1.4333054479,56.07,4.77,55.55,18.98,8.47,376.27,219.48,34.51,162.62,89.46,16.32,2.27,708.48,10.7,214.75,1650.97,31.136032948,95.21,1,1.65,0,4.77,0,55.55,0,18.98,0,8.47,0,376.27,0,162.62,0,89.46,0,2.27,1,18.84,0,95.21,17,708.48,0
14,C,32.72,19.35,5.82,122.94,37.99,84.35,327.37,37.55,46.76,560.51,254.78,36.64,0.2750645383,1387.6,12.22,100.34,3221.84,74.87,760.84,0,32.72,0,5.82,0,122.94,0,37.99,0,84.35,0,327.37,0,560.51,0,254.78,1,,0,74.87,0,760.84,17,1387.6,0
28,C,2.43,66.7,1.4792673887,22.91,4.8656017695,2.0159614365,91.49,223.66,6.67,33.89,7.4988674271,9.37,1.68,356.3,9.81,84.91,1313.01,31.136032948,14.620846939,0,2.43,1,0.72,0,22.91,1,1.81,1,1.59,0,91.49,0,33.89,1,9.47,0,1.68,1,,1,17.77,17,356.3,0
12,C,1.4333054479,48.94,1.4792673887,31.09,4.8656017695,4.78,471.47,153.55,9.95,50.62,17.45,7.4,5.21,762.73,15.58,59.24,1417.89,31.136032948,98.65,1,1.5,1,1,0,31.09,1,5.44,0,4.78,0,471.47,0,50.62,0,17.45,0,5.21,1,,0,98.65,17,762.73,0
15,C,2.73,31.81,6.18,21.85,4.8656017695,15.92,572.1,59.25,45.94,135.58,40.86,13.19,5.09,1318.05,11.81,57.68,1272.53,31.136032948,141.12,0,2.73,0,6.18,0,21.85,1,6.24,0,15.92,0,572.1,0,135.58,0,40.86,0,5.09,1,,0,141.12,17,1318.05,0
29,C,14.84,45.84,34.07,140.34,33.18,13.46,290.53,112.03,69.8,686.61,368.62,39.03,3.17,518.66,11.91,151.64,3003.99,172.49,388.32,0,14.84,0,34.07,0,140.34,0,33.18,0,13.46,0,290.53,0,686.61,0,368.62,0,3.17,0,172.49,0,388.32,17,518.66,0
25,C,1.4333054479,33.36,1.4792673887,4.36,4.8656017695,5.27,767.23,196.93,5.79,86.51,7.4988674271,15.52,0.2750645383,1076.91,13.58,143.01,782.95,31.136032948,14.620846939,1,,1,1,0,4.36,1,2.16,0,5.27,0,767.23,0,86.51,1,,1,,1,,1,1.6,17,1076.91,0
13,C,1.4333054479,27.07,1.4792673887,39.43,4.8656017695,10.64,129.37,52.3,19.49,56.19,31.96,7.97,0.2750645383,693.81,4.73,60.59,1589.65,31.136032948,208.34,1,0.19,1,1.55,0,39.43,1,5.46,0,10.64,0,129.37,0,56.19,0,31.96,1,,1,,0,208.34,17,693.81,0
9,C,1.4333054479,62,1.4792673887,16.58,4.8656017695,2.0159614365,33.771419926,65.73,6.91,16.88,7.4988674271,4.99,0.2750645383,730.21,3.49,86.14,1157.16,31.136032948,14.620846939,1,,1,,0,16.58,1,1.99,1,1.59,1,,0,16.88,1,,1,,1,,1,15.35,17,730.21,0
8,C,1.4333054479,38.16,5.28,22.24,29.46,10.64,416.17,143.31,7.86,47.85,105.96,15.61,4.42,,12.61,93.33,1219.46,31.136032948,148.03,1,,0,5.28,0,22.24,0,29.46,0,10.64,0,416.17,0,47.85,0,105.96,0,4.42,1,15.77,0,148.03,17,173.83,1
6,C,3.02,33.73,14.61,105.18,30.33,16.25,58.76,77.56,56.21,439.6,277.33,32.4,0.2750645383,59.34,12.14,98.48,2891.8,64.09,459.85,0,3.02,0,14.61,0,105.18,0,30.33,0,16.25,0,58.76,0,439.6,0,277.33,1,,0,64.09,0,459.85,17,59.34,0
11,C,7.26,14.7,10.94,45.43,11.55,25.11,613.6,28.2,38.35,161.05,77.89,15.79,1.94,745.5,7.1,41.71,1970.85,31.136032948,127.32,0,7.26,0,10.94,0,45.43,0,11.55,0,25.11,0,613.6,0,161.05,0,77.89,0,1.94,1,,0,127.32,17,745.5,0
1,C,1.4333054479,45.85,1.4792673887,15.86,4.8656017695,3.32,205.78,93.6,4.92,18.33,7.4988674271,4.75,0.2750645383,617.83,11.86,109.15,999.89,31.136032948,14.620846939,1,0.19,1,0.72,0,15.86,1,1.91,0,3.32,0,205.78,0,18.33,1,3.35,1,0.13,1,,1,5.53,17,617.83,0
10,C,1.4333054479,52.89,1.4792673887,23.6,4.8656017695,3.32,64.55,165.1,7.86,7.1410713952,24.29,8.3,0.2750645383,59.34,9.71,80.32,1372.32,31.136032948,125.13,1,0.85,1,1.29,0,23.6,1,2.5,0,3.32,0,64.55,1,8.26,0,24.29,1,0.06,1,,0,125.13,17,59.34,0
23,C,6.19,38.16,12.33,105.52,16.08,18.89,370.79,94.96,45.35,376.18,199.88,19.4,0.2750645383,452.94,9.9,75.73,2698.42,71.96,319.99,0,6.19,0,12.33,0,105.52,0,16.08,0,18.89,0,370.79,0,376.18,0,199.88,1,,0,71.96,0,319.99,17,452.94,0
16,C,1.4333054479,42.01,2.48,33.95,17.02,2.0159614365,33.771419926,248.47,26.57,1575.47,52.6,13.14,3.1,173.83,11.44,79.03,1676.01,31.136032948,40.4,1,,0,2.48,0,33.95,0,17.02,1,1.59,1,41.38,0,1575.47,0,52.6,0,3.1,1,,0,40.4,17,173.83,0
20,C,1.4333054479,30.05,1.4792673887,40.33,9.91,2.0159614365,466.07,229.37,8.69,115.21,188.67,17.45,0.2750645383,908.79,21.01,109.36,1779.37,31.136032948,14.620846939,1,1.51,1,1,0,40.33,0,9.91,1,,0,466.07,0,115.21,0,188.67,1,,1,6.07,1,15.34,17,908.79,0
7,C,7.02,36.37,8.7,103.16,23.91,9.63,2376.81,117.9,44.88,299.15,423.85,21.85,1.59,547.82,19.85,107.44,2365.78,31.136032948,111.35,0,7.02,0,8.7,0,103.16,0,23.91,0,9.63,0,2376.81,0,299.15,0,423.85,0,1.59,1,42.72,0,111.35,17,547.82,0
17,C,1.4333054479,36.13,1.4792673887,28.87,4.8656017695,2.0159614365,375,328.67,6.67,67.24,38,9.58,0.2750645383,253.24,19.66,52.44,1476.81,31.136032948,99.83,1,,1,1.57,0,28.87,1,4.22,1,2.26,0,375,0,67.24,0,38,1,,1,,0,99.83,17,253.24,0
19,D,6.04,41.65,11.97,38.25,17.77,12.56,462.14,367.13,47.99,138.28,157.62,45.47,14.85,1412.35,16.67,114.01,1717.19,31.136032948,115.95,0,6.04,0,11.97,0,38.25,0,17.77,0,12.56,0,462.14,0,138.28,0,157.62,0,14.85,1,,0,115.95,17,1412.35,0
26,D,1.4333054479,34.57,1.4792673887,3.031366776,4.8656017695,2.0159614365,289.48,78.54,3.51,7.1410713952,7.4988674271,3.34,0.2750645383,1205.1,5.41,42.87,429.91,31.136032948,14.620846939,1,0.53,1,1.14,1,2.56,1,3.44,1,2.26,0,289.48,1,,1,,1,0.13,1,,1,10.47,17,1205.1,0
24,D,2.73,47.43,1.4792673887,4.63,4.8656017695,2.0159614365,303.98,128.96,3.43,7.1410713952,7.4988674271,5.23,0.2750645383,1793.84,7.19,67.29,637.41,31.136032948,14.620846939,0,2.73,1,1.55,0,4.63,1,4.22,1,2.26,0,303.98,1,,1,3.35,1,,1,,1,15.34,17,1793.84,0
2,D,2.43,33.39,10.94,27.68,4.8656017695,5.84,442.57,113,55.24,121.98,97,18.04,0.2750645383,1794.45,13.4,155.88,1646,31.136032948,85.89,0,2.43,0,10.94,0,27.68,1,6.18,0,5.84,0,442.57,0,121.98,0,97,1,0.35,1,12.73,0,85.89,17,1794.45,0
27,D,3.18,39.04,10.77,39.75,11.21,4.37,33.771419926,120.23,52.23,108.39,71.95,21.66,2.37,,10.7,86.65,1732.97,31.136032948,41.59,0,3.18,0,10.77,0,39.75,0,11.21,0,4.37,1,26.9,0,108.39,0,71.95,0,2.37,1,,0,41.59,17,908.79,1
21,D,1.4333054479,53.28,1.4792673887,43.07,7.73,4.78,620.11,189.77,9.05,119.29,33.75,19.62,0.47,942.41,18.21,122.84,1876.02,31.136032948,27.36,1,1.5,1,0.43,0,43.07,0,7.73,0,4.78,0,620.11,0,119.29,0,33.75,0,0.47,1,,0,27.36,17,942.41,0
18,D,1.4333054479,41.53,1.4792673887,6.41,4.8656017695,3.32,33.771419926,144.93,5.17,7.1410713952,7.4988674271,6.01,2.37,686.49,7.03,140.91,697.71,31.136032948,14.620846939,1,,1,0.43,0,6.41,1,2.13,0,3.32,1,29.79,1,,1,8.61,0,2.37,1,,1,1.6,17,686.49,0
3,D,3.91,11.79,7.92,60.9,7.01,9.63,33.771419926,47.19,33.27,122.01,68.01,19.15,0.2750645383,410.73,6.97,31.09,2058.43,31.136032948,184.5,0,3.91,0,7.92,0,60.9,0,7.01,0,9.63,1,18.21,0,122.01,0,68.01,1,0.21,1,,0,184.5,17,410.73,0
4,C,7.58,13.47,16.45,69.73,17.76,20.91,70.31,41.07,47.32,220.43,115.36,21.03,4.98,1041.31,6.77,49.45,2436.06,31.136032948,110.2,0,7.58,0,16.45,0,69.73,0,17.76,0,20.91,0,70.31,0,220.43,0,115.36,0,4.98,1,,0,110.2,18,1041.31,0
22,C,1.4333054479,46.11,1.4792673887,20.86,4.8656017695,2.0159614365,363.68,78.61,5.17,28.26,7.4988674271,9.16,0.2750645383,400.74,13.73,80.54,1157.16,31.136032948,49.82,1,,1,,0,20.86,1,2.5,1,1.25,0,363.68,0,28.26,1,7.72,1,0.13,1,,0,49.82,18,400.74,0
5,C,1.4333054479,56.07,4.77,55.55,18.98,8.47,376.27,219.48,34.51,162.62,89.46,16.32,2.27,708.48,10.7,214.75,1650.97,31.136032948,95.21,1,1.65,0,4.77,0,55.55,0,18.98,0,8.47,0,376.27,0,162.62,0,89.46,0,2.27,1,18.84,0,95.21,18,708.48,0
14,C,32.72,19.35,5.82,122.94,37.99,84.35,327.37,37.55,46.76,560.51,254.78,36.64,0.2750645383,1387.6,12.22,100.34,3221.84,74.87,760.84,0,32.72,0,5.82,0,122.94,0,37.99,0,84.35,0,327.37,0,560.51,0,254.78,1,,0,74.87,0,760.84,18,1387.6,0
28,C,2.43,66.7,1.4792673887,22.91,4.8656017695,2.0159614365,91.49,223.66,6.67,33.89,7.4988674271,9.37,1.68,356.3,9.81,84.91,1313.01,31.136032948,14.620846939,0,2.43,1,0.72,0,22.91,1,1.81,1,1.59,0,91.49,0,33.89,1,9.47,0,1.68,1,,1,17.77,18,356.3,0
12,C,1.4333054479,48.94,1.4792673887,31.09,4.8656017695,4.78,471.47,153.55,9.95,50.62,17.45,7.4,5.21,762.73,15.58,59.24,1417.89,31.136032948,98.65,1,1.5,1,1,0,31.09,1,5.44,0,4.78,0,471.47,0,50.62,0,17.45,0,5.21,1,,0,98.65,18,762.73,0
15,C,2.73,31.81,6.18,21.85,4.8656017695,15.92,572.1,59.25,45.94,135.58,40.86,13.19,5.09,1318.05,11.81,57.68,1272.53,31.136032948,141.12,0,2.73,0,6.18,0,21.85,1,6.24,0,15.92,0,572.1,0,135.58,0,40.86,0,5.09,1,,0,141.12,18,1318.05,0
29,C,14.84,45.84,34.07,140.34,33.18,13.46,290.53,112.03,69.8,686.61,368.62,39.03,3.17,518.66,11.91,151.64,3003.99,172.49,388.32,0,14.84,0,34.07,0,140.34,0,33.18,0,13.46,0,290.53,0,686.61,0,368.62,0,3.17,0,172.49,0,388.32,18,518.66,0
25,C,1.4333054479,33.36,1.4792673887,4.36,4.8656017695,5.27,767.23,196.93,5.79,86.51,7.4988674271,15.52,0.2750645383,1076.91,13.58,143.01,782.95,31.136032948,14.620846939,1,,1,1,0,4.36,1,2.16,0,5.27,0,767.23,0,86.51,1,,1,,1,,1,1.6,18,1076.91,0
13,C,1.4333054479,27.07,1.4792673887,39.43,4.8656017695,10.64,129.37,52.3,19.49,56.19,31.96,7.97,0.2750645383,693.81,4.73,60.59,1589.65,31.136032948,208.34,1,0.19,1,1.55,0,39.43,1,5.46,0,10.64,0,129.37,0,56.19,0,31.96,1,,1,,0,208.34,18,693.81,0
9,C,1.4333054479,62,1.4792673887,16.58,4.8656017695,2.0159614365,33.771419926,65.73,6.91,16.88,7.4988674271,4.99,0.2750645383,730.21,3.49,86.14,1157.16,31.136032948,14.620846939,1,,1,,0,16.58,1,1.99,1,1.59,1,,0,16.88,1,,1,,1,,1,15.35,18,730.21,0
8,C,1.4333054479,38.16,5.28,22.24,29.46,10.64,416.17,143.31,7.86,47.85,105.96,15.61,4.42,,12.61,93.33,1219.46,31.136032948,148.03,1,,0,5.28,0,22.24,0,29.46,0,10.64,0,416.17,0,47.85,0,105.96,0,4.42,1,15.77,0,148.03,18,59.34,1
6,C,3.02,33.73,14.61,105.18,30.33,16.25,58.76,77.56,56.21,439.6,277.33,32.4,0.2750645383,59.34,12.14,98.48,2891.8,64.09,459.85,0,3.02,0,14.61,0,105.18,0,30.33,0,16.25,0,58.76,0,439.6,0,277.33,1,,0,64.09,0,459.85,18,59.34,0
11,C,7.26,14.7,10.94,45.43,11.55,25.11,613.6,28.2,38.35,161.05,77.89,15.79,1.94,745.5,7.1,41.71,1970.85,31.136032948,127.32,0,7.26,0,10.94,0,45.43,0,11.55,0,25.11,0,613.6,0,161.05,0,77.89,0,1.94,1,,0,127.32,18,745.5,0
1,C,1.4333054479,45.85,1.4792673887,15.86,4.8656017695,3.32,205.78,93.6,4.92,18.33,7.4988674271,4.75,0.2750645383,617.83,11.86,109.15,999.89,31.136032948,14.620846939,1,0.19,1,0.72,0,15.86,1,1.91,0,3.32,0,205.78,0,18.33,1,3.35,1,0.13,1,,1,5.53,18,617.83,0
10,C,1.4333054479,52.89,1.4792673887,23.6,4.8656017695,3.32,64.55,165.1,7.86,7.1410713952,24.29,8.3,0.2750645383,59.34,9.71,80.32,1372.32,31.136032948,125.13,1,0.85,1,1.29,0,23.6,1,2.5,0,3.32,0,64.55,1,8.26,0,24.29,1,0.06,1,,0,125.13,18,59.34,0
23,C,6.19,38.16,12.33,105.52,16.08,18.89,370.79,94.96,45.35,376.18,199.88,19.4,0.2750645383,452.94,9.9,75.73,2698.42,71.96,319.99,0,6.19,0,12.33,0,105.52,0,16.08,0,18.89,0,370.79,0,376.18,0,199.88,1,,0,71.96,0,319.99,18,452.94,0
16,C,1.4333054479,42.01,2.48,33.95,17.02,2.0159614365,33.771419926,248.47,26.57,1575.47,52.6,13.14,3.1,173.83,11.44,79.03,1676.01,31.136032948,40.4,1,,0,2.48,0,33.95,0,17.02,1,1.59,1,41.38,0,1575.47,0,52.6,0,3.1,1,,0,40.4,18,173.83,0
20,C,1.4333054479,30.05,1.4792673887,40.33,9.91,2.0159614365,466.07,229.37,8.69,115.21,188.67,17.45,0.2750645383,908.79,21.01,109.36,1779.37,31.136032948,14.620846939,1,1.51,1,1,0,40.33,0,9.91,1,,0,466.07,0,115.21,0,188.67,1,,1,6.07,1,15.34,18,908.79,0
7,C,7.02,36.37,8.7,103.16,23.91,9.63,2376.81,117.9,44.88,299.15,423.85,21.85,1.59,547.82,19.85,107.44,2365.78,31.136032948,111.35,0,7.02,0,8.7,0,103.16,0,23.91,0,9.63,0,2376.81,0,299.15,0,423.85,0,1.59,1,42.72,0,111.35,18,547.82,0
17,C,1.4333054479,36.13,1.4792673887,28.87,4.8656017695,2.0159614365,375,328.67,6.67,67.24,38,9.58,0.2750645383,253.24,19.66,52.44,1476.81,31.136032948,99.83,1,,1,1.57,0,28.87,1,4.22,1,2.26,0,375,0,67.24,0,38,1,,1,,0,99.83,18,253.24,0
19,D,6.04,41.65,11.97,38.25,17.77,12.56,462.14,367.13,47.99,138.28,157.62,45.47,14.85,1412.35,16.67,114.01,1717.19,31.136032948,115.95,0,6.04,0,11.97,0,38.25,0,17.77,0,12.56,0,462.14,0,138.28,0,157.62,0,14.85,1,,0,115.95,18,1412.35,0
26,D,1.4333054479,34.57,1.4792673887,3.031366776,4.8656017695,2.0159614365,289.48,78.54,3.51,7.1410713952,7.4988674271,3.34,0.2750645383,1205.1,5.41,42.87,429.91,31.136032948,14.620846939,1,0.53,1,1.14,1,2.56,1,3.44,1,2.26,0,289.48,1,,1,,1,0.13,1,,1,10.47,18,1205.1,0
24,D,2.73,47.43,1.4792673887,4.63,4.8656017695,2.0159614365,303.98,128.96,3.43,7.1410713952,7.4988674271,5.23,0.2750645383,1793.84,7.19,67.29,637.41,31.136032948,14.620846939,0,2.73,1,1.55,0,4.63,1,4.22,1,2.26,0,303.98,1,,1,3.35,1,,1,,1,15.34,18,1793.84,0
2,D,2.43,33.39,10.94,27.68,4.8656017695,5.84,442.57,113,55.24,121.98,97,18.04,0.2750645383,1794.45,13.4,155.88,1646,31.136032948,85.89,0,2.43,0,10.94,0,27.68,1,6.18,0,5.84,0,442.57,0,121.98,0,97,1,0.35,1,12.73,0,85.89,18,1794.45,0
27,D,3.18,39.04,10.77,39.75,11.21,4.37,33.771419926,120.23,52.23,108.39,71.95,21.66,2.37,,10.7,86.65,1732.97,31.136032948,41.59,0,3.18,0,10.77,0,39.75,0,11.21,0,4.37,1,26.9,0,108.39,0,71.95,0,2.37,1,,0,41.59,18,693.81,1
21,D,1.4333054479,53.28,1.4792673887,43.07,7.73,4.78,620.11,189.77,9.05,119.29,33.75,19.62,0.47,942.41,18.21,122.84,1876.02,31.136032948,27.36,1,1.5,1,0.43,0,43.07,0,7.73,0,4.78,0,620.11,0,119.29,0,33.75,0,0.47,1,,0,27.36,18,942.41,0
18,D,1.4333054479,41.53,1.4792673887,6.41,4.8656017695,3.32,33.771419926,144.93,5.17,7.1410713952,7.4988674271,6.01,2.37,686.49,7.03,140.91,697.71,31.136032948,14.620846939,1,,1,0.43,0,6.41,1,2.13,0,3.32,1,29.79,1,,1,8.61,0,2.37,1,,1,1.6,18,686.49,0
3,D,3.91,11.79,7.92,60.9,7.01,9.63,33.771419926,47.19,33.27,122.01,68.01,19.15,0.2750645383,410.73,6.97,31.09,2058.43,31.136032948,184.5,0,3.91,0,7.92,0,60.9,0,7.01,0,9.63,1,18.21,0,122.01,0,68.01,1,0.21,1,,0,184.5,18,410.73,0
4,C,7.58,13.47,16.45,69.73,17.76,20.91,70.31,41.07,47.32,220.43,115.36,21.03,4.98,1041.31,6.77,49.45,2436.06,31.136032948,110.2,0,7.58,0,16.45,0,69.73,0,17.76,0,20.91,0,70.31,0,220.43,0,115.36,0,4.98,1,,0,110.2,19,1041.31,0
22,C,1.4333054479,46.11,1.4792673887,20.86,4.8656017695,2.0159614365,363.68,78.61,5.17,28.26,7.4988674271,9.16,0.2750645383,400.74,13.73,80.54,1157.16,31.136032948,49.82,1,,1,,0,20.86,1,2.5,1,1.25,0,363.68,0,28.26,1,7.72,1,0.13,1,,0,49.82,19,400.74,0
5,C,1.4333054479,56.07,4.77,55.55,18.98,8.47,376.27,219.48,34.51,162.62,89.46,16.32,2.27,708.48,10.7,214.75,1650.97,31.136032948,95.21,1,1.65,0,4.77,0,55.55,0,18.98,0,8.47,0,376.27,0,162.62,0,89.46,0,2.27,1,18.84,0,95.21,19,708.48,0
14,C,32.72,19.35,5.82,122.94,37.99,84.35,327.37,37.55,46.76,560.51,254.78,36.64,0.2750645383,1387.6,12.22,100.34,3221.84,74.87,760.84,0,32.72,0,5.82,0,122.94,0,37.99,0,84.35,0,327.37,0,560.51,0,254.78,1,,0,74.87,0,760.84,19,1387.6,0
28,C,2.43,66.7,1.4792673887,22.91,4.8656017695,2.0159614365,91.49,223.66,6.67,33.89,7.4988674271,9.37,1.68,356.3,9.81,84.91,1313.01,31.136032948,14.620846939,0,2.43,1,0.72,0,22.91,1,1.81,1,1.59,0,91.49,0,33.89,1,9.47,0,1.68,1,,1,17.77,19,356.3,0
12,C,1.4333054479,48.94,1.4792673887,31.09,4.8656017695,4.78,471.47,153.55,9.95,50.62,17.45,7.4,5.21,762.73,15.58,59.24,1417.89,31.136032948,98.65,1,1.5,1,1,0,31.09,1,5.44,0,4.78,0,471.47,0,50.62,0,17.45,0,5.21,1,,0,98.65,19,762.73,0
15,C,2.73,31.81,6.18,21.85,4.8656017695,15.92,572.1,59.25,45.94,135.58,40.86,13.19,5.09,1318.05,11.81,57.68,1272.53,31.136032948,141.12,0,2.73,0,6.18,0,21.85,1,6.24,0,15.92,0,572.1,0,135.58,0,40.86,0,5.09,1,,0,141.12,19,1318.05,0
29,C,14.84,45.84,34.07,140.34,33.18,13.46,290.53,112.03,69.8,686.61,368.62,39.03,3.17,518.66,11.91,151.64,3003.99,172.49,388.32,0,14.84,0,34.07,0,140.34,0,33.18,0,13.46,0,290.53,0,686.61,0,368.62,0,3.17,0,172.49,0,388.32,19,518.66,0
25,C,1.4333054479,33.36,1.4792673887,4.36,4.8656017695,5.27,767.23,196.93,5.79,86.51,7.4988674271,15.52,0.2750645383,1076.91,13.58,143.01,782.95,31.136032948,14.620846939,1,,1,1,0,4.36,1,2.16,0,5.27,0,767.23,0,86.51,1,,1,,1,,1,1.6,19,1076.91,0
13,C,1.4333054479,27.07,1.4792673887,39.43,4.8656017695,10.64,129.37,52.3,19.49,56.19,31.96,7.97,0.2750645383,693.81,4.73,60.59,1589.65,31.136032948,208.34,1,0.19,1,1.55,0,39.43,1,5.46,0,10.64,0,129.37,0,56.19,0,31.96,1,,1,,0,208.34,19,693.81,0
9,C,1.4333054479,62,1.4792673887,16.58,4.8656017695,2.0159614365,33.771419926,65.73,6.91,16.88,7.4988674271,4.99,0.2750645383,730.21,3.49,86.14,1157.16,31.136032948,14.620846939,1,,1,,0,16.58,1,1.99,1,1.59,1,,0,16.88,1,,1,,1,,1,15.35,19,730.21,0
8,C,1.4333054479,38.16,5.28,22.24,29.46,10.64,416.17,143.31,7.86,47.85,105.96,15.61,4.42,,12.61,93.33,1219.46,31.136032948,148.03,1,,0,5.28,0,22.24,0,29.46,0,10.64,0,416.17,0,47.85,0,105.96,0,4.42,1,15.77,0,148.03,19,1076.91,1
6,C,3.02,33.73,14.61,105.18,30.33,16.25,58.76,77.56,56.21,439.6,277.33,32.4,0.2750645383,59.34,12.14,98.48,2891.8,64.09,459.85,0,3.02,0,14.61,0,105.18,0,30.33,0,16.25,0,58.76,0,439.6,0,277.33,1,,0,64.09,0,459.85,19,59.34,0
11,C,7.26,14.7,10.94,45.43,11.55,25.11,613.6,28.2,38.35,161.05,77.89,15.79,1.94,745.5,7.1,41.71,1970.85,31.136032948,127.32,0,7.26,0,10.94,0,45.43,0,11.55,0,25.11,0,613.6,0,161.05,0,77.89,0,1.94,1,,0,127.32,19,745.5,0
1,C,1.4333054479,45.85,1.4792673887,15.86,4.8656017695,3.32,205.78,93.6,4.92,18.33,7.4988674271,4.75,0.2750645383,617.83,11.86,109.15,999.89,31.136032948,14.620846939,1,0.19,1,0.72,0,15.86,1,1.91,0,3.32,0,205.78,0,18.33,1,3.35,1,0.13,1,,1,5.53,19,617.83,0
10,C,1.4333054479,52.89,1.4792673887,23.6,4.8656017695,3.32,64.55,165.1,7.86,7.1410713952,24.29,8.3,0.2750645383,59.34,9.71,80.32,1372.32,31.136032948,125.13,1,0.85,1,1.29,0,23.6,1,2.5,0,3.32,0,64.55,1,8.26,0,24.29,1,0.06,1,,0,125.13,19,59.34,0
23,C,6.19,38.16,12.33,105.52,16.08,18.89,370.79,94.96,45.35,376.18,199.88,19.4,0.2750645383,452.94,9.9,75.73,2698.42,71.96,319.99,0,6.19,0,12.33,0,105.52,0,16.08,0,18.89,0,370.79,0,376.18,0,199.88,1,,0,71.96,0,319.99,19,452.94,0
16,C,1.4333054479,42.01,2.48,33.95,17.02,2.0159614365,33.771419926,248.47,26.57,1575.47,52.6,13.14,3.1,173.83,11.44,79.03,1676.01,31.136032948,40.4,1,,0,2.48,0,33.95,0,17.02,1,1.59,1,41.38,0,1575.47,0,52.6,0,3.1,1,,0,40.4,19,173.83,0
20,C,1.4333054479,30.05,1.4792673887,40.33,9.91,2.0159614365,466.07,229.37,8.69,115.21,188.67,17.45,0.2750645383,908.79,21.01,109.36,1779.37,31.136032948,14.620846939,1,1.51,1,1,0,40.33,0,9.91,1,,0,466.07,0,115.21,0,188.67,1,,1,6.07,1,15.34,19,908.79,0
7,C,7.02,36.37,8.7,103.16,23.91,9.63,2376.81,117.9,44.88,299.15,423.85,21.85,1.59,547.82,19.85,107.44,2365.78,31.136032948,111.35,0,7.02,0,8.7,0,103.16,0,23.91,0,9.63,0,2376.81,0,299.15,0,423.85,0,1.59,1,42.72,0,111.35,19,547.82,0
17,C,1.4333054479,36.13,1.4792673887,28.87,4.8656017695,2.0159614365,375,328.67,6.67,67.24,38,9.58,0.2750645383,253.24,19.66,52.44,1476.81,31.136032948,99.83,1,,1,1.57,0,28.87,1,4.22,1,2.26,0,375,0,67.24,0,38,1,,1,,0,99.83,19,253.24,0
19,D,6.04,41.65,11.97,38.25,17.77,12.56,462.14,367.13,47.99,138.28,157.62,45.47,14.85,1412.35,16.67,114.01,1717.19,31.136032948,115.95,0,6.04,0,11.97,0,38.25,0,17.77,0,12.56,0,462.14,0,138.28,0,157.62,0,14.85,1,,0,115.95,19,1412.35,0
26,D,1.4333054479,34.57,1.4792673887,3.031366776,4.8656017695,2.0159614365,289.48,78.54,3.51,7.1410713952,7.4988674271,3.34,0.2750645383,1205.1,5.41,42.87,429.91,31.136032948,14.620846939,1,0.53,1,1.14,1,2.56,1,3.44,1,2.26,0,289.48,1,,1,,1,0.13,1,,1,10.47,19,1205.1,0
24,D,2.73,47.43,1.4792673887,4.63,4.8656017695,2.0159614365,303.98,128.96,3.43,7.1410713952,7.4988674271,5.23,0.2750645383,1793.84,7.19,67.29,637.41,31.136032948,14.620846939,0,2.73,1,1.55,0,4.63,1,4.22,1,2.26,0,303.98,1,,1,3.35,1,,1,,1,15.34,19,1793.84,0
2,D,2.43,33.39,10.94,27.68,4.8656017695,5.84,442.57,113,55.24,121.98,97,18.04,0.2750645383,1794.45,13.4,155.88,1646,31.136032948,85.89,0,2.43,0,10.94,0,27.68,1,6.18,0,5.84,0,442.57,0,121.98,0,97,1,0.35,1,12.73,0,85.89,19,1794.45,0
27,D,3.18,39.04,10.77,39.75,11.21,4.37,33.771419926,120.23,52.23,108.39,71.95,21.66,2.37,,10.7,86.65,1732.97,31.136032948,41.59,0,3.18,0,10.77,0,39.75,0,11.21,0,4.37,1,26.9,0,108.39,0,71.95,0,2.37,1,,0,41.59,19,745.5,1
21,D,1.4333054479,53.28,1.4792673887,43.07,7.73,4.78,620.11,189.77,9.05,119.29,33.75,19.62,0.47,942.41,18.21,122.84,1876.02,31.136032948,27.36,1,1.5,1,0.43,0,43.07,0,7.73,0,4.78,0,620.11,0,119.29,0,33.75,0,0.47,1,,0,27.36,19,942.41,0
18,D,1.4333054479,41.53,1.4792673887,6.41,4.8656017695,3.32,33.771419926,144.93,5.17,7.1410713952,7.4988674271,6.01,2.37,686.49,7.03,140.91,697.71,31.136032948,14.620846939,1,,1,0.43,0,6.41,1,2.13,0,3.32,1,29.79,1,,1,8.61,0,2.37,1,,1,1.6,19,686.49,0
3,D,3.91,11.79,7.92,60.9,7.01,9.63,33.771419926,47.19,33.27,122.01,68.01,19.15,0.2750645383,410.73,6.97,31.09,2058.43,31.136032948,184.5,0,3.91,0,7.92,0,60.9,0,7.01,0,9.63,1,18.21,0,122.01,0,68.01,1,0.21,1,,0,184.5,19,410.73,0
4,C,7.58,13.47,16.45,69.73,17.76,20.91,70.31,41.07,47.32,220.43,115.36,21.03,4.98,1041.31,6.77,49.45,2436.06,31.136032948,110.2,0,7.58,0,16.45,0,69.73,0,17.76,0,20.91,0,70.31,0,220.43,0,115.36,0,4.98,1,,0,110.2,20,1041.31,0
22,C,1.4333054479,46.11,1.4792673887,20.86,4.8656017695,2.0159614365,363.68,78.61,5.17,28.26,7.4988674271,9.16,0.2750645383,400.74,13.73,80.54,1157.16,31.136032948,49.82,1,,1,,0,20.86,1,2.5,1,1.25,0,363.68,0,28.26,1,7.72,1,0.13,1,,0,49.82,20,400.74,0
5,C,1.4333054479,56.07,4.77,55.55,18.98,8.47,376.27,219.48,34.51,162.62,89.46,16.32,2.27,708.48,10.7,214.75,1650.97,31.136032948,95.21,1,1.65,0,4.77,0,55.55,0,18.98,0,8.47,0,376.27,0,162.62,0,89.46,0,2.27,1,18.84,0,95.21,20,708.48,0
14,C,32.72,19.35,5.82,122.94,37.99,84.35,327.37,37.55,46.76,560.51,254.78,36.64,0.2750645383,1387.6,12.22,100.34,3221.84,74.87,760.84,0,32.72,0,5.82,0,122.94,0,37.99,0,84.35,0,327.37,0,560.51,0,254.78,1,,0,74.87,0,760.84,20,1387.6,0
28,C,2.43,66.7,1.4792673887,22.91,4.8656017695,2.0159614365,91.49,223.66,6.67,33.89,7.4988674271,9.37,1.68,356.3,9.81,84.91,1313.01,31.136032948,14.620846939,0,2.43,1,0.72,0,22.91,1,1.81,1,1.59,0,91.49,0,33.89,1,9.47,0,1.68,1,,1,17.77,20,356.3,0
12,C,1.4333054479,48.94,1.4792673887,31.09,4.8656017695,4.78,471.47,153.55,9.95,50.62,17.45,7.4,5.21,762.73,15.58,59.24,1417.89,31.136032948,98.65,1,1.5,1,1,0,31.09,1,5.44,0,4.78,0,471.47,0,50.62,0,17.45,0,5.21,1,,0,98.65,20,762.73,0
15,C,2.73,31.81,6.18,21.85,4.8656017695,15.92,572.1,59.25,45.94,135.58,40.86,13.19,5.09,1318.05,11.81,57.68,1272.53,31.136032948,141.12,0,2.73,0,6.18,0,21.85,1,6.24,0,15.92,0,572.1,0,135.58,0,40.86,0,5.09,1,,0,141.12,20,1318.05,0
29,C,14.84,45.84,34.07,140.34,33.18,13.46,290.53,112.03,69.8,686.61,368.62,39.03,3.17,518.66,11.91,151.64,3003.99,172.49,388.32,0,14.84,0,34.07,0,140.34,0,33.18,0,13.46,0,290.53,0,686.61,0,368.62,0,3.17,0,172.49,0,388.32,20,518.66,0
25,C,1.4333054479,33.36,1.4792673887,4.36,4.8656017695,5.27,767.23,196.93,5.79,86.51,7.4988674271,15.52,0.2750645383,1076.91,13.58,143.01,782.95,31.136032948,14.620846939,1,,1,1,0,4.36,1,2.16,0,5.27,0,767.23,0,86.51,1,,1,,1,,1,1.6,20,1076.91,0
13,C,1.4333054479,27.07,1.4792673887,39.43,4.8656017695,10.64,129.37,52.3,19.49,56.19,31.96,7.97,0.2750645383,693.81,4.73,60.59,1589.65,31.136032948,208.34,1,0.19,1,1.55,0,39.43,1,5.46,0,10.64,0,129.37,0,56.19,0,31.96,1,,1,,0,208.34,20,693.81,0
9,C,1.4333054479,62,1.4792673887,16.58,4.8656017695,2.0159614365,33.771419926,65.73,6.91,16.88,7.4988674271,4.99,0.2750645383,730.21,3.49,86.14,1157.16,31.136032948,14.620846939,1,,1,,0,16.58,1,1.99,1,1.59,1,,0,16.88,1,,1,,1,,1,15.35,20,730.21,0
8,C,1.4333054479,38.16,5.28,22.24,29.46,10.64,416.17,143.31,7.86,47.85,105.96,15.61,4.42,,12.61,93.33,1219.46,31.136032948,148.03,1,,0,5.28,0,22.24,0,29.46,0,10.64,0,416.17,0,47.85,0,105.96,0,4.42,1,15.77,0,148.03,20,1205.1,1
6,C,3.02,33.73,14.61,105.18,30.33,16.25,58.76,77.56,56.21,439.6,277.33,32.4,0.2750645383,59.34,12.14,98.48,2891.8,64.09,459.85,0,3.02,0,14.61,0,105.18,0,30.33,0,16.25,0,58.76,0,439.6,0,277.33,1,,0,64.09,0,459.85,20,59.34,0
11,C,7.26,14.7,10.94,45.43,11.55,25.11,613.6,28.2,38.35,161.05,77.89,15.79,1.94,745.5,7.1,41.71,1970.85,31.136032948,127.32,0,7.26,0,10.94,0,45.43,0,11.55,0,25.11,0,613.6,0,161.05,0,77.89,0,1.94,1,,0,127.32,20,745.5,0
1,C,1.4333054479,45.85,1.4792673887,15.86,4.8656017695,3.32,205.78,93.6,4.92,18.33,7.4988674271,4.75,0.2750645383,617.83,11.86,109.15,999.89,31.136032948,14.620846939,1,0.19,1,0.72,0,15.86,1,1.91,0,3.32,0,205.78,0,18.33,1,3.35,1,0.13,1,,1,5.53,20,617.83,0
10,C,1.4333054479,52.89,1.4792673887,23.6,4.8656017695,3.32,64.55,165.1,7.86,7.1410713952,24.29,8.3,0.2750645383,59.34,9.71,80.32,1372.32,31.136032948,125.13,1,0.85,1,1.29,0,23.6,1,2.5,0,3.32,0,64.55,1,8.26,0,24.29,1,0.06,1,,0,125.13,20,59.34,0
23,C,6.19,38.16,12.33,105.52,16.08,18.89,370.79,94.96,45.35,376.18,199.88,19.4,0.2750645383,452.94,9.9,75.73,2698.42,71.96,319.99,0,6.19,0,12.33,0,105.52,0,16.08,0,18.89,0,370.79,0,376.18,0,199.88,1,,0,71.96,0,319.99,20,452.94,0
16,C,1.4333054479,42.01,2.48,33.95,17.02,2.0159614365,33.771419926,248.47,26.57,1575.47,52.6,13.14,3.1,173.83,11.44,79.03,1676.01,31.136032948,40.4,1,,0,2.48,0,33.95,0,17.02,1,1.59,1,41.38,0,1575.47,0,52.6,0,3.1,1,,0,40.4,20,173.83,0
20,C,1.4333054479,30.05,1.4792673887,40.33,9.91,2.0159614365,466.07,229.37,8.69,115.21,188.67,17.45,0.2750645383,908.79,21.01,109.36,1779.37,31.136032948,14.620846939,1,1.51,1,1,0,40.33,0,9.91,1,,0,466.07,0,115.21,0,188.67,1,,1,6.07,1,15.34,20,908.79,0
7,C,7.02,36.37,8.7,103.16,23.91,9.63,2376.81,117.9,44.88,299.15,423.85,21.85,1.59,547.82,19.85,107.44,2365.78,31.136032948,111.35,0,7.02,0,8.7,0,103.16,0,23.91,0,9.63,0,2376.81,0,299.15,0,423.85,0,1.59,1,42.72,0,111.35,20,547.82,0
17,C,1.4333054479,36.13,1.4792673887,28.87,4.8656017695,2.0159614365,375,328.67,6.67,67.24,38,9.58,0.2750645383,253.24,19.66,52.44,1476.81,31.136032948,99.83,1,,1,1.57,0,28.87,1,4.22,1,2.26,0,375,0,67.24,0,38,1,,1,,0,99.83,20,253.24,0
19,D,6.04,41.65,11.97,38.25,17.77,12.56,462.14,367.13,47.99,138.28,157.62,45.47,14.85,1412.35,16.67,114.01,1717.19,31.136032948,115.95,0,6.04,0,11.97,0,38.25,0,17.77,0,12.56,0,462.14,0,138.28,0,157.62,0,14.85,1,,0,115.95,20,1412.35,0
26,D,1.4333054479,34.57,1.4792673887,3.031366776,4.8656017695,2.0159614365,289.48,78.54,3.51,7.1410713952,7.4988674271,3.34,0.2750645383,1205.1,5.41,42.87,429.91,31.136032948,14.620846939,1,0.53,1,1.14,1,2.56,1,3.44,1,2.26,0,289.48,1,,1,,1,0.13,1,,1,10.47,20,1205.1,0
24,D,2.73,47.43,1.4792673887,4.63,4.8656017695,2.0159614365,303.98,128.96,3.43,7.1410713952,7.4988674271,5.23,0.2750645383,1793.84,7.19,67.29,637.41,31.136032948,14.620846939,0,2.73,1,1.55,0,4.63,1,4.22,1,2.26,0,303.98,1,,1,3.35,1,,1,,1,15.34,20,1793.84,0
2,D,2.43,33.39,10.94,27.68,4.8656017695,5.84,442.57,113,55.24,121.98,97,18.04,0.2750645383,1794.45,13.4,155.88,1646,31.136032948,85.89,0,2.43,0,10.94,0,27.68,1,6.18,0,5.84,0,442.57,0,121.98,0,97,1,0.35,1,12.73,0,85.89,20,1794.45,0
27,D,3.18,39.04,10.77,39.75,11.21,4.37,33.771419926,120.23,52.23,108.39,71.95,21.66,2.37,,10.7,86.65,1732.97,31.136032948,41.59,0,3.18,0,10.77,0,39.75,0,11.21,0,4.37,1,26.9,0,108.39,0,71.95,0,2.37,1,,0,41.59,20,253.24,1
21,D,1.4333054479,53.28,1.4792673887,43.07,7.73,4.78,620.11,189.77,9.05,119.29,33.75,19.62,0.47,942.41,18.21,122.84,1876.02,31.136032948,27.36,1,1.5,1,0.43,0,43.07,0,7.73,0,4.78,0,620.11,0,119.29,0,33.75,0,0.47,1,,0,27.36,20,942.41,0
18,D,1.4333054479,41.53,1.4792673887,6.41,4.8656017695,3.32,33.771419926,144.93,5.17,7.1410713952,7.4988674271,6.01,2.37,686.49,7.03,140.91,697.71,31.136032948,14.620846939,1,,1,0.43,0,6.41,1,2.13,0,3.32,1,29.79,1,,1,8.61,0,2.37,1,,1,1.6,20,686.49,0
3,D,3.91,11.79,7.92,60.9,7.01,9.63,33.771419926,47.19,33.27,122.01,68.01,19.15,0.2750645383,410.73,6.97,31.09,2058.43,31.136032948,184.5,0,3.91,0,7.92,0,60.9,0,7.01,0,9.63,1,18.21,0,122.01,0,68.01,1,0.21,1,,0,184.5,20,410.73,0
4,C,7.58,13.47,16.45,69.73,17.76,20.91,70.31,41.07,47.32,220.43,115.36,21.03,4.98,1041.31,6.77,49.45,2436.06,31.136032948,110.2,0,7.58,0,16.45,0,69.73,0,17.76,0,20.91,0,70.31,0,220.43,0,115.36,0,4.98,1,,0,110.2,21,1041.31,0
22,C,1.4333054479,46.11,1.4792673887,20.86,4.8656017695,2.0159614365,363.68,78.61,5.17,28.26,7.4988674271,9.16,0.2750645383,400.74,13.73,80.54,1157.16,31.136032948,49.82,1,,1,,0,20.86,1,2.5,1,1.25,0,363.68,0,28.26,1,7.72,1,0.13,1,,0,49.82,21,400.74,0
5,C,1.4333054479,56.07,4.77,55.55,18.98,8.47,376.27,219.48,34.51,162.62,89.46,16.32,2.27,708.48,10.7,214.75,1650.97,31.136032948,95.21,1,1.65,0,4.77,0,55.55,0,18.98,0,8.47,0,376.27,0,162.62,0,89.46,0,2.27,1,18.84,0,95.21,21,708.48,0
14,C,32.72,19.35,5.82,122.94,37.99,84.35,327.37,37.55,46.76,560.51,254.78,36.64,0.2750645383,1387.6,12.22,100.34,3221.84,74.87,760.84,0,32.72,0,5.82,0,122.94,0,37.99,0,84.35,0,327.37,0,560.51,0,254.78,1,,0,74.87,0,760.84,21,1387.6,0
28,C,2.43,66.7,1.4792673887,22.91,4.8656017695,2.0159614365,91.49,223.66,6.67,33.89,7.4988674271,9.37,1.68,356.3,9.81,84.91,1313.01,31.136032948,14.620846939,0,2.43,1,0.72,0,22.91,1,1.81,1,1.59,0,91.49,0,33.89,1,9.47,0,1.68,1,,1,17.77,21,356.3,0
12,C,1.4333054479,48.94,1.4792673887,31.09,4.8656017695,4.78,471.47,153.55,9.95,50.62,17.45,7.4,5.21,762.73,15.58,59.24,1417.89,31.136032948,98.65,1,1.5,1,1,0,31.09,1,5.44,0,4.78,0,471.47,0,50.62,0,17.45,0,5.21,1,,0,98.65,21,762.73,0
15,C,2.73,31.81,6.18,21.85,4.8656017695,15.92,572.1,59.25,45.94,135.58,40.86,13.19,5.09,1318.05,11.81,57.68,1272.53,31.136032948,141.12,0,2.73,0,6.18,0,21.85,1,6.24,0,15.92,0,572.1,0,135.58,0,40.86,0,5.09,1,,0,141.12,21,1318.05,0
29,C,14.84,45.84,34.07,140.34,33.18,13.46,290.53,112.03,69.8,686.61,368.62,39.03,3.17,518.66,11.91,151.64,3003.99,172.49,388.32,0,14.84,0,34.07,0,140.34,0,33.18,0,13.46,0,290.53,0,686.61,0,368.62,0,3.17,0,172.49,0,388.32,21,518.66,0
25,C,1.4333054479,33.36,1.4792673887,4.36,4.8656017695,5.27,767.23,196.93,5.79,86.51,7.4988674271,15.52,0.2750645383,1076.91,13.58,143.01,782.95,31.136032948,14.620846939,1,,1,1,0,4.36,1,2.16,0,5.27,0,767.23,0,86.51,1,,1,,1,,1,1.6,21,1076.91,0
13,C,1.4333054479,27.07,1.4792673887,39.43,4.8656017695,10.64,129.37,52.3,19.49,56.19,31.96,7.97,0.2750645383,693.81,4.73,60.59,1589.65,31.136032948,208.34,1,0.19,1,1.55,0,39.43,1,5.46,0,10.64,0,129.37,0,56.19,0,31.96,1,,1,,0,208.34,21,693.81,0
9,C,1.4333054479,62,1.4792673887,16.58,4.8656017695,2.0159614365,33.771419926,65.73,6.91,16.88,7.4988674271,4.99,0.2750645383,730.21,3.49,86.14,1157.16,31.136032948,14.620846939,1,,1,,0,16.58,1,1.99,1,1.59,1,,0,16.88,1,,1,,1,,1,15.35,21,730.21,0
8,C,1.4333054479,38.16,5.28,22.24,29.46,10.64,416.17,143.31,7.86,47.85,105.96,15.61,4.42,,12.61,93.33,1219.46,31.136032948,148.03,1,,0,5.28,0,22.24,0,29.46,0,10.64,0,416.17,0,47.85,0,105.96,0,4.42,1,15.77,0,148.03,21,547.82,1
6,C,3.02,33.73,14.61,105.18,30.33,16.25,58.76,77.56,56.21,439.6,277.33,32.4,0.2750645383,59.34,12.14,98.48,2891.8,64.09,459.85,0,3.02,0,14.61,0,105.18,0,30.33,0,16.25,0,58.76,0,439.6,0,277.33,1,,0,64.09,0,459.85,21,59.34,0
11,C,7.26,14.7,10.94,45.43,11.55,25.11,613.6,28.2,38.35,161.05,77.89,15.79,1.94,745.5,7.1,41.71,1970.85,31.136032948,127.32,0,7.26,0,10.94,0,45.43,0,11.55,0,25.11,0,613.6,0,161.05,0,77.89,0,1.94,1,,0,127.32,21,745.5,0
1,C,1.4333054479,45.85,1.4792673887,15.86,4.8656017695,3.32,205.78,93.6,4.92,18.33,7.4988674271,4.75,0.2750645383,617.83,11.86,109.15,999.89,31.136032948,14.620846939,1,0.19,1,0.72,0,15.86,1,1.91,0,3.32,0,205.78,0,18.33,1,3.35,1,0.13,1,,1,5.53,21,617.83,0
10,C,1.4333054479,52.89,1.4792673887,23.6,4.8656017695,3.32,64.55,165.1,7.86,7.1410713952,24.29,8.3,0.2750645383,59.34,9.71,80.32,1372.32,31.136032948,125.13,1,0.85,1,1.29,0,23.6,1,2.5,0,3.32,0,64.55,1,8.26,0,24.29,1,0.06,1,,0,125.13,21,59.34,0
23,C,6.19,38.16,12.33,105.52,16.08,18.89,370.79,94.96,45.35,376.18,199.88,19.4,0.2750645383,452.94,9.9,75.73,2698.42,71.96,319.99,0,6.19,0,12.33,0,105.52,0,16.08,0,18.89,0,370.79,0,376.18,0,199.88,1,,0,71.96,0,319.99,21,452.94,0
16,C,1.4333054479,42.01,2.48,33.95,17.02,2.0159614365,33.771419926,248.47,26.57,1575.47,52.6,13.14,3.1,173.83,11.44,79.03,1676.01,31.136032948,40.4,1,,0,2.48,0,33.95,0,17.02,1,1.59,1,41.38,0,1575.47,0,52.6,0,3.1,1,,0,40.4,21,173.83,0
20,C,1.4333054479,30.05,1.4792673887,40.33,9.91,2.0159614365,466.07,229.37,8.69,115.21,188.67,17.45,0.2750645383,908.79,21.01,109.36,1779.37,31.136032948,14.620846939,1,1.51,1,1,0,40.33,0,9.91,1,,0,466.07,0,115.21,0,188.67,1,,1,6.07,1,15.34,21,908.79,0
7,C,7.02,36.37,8.7,103.16,23.91,9.63,2376.81,117.9,44.88,299.15,423.85,21.85,1.59,547.82,19.85,107.44,2365.78,31.136032948,111.35,0,7.02,0,8.7,0,103.16,0,23.91,0,9.63,0,2376.81,0,299.15,0,423.85,0,1.59,1,42.72,0,111.35,21,547.82,0
17,C,1.4333054479,36.13,1.4792673887,28.87,4.8656017695,2.0159614365,375,328.67,6.67,67.24,38,9.58,0.2750645383,253.24,19.66,52.44,1476.81,31.136032948,99.83,1,,1,1.57,0,28.87,1,4.22,1,2.26,0,375,0,67.24,0,38,1,,1,,0,99.83,21,253.24,0
19,D,6.04,41.65,11.97,38.25,17.77,12.56,462.14,367.13,47.99,138.28,157.62,45.47,14.85,1412.35,16.67,114.01,1717.19,31.136032948,115.95,0,6.04,0,11.97,0,38.25,0,17.77,0,12.56,0,462.14,0,138.28,0,157.62,0,14.85,1,,0,115.95,21,1412.35,0
26,D,1.4333054479,34.57,1.4792673887,3.031366776,4.8656017695,2.0159614365,289.48,78.54,3.51,7.1410713952,7.4988674271,3.34,0.2750645383,1205.1,5.41,42.87,429.91,31.136032948,14.620846939,1,0.53,1,1.14,1,2.56,1,3.44,1,2.26,0,289.48,1,,1,,1,0.13,1,,1,10.47,21,1205.1,0
24,D,2.73,47.43,1.4792673887,4.63,4.8656017695,2.0159614365,303.98,128.96,3.43,7.1410713952,7.4988674271,5.23,0.2750645383,1793.84,7.19,67.29,637.41,31.136032948,14.620846939,0,2.73,1,1.55,0,4.63,1,4.22,1,2.26,0,303.98,1,,1,3.35,1,,1,,1,15.34,21,1793.84,0
2,D,2.43,33.39,10.94,27.68,4.8656017695,5.84,442.57,113,55.24,121.98,97,18.04,0.2750645383,1794.45,13.4,155.88,1646,31.136032948,85.89,0,2.43,0,10.94,0,27.68,1,6.18,0,5.84,0,442.57,0,121.98,0,97,1,0.35,1,12.73,0,85.89,21,1794.45,0
27,D,3.18,39.04,10.77,39.75,11.21,4.37,33.771419926,120.23,52.23,108.39,71.95,21.66,2.37,,10.7,86.65,1732.97,31.136032948,41.59,0,3.18,0,10.77,0,39.75,0,11.21,0,4.37,1,26.9,0,108.39,0,71.95,0,2.37,1,,0,41.59,21,59.34,1
21,D,1.4333054479,53.28,1.4792673887,43.07,7.73,4.78,620.11,189.77,9.05,119.29,33.75,19.62,0.47,942.41,18.21,122.84,1876.02,31.136032948,27.36,1,1.5,1,0.43,0,43.07,0,7.73,0,4.78,0,620.11,0,119.29,0,33.75,0,0.47,1,,0,27.36,21,942.41,0
18,D,1.4333054479,41.53,1.4792673887,6.41,4.8656017695,3.32,33.771419926,144.93,5.17,7.1410713952,7.4988674271,6.01,2.37,686.49,7.03,140.91,697.71,31.136032948,14.620846939,1,,1,0.43,0,6.41,1,2.13,0,3.32,1,29.79,1,,1,8.61,0,2.37,1,,1,1.6,21,686.49,0
3,D,3.91,11.79,7.92,60.9,7.01,9.63,33.771419926,47.19,33.27,122.01,68.01,19.15,0.2750645383,410.73,6.97,31.09,2058.43,31.136032948,184.5,0,3.91,0,7.92,0,60.9,0,7.01,0,9.63,1,18.21,0,122.01,0,68.01,1,0.21,1,,0,184.5,21,410.73,0
4,C,7.58,13.47,16.45,69.73,17.76,20.91,70.31,41.07,47.32,220.43,115.36,21.03,4.98,1041.31,6.77,49.45,2436.06,31.136032948,110.2,0,7.58,0,16.45,0,69.73,0,17.76,0,20.91,0,70.31,0,220.43,0,115.36,0,4.98,1,,0,110.2,22,1041.31,0
22,C,1.4333054479,46.11,1.4792673887,20.86,4.8656017695,2.0159614365,363.68,78.61,5.17,28.26,7.4988674271,9.16,0.2750645383,400.74,13.73,80.54,1157.16,31.136032948,49.82,1,,1,,0,20.86,1,2.5,1,1.25,0,363.68,0,28.26,1,7.72,1,0.13,1,,0,49.82,22,400.74,0
5,C,1.4333054479,56.07,4.77,55.55,18.98,8.47,376.27,219.48,34.51,162.62,89.46,16.32,2.27,708.48,10.7,214.75,1650.97,31.136032948,95.21,1,1.65,0,4.77,0,55.55,0,18.98,0,8.47,0,376.27,0,162.62,0,89.46,0,2.27,1,18.84,0,95.21,22,708.48,0
14,C,32.72,19.35,5.82,122.94,37.99,84.35,327.37,37.55,46.76,560.51,254.78,36.64,0.2750645383,1387.6,12.22,100.34,3221.84,74.87,760.84,0,32.72,0,5.82,0,122.94,0,37.99,0,84.35,0,327.37,0,560.51,0,254.78,1,,0,74.87,0,760.84,22,1387.6,0
28,C,2.43,66.7,1.4792673887,22.91,4.8656017695,2.0159614365,91.49,223.66,6.67,33.89,7.4988674271,9.37,1.68,356.3,9.81,84.91,1313.01,31.136032948,14.620846939,0,2.43,1,0.72,0,22.91,1,1.81,1,1.59,0,91.49,0,33.89,1,9.47,0,1.68,1,,1,17.77,22,356.3,0
12,C,1.4333054479,48.94,1.4792673887,31.09,4.8656017695,4.78,471.47,153.55,9.95,50.62,17.45,7.4,5.21,762.73,15.58,59.24,1417.89,31.136032948,98.65,1,1.5,1,1,0,31.09,1,5.44,0,4.78,0,471.47,0,50.62,0,17.45,0,5.21,1,,0,98.65,22,762.73,0
15,C,2.73,31.81,6.18,21.85,4.8656017695,15.92,572.1,59.25,45.94,135.58,40.86,13.19,5.09,1318.05,11.81,57.68,1272.53,31.136032948,141.12,0,2.73,0,6.18,0,21.85,1,6.24,0,15.92,0,572.1,0,135.58,0,40.86,0,5.09,1,,0,141.12,22,1318.05,0
29,C,14.84,45.84,34.07,140.34,33.18,13.46,290.53,112.03,69.8,686.61,368.62,39.03,3.17,518.66,11.91,151.64,3003.99,172.49,388.32,0,14.84,0,34.07,0,140.34,0,33.18,0,13.46,0,290.53,0,686.61,0,368.62,0,3.17,0,172.49,0,388.32,22,518.66,0
25,C,1.4333054479,33.36,1.4792673887,4.36,4.8656017695,5.27,767.23,196.93,5.79,86.51,7.4988674271,15.52,0.2750645383,1076.91,13.58,143.01,782.95,31.136032948,14.620846939,1,,1,1,0,4.36,1,2.16,0,5.27,0,767.23,0,86.51,1,,1,,1,,1,1.6,22,1076.91,0
13,C,1.4333054479,27.07,1.4792673887,39.43,4.8656017695,10.64,129.37,52.3,19.49,56.19,31.96,7.97,0.2750645383,693.81,4.73,60.59,1589.65,31.136032948,208.34,1,0.19,1,1.55,0,39.43,1,5.46,0,10.64,0,129.37,0,56.19,0,31.96,1,,1,,0,208.34,22,693.81,0
9,C,1.4333054479,62,1.4792673887,16.58,4.8656017695,2.0159614365,33.771419926,65.73,6.91,16.88,7.4988674271,4.99,0.2750645383,730.21,3.49,86.14,1157.16,31.136032948,14.620846939,1,,1,,0,16.58,1,1.99,1,1.59,1,,0,16.88,1,,1,,1,,1,15.35,22,730.21,0
8,C,1.4333054479,38.16,5.28,22.24,29.46,10.64,416.17,143.31,7.86,47.85,105.96,15.61,4.42,,12.61,93.33,1219.46,31.136032948,148.03,1,,0,5.28,0,22.24,0,29.46,0,10.64,0,416.17,0,47.85,0,105.96,0,4.42,1,15.77,0,148.03,22,1041.31,1
6,C,3.02,33.73,14.61,105.18,30.33,16.25,58.76,77.56,56.21,439.6,277.33,32.4,0.2750645383,59.34,12.14,98.48,2891.8,64.09,459.85,0,3.02,0,14.61,0,105.18,0,30.33,0,16.25,0,58.76,0,439.6,0,277.33,1,,0,64.09,0,459.85,22,59.34,0
11,C,7.26,14.7,10.94,45.43,11.55,25.11,613.6,28.2,38.35,161.05,77.89,15.79,1.94,745.5,7.1,41.71,1970.85,31.136032948,127.32,0,7.26,0,10.94,0,45.43,0,11.55,0,25.11,0,613.6,0,161.05,0,77.89,0,1.94,1,,0,127.32,22,745.5,0
1,C,1.4333054479,45.85,1.4792673887,15.86,4.8656017695,3.32,205.78,93.6,4.92,18.33,7.4988674271,4.75,0.2750645383,617.83,11.86,109.15,999.89,31.136032948,14.620846939,1,0.19,1,0.72,0,15.86,1,1.91,0,3.32,0,205.78,0,18.33,1,3.35,1,0.13,1,,1,5.53,22,617.83,0
10,C,1.4333054479,52.89,1.4792673887,23.6,4.8656017695,3.32,64.55,165.1,7.86,7.1410713952,24.29,8.3,0.2750645383,59.34,9.71,80.32,1372.32,31.136032948,125.13,1,0.85,1,1.29,0,23.6,1,2.5,0,3.32,0,64.55,1,8.26,0,24.29,1,0.06,1,,0,125.13,22,59.34,0
23,C,6.19,38.16,12.33,105.52,16.08,18.89,370.79,94.96,45.35,376.18,199.88,19.4,0.2750645383,452.94,9.9,75.73,2698.42,71.96,319.99,0,6.19,0,12.33,0,105.52,0,16.08,0,18.89,0,370.79,0,376.18,0,199.88,1,,0,71.96,0,319.99,22,452.94,0
16,C,1.4333054479,42.01,2.48,33.95,17.02,2.0159614365,33.771419926,248.47,26.57,1575.47,52.6,13.14,3.1,173.83,11.44,79.03,1676.01,31.136032948,40.4,1,,0,2.48,0,33.95,0,17.02,1,1.59,1,41.38,0,1575.47,0,52.6,0,3.1,1,,0,40.4,22,173.83,0
20,C,1.4333054479,30.05,1.4792673887,40.33,9.91,2.0159614365,466.07,229.37,8.69,115.21,188.67,17.45,0.2750645383,908.79,21.01,109.36,1779.37,31.136032948,14.620846939,1,1.51,1,1,0,40.33,0,9.91,1,,0,466.07,0,115.21,0,188.67,1,,1,6.07,1,15.34,22,908.79,0
7,C,7.02,36.37,8.7,103.16,23.91,9.63,2376.81,117.9,44.88,299.15,423.85,21.85,1.59,547.82,19.85,107.44,2365.78,31.136032948,111.35,0,7.02,0,8.7,0,103.16,0,23.91,0,9.63,0,2376.81,0,299.15,0,423.85,0,1.59,1,42.72,0,111.35,22,547.82,0
17,C,1.4333054479,36.13,1.4792673887,28.87,4.8656017695,2.0159614365,375,328.67,6.67,67.24,38,9.58,0.2750645383,253.24,19.66,52.44,1476.81,31.136032948,99.83,1,,1,1.57,0,28.87,1,4.22,1,2.26,0,375,0,67.24,0,38,1,,1,,0,99.83,22,253.24,0
19,D,6.04,41.65,11.97,38.25,17.77,12.56,462.14,367.13,47.99,138.28,157.62,45.47,14.85,1412.35,16.67,114.01,1717.19,31.136032948,115.95,0,6.04,0,11.97,0,38.25,0,17.77,0,12.56,0,462.14,0,138.28,0,157.62,0,14.85,1,,0,115.95,22,1412.35,0
26,D,1.4333054479,34.57,1.4792673887,3.031366776,4.8656017695,2.0159614365,289.48,78.54,3.51,7.1410713952,7.4988674271,3.34,0.2750645383,1205.1,5.41,42.87,429.91,31.136032948,14.620846939,1,0.53,1,1.14,1,2.56,1,3.44,1,2.26,0,289.48,1,,1,,1,0.13,1,,1,10.47,22,1205.1,0
24,D,2.73,47.43,1.4792673887,4.63,4.8656017695,2.0159614365,303.98,128.96,3.43,7.1410713952,7.4988674271,5.23,0.2750645383,1793.84,7.19,67.29,637.41,31.136032948,14.620846939,0,2.73,1,1.55,0,4.63,1,4.22,1,2.26,0,303.98,1,,1,3.35,1,,1,,1,15.34,22,1793.84,0
2,D,2.43,33.39,10.94,27.68,4.8656017695,5.84,442.57,113,55.24,121.98,97,18.04,0.2750645383,1794.45,13.4,155.88,1646,31.136032948,85.89,0,2.43,0,10.94,0,27.68,1,6.18,0,5.84,0,442.57,0,121.98,0,97,1,0.35,1,12.73,0,85.89,22,1794.45,0
27,D,3.18,39.04,10.77,39.75,11.21,4.37,33.771419926,120.23,52.23,108.39,71.95,21.66,2.37,,10.7,86.65,1732.97,31.136032948,41.59,0,3.18,0,10.77,0,39.75,0,11.21,0,4.37,1,26.9,0,108.39,0,71.95,0,2.37,1,,0,41.59,22,253.24,1
21,D,1.4333054479,53.28,1.4792673887,43.07,7.73,4.78,620.11,189.77,9.05,119.29,33.75,19.62,0.47,942.41,18.21,122.84,1876.02,31.136032948,27.36,1,1.5,1,0.43,0,43.07,0,7.73,0,4.78,0,620.11,0,119.29,0,33.75,0,0.47,1,,0,27.36,22,942.41,0
18,D,1.4333054479,41.53,1.4792673887,6.41,4.8656017695,3.32,33.771419926,144.93,5.17,7.1410713952,7.4988674271,6.01,2.37,686.49,7.03,140.91,697.71,31.136032948,14.620846939,1,,1,0.43,0,6.41,1,2.13,0,3.32,1,29.79,1,,1,8.61,0,2.37,1,,1,1.6,22,686.49,0
3,D,3.91,11.79,7.92,60.9,7.01,9.63,33.771419926,47.19,33.27,122.01,68.01,19.15,0.2750645383,410.73,6.97,31.09,2058.43,31.136032948,184.5,0,3.91,0,7.92,0,60.9,0,7.01,0,9.63,1,18.21,0,122.01,0,68.01,1,0.21,1,,0,184.5,22,410.73,0
4,C,7.58,13.47,16.45,69.73,17.76,20.91,70.31,41.07,47.32,220.43,115.36,21.03,4.98,1041.31,6.77,49.45,2436.06,31.136032948,110.2,0,7.58,0,16.45,0,69.73,0,17.76,0,20.91,0,70.31,0,220.43,0,115.36,0,4.98,1,,0,110.2,23,1041.31,0
22,C,1.4333054479,46.11,1.4792673887,20.86,4.8656017695,2.0159614365,363.68,78.61,5.17,28.26,7.4988674271,9.16,0.2750645383,400.74,13.73,80.54,1157.16,31.136032948,49.82,1,,1,,0,20.86,1,2.5,1,1.25,0,363.68,0,28.26,1,7.72,1,0.13,1,,0,49.82,23,400.74,0
5,C,1.4333054479,56.07,4.77,55.55,18.98,8.47,376.27,219.48,34.51,162.62,89.46,16.32,2.27,708.48,10.7,214.75,1650.97,31.136032948,95.21,1,1.65,0,4.77,0,55.55,0,18.98,0,8.47,0,376.27,0,162.62,0,89.46,0,2.27,1,18.84,0,95.21,23,708.48,0
14,C,32.72,19.35,5.82,122.94,37.99,84.35,327.37,37.55,46.76,560.51,254.78,36.64,0.2750645383,1387.6,12.22,100.34,3221.84,74.87,760.84,0,32.72,0,5.82,0,122.94,0,37.99,0,84.35,0,327.37,0,560.51,0,254.78,1,,0,74.87,0,760.84,23,1387.6,0
28,C,2.43,66.7,1.4792673887,22.91,4.8656017695,2.0159614365,91.49,223.66,6.67,33.89,7.4988674271,9.37,1.68,356.3,9.81,84.91,1313.01,31.136032948,14.620846939,0,2.43,1,0.72,0,22.91,1,1.81,1,1.59,0,91.49,0,33.89,1,9.47,0,1.68,1,,1,17.77,23,356.3,0
12,C,1.4333054479,48.94,1.4792673887,31.09,4.8656017695,4.78,471.47,153.55,9.95,50.62,17.45,7.4,5.21,762.73,15.58,59.24,1417.89,31.136032948,98.65,1,1.5,1,1,0,31.09,1,5.44,0,4.78,0,471.47,0,50.62,0,17.45,0,5.21,1,,0,98.65,23,762.73,0
15,C,2.73,31.81,6.18,21.85,4.8656017695,15.92,572.1,59.25,45.94,135.58,40.86,13.19,5.09,1318.05,11.81,57.68,1272.53,31.136032948,141.12,0,2.73,0,6.18,0,21.85,1,6.24,0,15.92,0,572.1,0,135.58,0,40.86,0,5.09,1,,0,141.12,23,1318.05,0
29,C,14.84,45.84,34.07,140.34,33.18,13.46,290.53,112.03,69.8,686.61,368.62,39.03,3.17,518.66,11.91,151.64,3003.99,172.49,388.32,0,14.84,0,34.07,0,140.34,0,33.18,0,13.46,0,290.53,0,686.61,0,368.62,0,3.17,0,172.49,0,388.32,23,518.66,0
25,C,1.4333054479,33.36,1.4792673887,4.36,4.8656017695,5.27,767.23,196.93,5.79,86.51,7.4988674271,15.52,0.2750645383,1076.91,13.58,143.01,782.95,31.136032948,14.620846939,1,,1,1,0,4.36,1,2.16,0,5.27,0,767.23,0,86.51,1,,1,,1,,1,1.6,23,1076.91,0
13,C,1.4333054479,27.07,1.4792673887,39.43,4.8656017695,10.64,129.37,52.3,19.49,56.19,31.96,7.97,0.2750645383,693.81,4.73,60.59,1589.65,31.136032948,208.34,1,0.19,1,1.55,0,39.43,1,5.46,0,10.64,0,129.37,0,56.19,0,31.96,1,,1,,0,208.34,23,693.81,0
9,C,1.4333054479,62,1.4792673887,16.58,4.8656017695,2.0159614365,33.771419926,65.73,6.91,16.88,7.4988674271,4.99,0.2750645383,730.21,3.49,86.14,1157.16,31.136032948,14.620846939,1,,1,,0,16.58,1,1.99,1,1.59,1,,0,16.88,1,,1,,1,,1,15.35,23,730.21,0
8,C,1.4333054479,38.16,5.28,22.24,29.46,10.64,416.17,143.31,7.86,47.85,105.96,15.61,4.42,,12.61,93.33,1219.46,31.136032948,148.03,1,,0,5.28,0,22.24,0,29.46,0,10.64,0,416.17,0,47.85,0,105.96,0,4.42,1,15.77,0,148.03,23,1041.31,1
6,C,3.02,33.73,14.61,105.18,30.33,16.25,58.76,77.56,56.21,439.6,277.33,32.4,0.2750645383,59.34,12.14,98.48,2891.8,64.09,459.85,0,3.02,0,14.61,0,105.18,0,30.33,0,16.25,0,58.76,0,439.6,0,277.33,1,,0,64.09,0,459.85,23,59.34,0
11,C,7.26,14.7,10.94,45.43,11.55,25.11,613.6,28.2,38.35,161.05,77.89,15.79,1.94,745.5,7.1,41.71,1970.85,31.136032948,127.32,0,7.26,0,10.94,0,45.43,0,11.55,0,25.11,0,613.6,0,161.05,0,77.89,0,1.94,1,,0,127.32,23,745.5,0
1,C,1.4333054479,45.85,1.4792673887,15.86,4.8656017695,3.32,205.78,93.6,4.92,18.33,7.4988674271,4.75,0.2750645383,617.83,11.86,109.15,999.89,31.136032948,14.620846939,1,0.19,1,0.72,0,15.86,1,1.91,0,3.32,0,205.78,0,18.33,1,3.35,1,0.13,1,,1,5.53,23,617.83,0
10,C,1.4333054479,52.89,1.4792673887,23.6,4.8656017695,3.32,64.55,165.1,7.86,7.1410713952,24.29,8.3,0.2750645383,59.34,9.71,80.32,1372.32,31.136032948,125.13,1,0.85,1,1.29,0,23.6,1,2.5,0,3.32,0,64.55,1,8.26,0,24.29,1,0.06,1,,0,125.13,23,59.34,0
23,C,6.19,38.16,12.33,105.52,16.08,18.89,370.79,94.96,45.35,376.18,199.88,19.4,0.2750645383,452.94,9.9,75.73,2698.42,71.96,319.99,0,6.19,0,12.33,0,105.52,0,16.08,0,18.89,0,370.79,0,376.18,0,199.88,1,,0,71.96,0,319.99,23,452.94,0
16,C,1.4333054479,42.01,2.48,33.95,17.02,2.0159614365,33.771419926,248.47,26.57,1575.47,52.6,13.14,3.1,173.83,11.44,79.03,1676.01,31.136032948,40.4,1,,0,2.48,0,33.95,0,17.02,1,1.59,1,41.38,0,1575.47,0,52.6,0,3.1,1,,0,40.4,23,173.83,0
20,C,1.4333054479,30.05,1.4792673887,40.33,9.91,2.0159614365,466.07,229.37,8.69,115.21,188.67,17.45,0.2750645383,908.79,21.01,109.36,1779.37,31.136032948,14.620846939,1,1.51,1,1,0,40.33,0,9.91,1,,0,466.07,0,115.21,0,188.67,1,,1,6.07,1,15.34,23,908.79,0
7,C,7.02,36.37,8.7,103.16,23.91,9.63,2376.81,117.9,44.88,299.15,423.85,21.85,1.59,547.82,19.85,107.44,2365.78,31.136032948,111.35,0,7.02,0,8.7,0,103.16,0,23.91,0,9.63,0,2376.81,0,299.15,0,423.85,0,1.59,1,42.72,0,111.35,23,547.82,0
17,C,1.4333054479,36.13,1.4792673887,28.87,4.8656017695,2.0159614365,375,328.67,6.67,67.24,38,9.58,0.2750645383,253.24,19.66,52.44,1476.81,31.136032948,99.83,1,,1,1.57,0,28.87,1,4.22,1,2.26,0,375,0,67.24,0,38,1,,1,,0,99.83,23,253.24,0
19,D,6.04,41.65,11.97,38.25,17.77,12.56,462.14,367.13,47.99,138.28,157.62,45.47,14.85,1412.35,16.67,114.01,1717.19,31.136032948,115.95,0,6.04,0,11.97,0,38.25,0,17.77,0,12.56,0,462.14,0,138.28,0,157.62,0,14.85,1,,0,115.95,23,1412.35,0
26,D,1.4333054479,34.57,1.4792673887,3.031366776,4.8656017695,2.0159614365,289.48,78.54,3.51,7.1410713952,7.4988674271,3.34,0.2750645383,1205.1,5.41,42.87,429.91,31.136032948,14.620846939,1,0.53,1,1.14,1,2.56,1,3.44,1,2.26,0,289.48,1,,1,,1,0.13,1,,1,10.47,23,1205.1,0
24,D,2.73,47.43,1.4792673887,4.63,4.8656017695,2.0159614365,303.98,128.96,3.43,7.1410713952,7.4988674271,5.23,0.2750645383,1793.84,7.19,67.29,637.41,31.136032948,14.620846939,0,2.73,1,1.55,0,4.63,1,4.22,1,2.26,0,303.98,1,,1,3.35,1,,1,,1,15.34,23,1793.84,0
2,D,2.43,33.39,10.94,27.68,4.8656017695,5.84,442.57,113,55.24,121.98,97,18.04,0.2750645383,1794.45,13.4,155.88,1646,31.136032948,85.89,0,2.43,0,10.94,0,27.68,1,6.18,0,5.84,0,442.57,0,121.98,0,97,1,0.35,1,12.73,0,85.89,23,1794.45,0
27,D,3.18,39.04,10.77,39.75,11.21,4.37,33.771419926,120.23,52.23,108.39,71.95,21.66,2.37,,10.7,86.65,1732.97,31.136032948,41.59,0,3.18,0,10.77,0,39.75,0,11.21,0,4.37,1,26.9,0,108.39,0,71.95,0,2.37,1,,0,41.59,23,708.48,1
21,D,1.4333054479,53.28,1.4792673887,43.07,7.73,4.78,620.11,189.77,9.05,119.29,33.75,19.62,0.47,942.41,18.21,122.84,1876.02,31.136032948,27.36,1,1.5,1,0.43,0,43.07,0,7.73,0,4.78,0,620.11,0,119.29,0,33.75,0,0.47,1,,0,27.36,23,942.41,0
18,D,1.4333054479,41.53,1.4792673887,6.41,4.8656017695,3.32,33.771419926,144.93,5.17,7.1410713952,7.4988674271,6.01,2.37,686.49,7.03,140.91,697.71,31.136032948,14.620846939,1,,1,0.43,0,6.41,1,2.13,0,3.32,1,29.79,1,,1,8.61,0,2.37,1,,1,1.6,23,686.49,0
3,D,3.91,11.79,7.92,60.9,7.01,9.63,33.771419926,47.19,33.27,122.01,68.01,19.15,0.2750645383,410.73,6.97,31.09,2058.43,31.136032948,184.5,0,3.91,0,7.92,0,60.9,0,7.01,0,9.63,1,18.21,0,122.01,0,68.01,1,0.21,1,,0,184.5,23,410.73,0
4,C,7.58,13.47,16.45,69.73,17.76,20.91,70.31,41.07,47.32,220.43,115.36,21.03,4.98,1041.31,6.77,49.45,2436.06,31.136032948,110.2,0,7.58,0,16.45,0,69.73,0,17.76,0,20.91,0,70.31,0,220.43,0,115.36,0,4.98,1,,0,110.2,24,1041.31,0
22,C,1.4333054479,46.11,1.4792673887,20.86,4.8656017695,2.0159614365,363.68,78.61,5.17,28.26,7.4988674271,9.16,0.2750645383,400.74,13.73,80.54,1157.16,31.136032948,49.82,1,,1,,0,20.86,1,2.5,1,1.25,0,363.68,0,28.26,1,7.72,1,0.13,1,,0,49.82,24,400.74,0
5,C,1.4333054479,56.07,4.77,55.55,18.98,8.47,376.27,219.48,34.51,162.62,89.46,16.32,2.27,708.48,10.7,214.75,1650.97,31.136032948,95.21,1,1.65,0,4.77,0,55.55,0,18.98,0,8.47,0,376.27,0,162.62,0,89.46,0,2.27,1,18.84,0,95.21,24,708.48,0
14,C,32.72,19.35,5.82,122.94,37.99,84.35,327.37,37.55,46.76,560.51,254.78,36.64,0.2750645383,1387.6,12.22,100.34,3221.84,74.87,760.84,0,32.72,0,5.82,0,122.94,0,37.99,0,84.35,0,327.37,0,560.51,0,254.78,1,,0,74.87,0,760.84,24,1387.6,0
28,C,2.43,66.7,1.4792673887,22.91,4.8656017695,2.0159614365,91.49,223.66,6.67,33.89,7.4988674271,9.37,1.68,356.3,9.81,84.91,1313.01,31.136032948,14.620846939,0,2.43,1,0.72,0,22.91,1,1.81,1,1.59,0,91.49,0,33.89,1,9.47,0,1.68,1,,1,17.77,24,356.3,0
12,C,1.4333054479,48.94,1.4792673887,31.09,4.8656017695,4.78,471.47,153.55,9.95,50.62,17.45,7.4,5.21,762.73,15.58,59.24,1417.89,31.136032948,98.65,1,1.5,1,1,0,31.09,1,5.44,0,4.78,0,471.47,0,50.62,0,17.45,0,5.21,1,,0,98.65,24,762.73,0
15,C,2.73,31.81,6.18,21.85,4.8656017695,15.92,572.1,59.25,45.94,135.58,40.86,13.19,5.09,1318.05,11.81,57.68,1272.53,31.136032948,141.12,0,2.73,0,6.18,0,21.85,1,6.24,0,15.92,0,572.1,0,135.58,0,40.86,0,5.09,1,,0,141.12,24,1318.05,0
29,C,14.84,45.84,34.07,140.34,33.18,13.46,290.53,112.03,69.8,686.61,368.62,39.03,3.17,518.66,11.91,151.64,3003.99,172.49,388.32,0,14.84,0,34.07,0,140.34,0,33.18,0,13.46,0,290.53,0,686.61,0,368.62,0,3.17,0,172.49,0,388.32,24,518.66,0
25,C,1.4333054479,33.36,1.4792673887,4.36,4.8656017695,5.27,767.23,196.93,5.79,86.51,7.4988674271,15.52,0.2750645383,1076.91,13.58,143.01,782.95,31.136032948,14.620846939,1,,1,1,0,4.36,1,2.16,0,5.27,0,767.23,0,86.51,1,,1,,1,,1,1.6,24,1076.91,0
13,C,1.4333054479,27.07,1.4792673887,39.43,4.8656017695,10.64,129.37,52.3,19.49,56.19,31.96,7.97,0.2750645383,693.81,4.73,60.59,1589.65,31.136032948,208.34,1,0.19,1,1.55,0,39.43,1,5.46,0,10.64,0,129.37,0,56.19,0,31.96,1,,1,,0,208.34,24,693.81,0
9,C,1.4333054479,62,1.4792673887,16.58,4.8656017695,2.0159614365,33.771419926,65.73,6.91,16.88,7.4988674271,4.99,0.2750645383,730.21,3.49,86.14,1157.16,31.136032948,14.620846939,1,,1,,0,16.58,1,1.99,1,1.59,1,,0,16.88,1,,1,,1,,1,15.35,24,730.21,0
8,C,1.4333054479,38.16,5.28,22.24,29.46,10.64,416.17,143.31,7.86,47.85,105.96,15.61,4.42,,12.61,93.33,1219.46,31.136032948,148.03,1,,0,5.28,0,22.24,0,29.46,0,10.64,0,416.17,0,47.85,0,105.96,0,4.42,1,15.77,0,148.03,24,253.24,1
6,C,3.02,33.73,14.61,105.18,30.33,16.25,58.76,77.56,56.21,439.6,277.33,32.4,0.2750645383,59.34,12.14,98.48,2891.8,64.09,459.85,0,3.02,0,14.61,0,105.18,0,30.33,0,16.25,0,58.76,0,439.6,0,277.33,1,,0,64.09,0,459.85,24,59.34,0
11,C,7.26,14.7,10.94,45.43,11.55,25.11,613.6,28.2,38.35,161.05,77.89,15.79,1.94,745.5,7.1,41.71,1970.85,31.136032948,127.32,0,7.26,0,10.94,0,45.43,0,11.55,0,25.11,0,613.6,0,161.05,0,77.89,0,1.94,1,,0,127.32,24,745.5,0
1,C,1.4333054479,45.85,1.4792673887,15.86,4.8656017695,3.32,205.78,93.6,4.92,18.33,7.4988674271,4.75,0.2750645383,617.83,11.86,109.15,999.89,31.136032948,14.620846939,1,0.19,1,0.72,0,15.86,1,1.91,0,3.32,0,205.78,0,18.33,1,3.35,1,0.13,1,,1,5.53,24,617.83,0
10,C,1.4333054479,52.89,1.4792673887,23.6,4.8656017695,3.32,64.55,165.1,7.86,7.1410713952,24.29,8.3,0.2750645383,59.34,9.71,80.32,1372.32,31.136032948,125.13,1,0.85,1,1.29,0,23.6,1,2.5,0,3.32,0,64.55,1,8.26,0,24.29,1,0.06,1,,0,125.13,24,59.34,0
23,C,6.19,38.16,12.33,105.52,16.08,18.89,370.79,94.96,45.35,376.18,199.88,19.4,0.2750645383,452.94,9.9,75.73,2698.42,71.96,319.99,0,6.19,0,12.33,0,105.52,0,16.08,0,18.89,0,370.79,0,376.18,0,199.88,1,,0,71.96,0,319.99,24,452.94,0
16,C,1.4333054479,42.01,2.48,33.95,17.02,2.0159614365,33.771419926,248.47,26.57,1575.47,52.6,13.14,3.1,173.83,11.44,79.03,1676.01,31.136032948,40.4,1,,0,2.48,0,33.95,0,17.02,1,1.59,1,41.38,0,1575.47,0,52.6,0,3.1,1,,0,40.4,24,173.83,0
20,C,1.4333054479,30.05,1.4792673887,40.33,9.91,2.0159614365,466.07,229.37,8.69,115.21,188.67,17.45,0.2750645383,908.79,21.01,109.36,1779.37,31.136032948,14.620846939,1,1.51,1,1,0,40.33,0,9.91,1,,0,466.07,0,115.21,0,188.67,1,,1,6.07,1,15.34,24,908.79,0
7,C,7.02,36.37,8.7,103.16,23.91,9.63,2376.81,117.9,44.88,299.15,423.85,21.85,1.59,547.82,19.85,107.44,2365.78,31.136032948,111.35,0,7.02,0,8.7,0,103.16,0,23.91,0,9.63,0,2376.81,0,299.15,0,423.85,0,1.59,1,42.72,0,111.35,24,547.82,0
17,C,1.4333054479,36.13,1.4792673887,28.87,4.8656017695,2.0159614365,375,328.67,6.67,67.24,38,9.58,0.2750645383,253.24,19.66,52.44,1476.81,31.136032948,99.83,1,,1,1.57,0,28.87,1,4.22,1,2.26,0,375,0,67.24,0,38,1,,1,,0,99.83,24,253.24,0
19,D,6.04,41.65,11.97,38.25,17.77,12.56,462.14,367.13,47.99,138.28,157.62,45.47,14.85,1412.35,16.67,114.01,1717.19,31.136032948,115.95,0,6.04,0,11.97,0,38.25,0,17.77,0,12.56,0,462.14,0,138.28,0,157.62,0,14.85,1,,0,115.95,24,1412.35,0
26,D,1.4333054479,34.57,1.4792673887,3.031366776,4.8656017695,2.0159614365,289.48,78.54,3.51,7.1410713952,7.4988674271,3.34,0.2750645383,1205.1,5.41,42.87,429.91,31.136032948,14.620846939,1,0.53,1,1.14,1,2.56,1,3.44,1,2.26,0,289.48,1,,1,,1,0.13,1,,1,10.47,24,1205.1,0
24,D,2.73,47.43,1.4792673887,4.63,4.8656017695,2.0159614365,303.98,128.96,3.43,7.1410713952,7.4988674271,5.23,0.2750645383,1793.84,7.19,67.29,637.41,31.136032948,14.620846939,0,2.73,1,1.55,0,4.63,1,4.22,1,2.26,0,303.98,1,,1,3.35,1,,1,,1,15.34,24,1793.84,0
2,D,2.43,33.39,10.94,27.68,4.8656017695,5.84,442.57,113,55.24,121.98,97,18.04,0.2750645383,1794.45,13.4,155.88,1646,31.136032948,85.89,0,2.43,0,10.94,0,27.68,1,6.18,0,5.84,0,442.57,0,121.98,0,97,1,0.35,1,12.73,0,85.89,24,1794.45,0
27,D,3.18,39.04,10.77,39.75,11.21,4.37,33.771419926,120.23,52.23,108.39,71.95,21.66,2.37,,10.7,86.65,1732.97,31.136032948,41.59,0,3.18,0,10.77,0,39.75,0,11.21,0,4.37,1,26.9,0,108.39,0,71.95,0,2.37,1,,0,41.59,24,410.73,1
21,D,1.4333054479,53.28,1.4792673887,43.07,7.73,4.78,620.11,189.77,9.05,119.29,33.75,19.62,0.47,942.41,18.21,122.84,1876.02,31.136032948,27.36,1,1.5,1,0.43,0,43.07,0,7.73,0,4.78,0,620.11,0,119.29,0,33.75,0,0.47,1,,0,27.36,24,942.41,0
18,D,1.4333054479,41.53,1.4792673887,6.41,4.8656017695,3.32,33.771419926,144.93,5.17,7.1410713952,7.4988674271,6.01,2.37,686.49,7.03,140.91,697.71,31.136032948,14.620846939,1,,1,0.43,0,6.41,1,2.13,0,3.32,1,29.79,1,,1,8.61,0,2.37,1,,1,1.6,24,686.49,0
3,D,3.91,11.79,7.92,60.9,7.01,9.63,33.771419926,47.19,33.27,122.01,68.01,19.15,0.2750645383,410.73,6.97,31.09,2058.43,31.136032948,184.5,0,3.91,0,7.92,0,60.9,0,7.01,0,9.63,1,18.21,0,122.01,0,68.01,1,0.21,1,,0,184.5,24,410.73,0
4,C,7.58,13.47,16.45,69.73,17.76,20.91,70.31,41.07,47.32,220.43,115.36,21.03,4.98,1041.31,6.77,49.45,2436.06,31.136032948,110.2,0,7.58,0,16.45,0,69.73,0,17.76,0,20.91,0,70.31,0,220.43,0,115.36,0,4.98,1,,0,110.2,25,1041.31,0
22,C,1.4333054479,46.11,1.4792673887,20.86,4.8656017695,2.0159614365,363.68,78.61,5.17,28.26,7.4988674271,9.16,0.2750645383,400.74,13.73,80.54,1157.16,31.136032948,49.82,1,,1,,0,20.86,1,2.5,1,1.25,0,363.68,0,28.26,1,7.72,1,0.13,1,,0,49.82,25,400.74,0
5,C,1.4333054479,56.07,4.77,55.55,18.98,8.47,376.27,219.48,34.51,162.62,89.46,16.32,2.27,708.48,10.7,214.75,1650.97,31.136032948,95.21,1,1.65,0,4.77,0,55.55,0,18.98,0,8.47,0,376.27,0,162.62,0,89.46,0,2.27,1,18.84,0,95.21,25,708.48,0
14,C,32.72,19.35,5.82,122.94,37.99,84.35,327.37,37.55,46.76,560.51,254.78,36.64,0.2750645383,1387.6,12.22,100.34,3221.84,74.87,760.84,0,32.72,0,5.82,0,122.94,0,37.99,0,84.35,0,327.37,0,560.51,0,254.78,1,,0,74.87,0,760.84,25,1387.6,0
28,C,2.43,66.7,1.4792673887,22.91,4.8656017695,2.0159614365,91.49,223.66,6.67,33.89,7.4988674271,9.37,1.68,356.3,9.81,84.91,1313.01,31.136032948,14.620846939,0,2.43,1,0.72,0,22.91,1,1.81,1,1.59,0,91.49,0,33.89,1,9.47,0,1.68,1,,1,17.77,25,356.3,0
12,C,1.4333054479,48.94,1.4792673887,31.09,4.8656017695,4.78,471.47,153.55,9.95,50.62,17.45,7.4,5.21,762.73,15.58,59.24,1417.89,31.136032948,98.65,1,1.5,1,1,0,31.09,1,5.44,0,4.78,0,471.47,0,50.62,0,17.45,0,5.21,1,,0,98.65,25,762.73,0
15,C,2.73,31.81,6.18,21.85,4.8656017695,15.92,572.1,59.25,45.94,135.58,40.86,13.19,5.09,1318.05,11.81,57.68,1272.53,31.136032948,141.12,0,2.73,0,6.18,0,21.85,1,6.24,0,15.92,0,572.1,0,135.58,0,40.86,0,5.09,1,,0,141.12,25,1318.05,0
29,C,14.84,45.84,34.07,140.34,33.18,13.46,290.53,112.03,69.8,686.61,368.62,39.03,3.17,518.66,11.91,151.64,3003.99,172.49,388.32,0,14.84,0,34.07,0,140.34,0,33.18,0,13.46,0,290.53,0,686.61,0,368.62,0,3.17,0,172.49,0,388.32,25,518.66,0
25,C,1.4333054479,33.36,1.4792673887,4.36,4.8656017695,5.27,767.23,196.93,5.79,86.51,7.4988674271,15.52,0.2750645383,1076.91,13.58,143.01,782.95,31.136032948,14.620846939,1,,1,1,0,4.36,1,2.16,0,5.27,0,767.23,0,86.51,1,,1,,1,,1,1.6,25,1076.91,0
13,C,1.4333054479,27.07,1.4792673887,39.43,4.8656017695,10.64,129.37,52.3,19.49,56.19,31.96,7.97,0.2750645383,693.81,4.73,60.59,1589.65,31.136032948,208.34,1,0.19,1,1.55,0,39.43,1,5.46,0,10.64,0,129.37,0,56.19,0,31.96,1,,1,,0,208.34,25,693.81,0
9,C,1.4333054479,62,1.4792673887,16.58,4.8656017695,2.0159614365,33.771419926,65.73,6.91,16.88,7.4988674271,4.99,0.2750645383,730.21,3.49,86.14,1157.16,31.136032948,14.620846939,1,,1,,0,16.58,1,1.99,1,1.59,1,,0,16.88,1,,1,,1,,1,15.35,25,730.21,0
8,C,1.4333054479,38.16,5.28,22.24,29.46,10.64,416.17,143.31,7.86,47.85,105.96,15.61,4.42,,12.61,93.33,1219.46,31.136032948,148.03,1,,0,5.28,0,22.24,0,29.46,0,10.64,0,416.17,0,47.85,0,105.96,0,4.42,1,15.77,0,148.03,25,547.82,1
6,C,3.02,33.73,14.61,105.18,30.33,16.25,58.76,77.56,56.21,439.6,277.33,32.4,0.2750645383,59.34,12.14,98.48,2891.8,64.09,459.85,0,3.02,0,14.61,0,105.18,0,30.33,0,16.25,0,58.76,0,439.6,0,277.33,1,,0,64.09,0,459.85,25,59.34,0
11,C,7.26,14.7,10.94,45.43,11.55,25.11,613.6,28.2,38.35,161.05,77.89,15.79,1.94,745.5,7.1,41.71,1970.85,31.136032948,127.32,0,7.26,0,10.94,0,45.43,0,11.55,0,25.11,0,613.6,0,161.05,0,77.89,0,1.94,1,,0,127.32,25,745.5,0
1,C,1.4333054479,45.85,1.4792673887,15.86,4.8656017695,3.32,205.78,93.6,4.92,18.33,7.4988674271,4.75,0.2750645383,617.83,11.86,109.15,999.89,31.136032948,14.620846939,1,0.19,1,0.72,0,15.86,1,1.91,0,3.32,0,205.78,0,18.33,1,3.35,1,0.13,1,,1,5.53,25,617.83,0
10,C,1.4333054479,52.89,1.4792673887,23.6,4.8656017695,3.32,64.55,165.1,7.86,7.1410713952,24.29,8.3,0.2750645383,59.34,9.71,80.32,1372.32,31.136032948,125.13,1,0.85,1,1.29,0,23.6,1,2.5,0,3.32,0,64.55,1,8.26,0,24.29,1,0.06,1,,0,125.13,25,59.34,0
23,C,6.19,38.16,12.33,105.52,16.08,18.89,370.79,94.96,45.35,376.18,199.88,19.4,0.2750645383,452.94,9.9,75.73,2698.42,71.96,319.99,0,6.19,0,12.33,0,105.52,0,16.08,0,18.89,0,370.79,0,376.18,0,199.88,1,,0,71.96,0,319.99,25,452.94,0
16,C,1.4333054479,42.01,2.48,33.95,17.02,2.0159614365,33.771419926,248.47,26.57,1575.47,52.6,13.14,3.1,173.83,11.44,79.03,1676.01,31.136032948,40.4,1,,0,2.48,0,33.95,0,17.02,1,1.59,1,41.38,0,1575.47,0,52.6,0,3.1,1,,0,40.4,25,173.83,0
20,C,1.4333054479,30.05,1.4792673887,40.33,9.91,2.0159614365,466.07,229.37,8.69,115.21,188.67,17.45,0.2750645383,908.79,21.01,109.36,1779.37,31.136032948,14.620846939,1,1.51,1,1,0,40.33,0,9.91,1,,0,466.07,0,115.21,0,188.67,1,,1,6.07,1,15.34,25,908.79,0
7,C,7.02,36.37,8.7,103.16,23.91,9.63,2376.81,117.9,44.88,299.15,423.85,21.85,1.59,547.82,19.85,107.44,2365.78,31.136032948,111.35,0,7.02,0,8.7,0,103.16,0,23.91,0,9.63,0,2376.81,0,299.15,0,423.85,0,1.59,1,42.72,0,111.35,25,547.82,0
17,C,1.4333054479,36.13,1.4792673887,28.87,4.8656017695,2.0159614365,375,328.67,6.67,67.24,38,9.58,0.2750645383,253.24,19.66,52.44,1476.81,31.136032948,99.83,1,,1,1.57,0,28.87,1,4.22,1,2.26,0,375,0,67.24,0,38,1,,1,,0,99.83,25,253.24,0
19,D,6.04,41.65,11.97,38.25,17.77,12.56,462.14,367.13,47.99,138.28,157.62,45.47,14.85,1412.35,16.67,114.01,1717.19,31.136032948,115.95,0,6.04,0,11.97,0,38.25,0,17.77,0,12.56,0,462.14,0,138.28,0,157.62,0,14.85,1,,0,115.95,25,1412.35,0
26,D,1.4333054479,34.57,1.4792673887,3.031366776,4.8656017695,2.0159614365,289.48,78.54,3.51,7.1410713952,7.4988674271,3.34,0.2750645383,1205.1,5.41,42.87,429.91,31.136032948,14.620846939,1,0.53,1,1.14,1,2.56,1,3.44,1,2.26,0,289.48,1,,1,,1,0.13,1,,1,10.47,25,1205.1,0
24,D,2.73,47.43,1.4792673887,4.63,4.8656017695,2.0159614365,303.98,128.96,3.43,7.1410713952,7.4988674271,5.23,0.2750645383,1793.84,7.19,67.29,637.41,31.136032948,14.620846939,0,2.73,1,1.55,0,4.63,1,4.22,1,2.26,0,303.98,1,,1,3.35,1,,1,,1,15.34,25,1793.84,0
2,D,2.43,33.39,10.94,27.68,4.8656017695,5.84,442.57,113,55.24,121.98,97,18.04,0.2750645383,1794.45,13.4,155.88,1646,31.136032948,85.89,0,2.43,0,10.94,0,27.68,1,6.18,0,5.84,0,442.57,0,121.98,0,97,1,0.35,1,12.73,0,85.89,25,1794.45,0
27,D,3.18,39.04,10.77,39.75,11.21,4.37,33.771419926,120.23,52.23,108.39,71.95,21.66,2.37,,10.7,86.65,1732.97,31.136032948,41.59,0,3.18,0,10.77,0,39.75,0,11.21,0,4.37,1,26.9,0,108.39,0,71.95,0,2.37,1,,0,41.59,25,59.34,1
21,D,1.4333054479,53.28,1.4792673887,43.07,7.73,4.78,620.11,189.77,9.05,119.29,33.75,19.62,0.47,942.41,18.21,122.84,1876.02,31.136032948,27.36,1,1.5,1,0.43,0,43.07,0,7.73,0,4.78,0,620.11,0,119.29,0,33.75,0,0.47,1,,0,27.36,25,942.41,0
18,D,1.4333054479,41.53,1.4792673887,6.41,4.8656017695,3.32,33.771419926,144.93,5.17,7.1410713952,7.4988674271,6.01,2.37,686.49,7.03,140.91,697.71,31.136032948,14.620846939,1,,1,0.43,0,6.41,1,2.13,0,3.32,1,29.79,1,,1,8.61,0,2.37,1,,1,1.6,25,686.49,0
3,D,3.91,11.79,7.92,60.9,7.01,9.63,33.771419926,47.19,33.27,122.01,68.01,19.15,0.2750645383,410.73,6.97,31.09,2058.43,31.136032948,184.5,0,3.91,0,7.92,0,60.9,0,7.01,0,9.63,1,18.21,0,122.01,0,68.01,1,0.21,1,,0,184.5,25,410.73,0
4,C,7.58,13.47,16.45,69.73,17.76,20.91,70.31,41.07,47.32,220.43,115.36,21.03,4.98,1041.31,6.77,49.45,2436.06,31.136032948,110.2,0,7.58,0,16.45,0,69.73,0,17.76,0,20.91,0,70.31,0,220.43,0,115.36,0,4.98,1,,0,110.2,26,1041.31,0
22,C,1.4333054479,46.11,1.4792673887,20.86,4.8656017695,2.0159614365,363.68,78.61,5.17,28.26,7.4988674271,9.16,0.2750645383,400.74,13.73,80.54,1157.16,31.136032948,49.82,1,,1,,0,20.86,1,2.5,1,1.25,0,363.68,0,28.26,1,7.72,1,0.13,1,,0,49.82,26,400.74,0
5,C,1.4333054479,56.07,4.77,55.55,18.98,8.47,376.27,219.48,34.51,162.62,89.46,16.32,2.27,708.48,10.7,214.75,1650.97,31.136032948,95.21,1,1.65,0,4.77,0,55.55,0,18.98,0,8.47,0,376.27,0,162.62,0,89.46,0,2.27,1,18.84,0,95.21,26,708.48,0
14,C,32.72,19.35,5.82,122.94,37.99,84.35,327.37,37.55,46.76,560.51,254.78,36.64,0.2750645383,1387.6,12.22,100.34,3221.84,74.87,760.84,0,32.72,0,5.82,0,122.94,0,37.99,0,84.35,0,327.37,0,560.51,0,254.78,1,,0,74.87,0,760.84,26,1387.6,0
28,C,2.43,66.7,1.4792673887,22.91,4.8656017695,2.0159614365,91.49,223.66,6.67,33.89,7.4988674271,9.37,1.68,356.3,9.81,84.91,1313.01,31.136032948,14.620846939,0,2.43,1,0.72,0,22.91,1,1.81,1,1.59,0,91.49,0,33.89,1,9.47,0,1.68,1,,1,17.77,26,356.3,0
12,C,1.4333054479,48.94,1.4792673887,31.09,4.8656017695,4.78,471.47,153.55,9.95,50.62,17.45,7.4,5.21,762.73,15.58,59.24,1417.89,31.136032948,98.65,1,1.5,1,1,0,31.09,1,5.44,0,4.78,0,471.47,0,50.62,0,17.45,0,5.21,1,,0,98.65,26,762.73,0
15,C,2.73,31.81,6.18,21.85,4.8656017695,15.92,572.1,59.25,45.94,135.58,40.86,13.19,5.09,1318.05,11.81,57.68,1272.53,31.136032948,141.12,0,2.73,0,6.18,0,21.85,1,6.24,0,15.92,0,572.1,0,135.58,0,40.86,0,5.09,1,,0,141.12,26,1318.05,0
29,C,14.84,45.84,34.07,140.34,33.18,13.46,290.53,112.03,69.8,686.61,368.62,39.03,3.17,518.66,11.91,151.64,3003.99,172.49,388.32,0,14.84,0,34.07,0,140.34,0,33.18,0,13.46,0,290.53,0,686.61,0,368.62,0,3.17,0,172.49,0,388.32,26,518.66,0
25,C,1.4333054479,33.36,1.4792673887,4.36,4.8656017695,5.27,767.23,196.93,5.79,86.51,7.4988674271,15.52,0.2750645383,1076.91,13.58,143.01,782.95,31.136032948,14.620846939,1,,1,1,0,4.36,1,2.16,0,5.27,0,767.23,0,86.51,1,,1,,1,,1,1.6,26,1076.91,0
13,C,1.4333054479,27.07,1.4792673887,39.43,4.8656017695,10.64,129.37,52.3,19.49,56.19,31.96,7.97,0.2750645383,693.81,4.73,60.59,1589.65,31.136032948,208.34,1,0.19,1,1.55,0,39.43,1,5.46,0,10.64,0,129.37,0,56.19,0,31.96,1,,1,,0,208.34,26,693.81,0
9,C,1.4333054479,62,1.4792673887,16.58,4.8656017695,2.0159614365,33.771419926,65.73,6.91,16.88,7.4988674271,4.99,0.2750645383,730.21,3.49,86.14,1157.16,31.136032948,14.620846939,1,,1,,0,16.58,1,1.99,1,1.59,1,,0,16.88,1,,1,,1,,1,15.35,26,730.21,0
8,C,1.4333054479,38.16,5.28,22.24,29.46,10.64,416.17,143.31,7.86,47.85,105.96,15.61,4.42,,12.61,93.33,1219.46,31.136032948,148.03,1,,0,5.28,0,22.24,0,29.46,0,10.64,0,416.17,0,47.85,0,105.96,0,4.42,1,15.77,0,148.03,26,1041.31,1
6,C,3.02,33.73,14.61,105.18,30.33,16.25,58.76,77.56,56.21,439.6,277.33,32.4,0.2750645383,59.34,12.14,98.48,2891.8,64.09,459.85,0,3.02,0,14.61,0,105.18,0,30.33,0,16.25,0,58.76,0,439.6,0,277.33,1,,0,64.09,0,459.85,26,59.34,0
11,C,7.26,14.7,10.94,45.43,11.55,25.11,613.6,28.2,38.35,161.05,77.89,15.79,1.94,745.5,7.1,41.71,1970.85,31.136032948,127.32,0,7.26,0,10.94,0,45.43,0,11.55,0,25.11,0,613.6,0,161.05,0,77.89,0,1.94,1,,0,127.32,26,745.5,0
1,C,1.4333054479,45.85,1.4792673887,15.86,4.8656017695,3.32,205.78,93.6,4.92,18.33,7.4988674271,4.75,0.2750645383,617.83,11.86,109.15,999.89,31.136032948,14.620846939,1,0.19,1,0.72,0,15.86,1,1.91,0,3.32,0,205.78,0,18.33,1,3.35,1,0.13,1,,1,5.53,26,617.83,0
10,C,1.4333054479,52.89,1.4792673887,23.6,4.8656017695,3.32,64.55,165.1,7.86,7.1410713952,24.29,8.3,0.2750645383,59.34,9.71,80.32,1372.32,31.136032948,125.13,1,0.85,1,1.29,0,23.6,1,2.5,0,3.32,0,64.55,1,8.26,0,24.29,1,0.06,1,,0,125.13,26,59.34,0
23,C,6.19,38.16,12.33,105.52,16.08,18.89,370.79,94.96,45.35,376.18,199.88,19.4,0.2750645383,452.94,9.9,75.73,2698.42,71.96,319.99,0,6.19,0,12.33,0,105.52,0,16.08,0,18.89,0,370.79,0,376.18,0,199.88,1,,0,71.96,0,319.99,26,452.94,0
16,C,1.4333054479,42.01,2.48,33.95,17.02,2.0159614365,33.771419926,248.47,26.57,1575.47,52.6,13.14,3.1,173.83,11.44,79.03,1676.01,31.136032948,40.4,1,,0,2.48,0,33.95,0,17.02,1,1.59,1,41.38,0,1575.47,0,52.6,0,3.1,1,,0,40.4,26,173.83,0
20,C,1.4333054479,30.05,1.4792673887,40.33,9.91,2.0159614365,466.07,229.37,8.69,115.21,188.67,17.45,0.2750645383,908.79,21.01,109.36,1779.37,31.136032948,14.620846939,1,1.51,1,1,0,40.33,0,9.91,1,,0,466.07,0,115.21,0,188.67,1,,1,6.07,1,15.34,26,908.79,0
7,C,7.02,36.37,8.7,103.16,23.91,9.63,2376.81,117.9,44.88,299.15,423.85,21.85,1.59,547.82,19.85,107.44,2365.78,31.136032948,111.35,0,7.02,0,8.7,0,103.16,0,23.91,0,9.63,0,2376.81,0,299.15,0,423.85,0,1.59,1,42.72,0,111.35,26,547.82,0
17,C,1.4333054479,36.13,1.4792673887,28.87,4.8656017695,2.0159614365,375,328.67,6.67,67.24,38,9.58,0.2750645383,253.24,19.66,52.44,1476.81,31.136032948,99.83,1,,1,1.57,0,28.87,1,4.22,1,2.26,0,375,0,67.24,0,38,1,,1,,0,99.83,26,253.24,0
19,D,6.04,41.65,11.97,38.25,17.77,12.56,462.14,367.13,47.99,138.28,157.62,45.47,14.85,1412.35,16.67,114.01,1717.19,31.136032948,115.95,0,6.04,0,11.97,0,38.25,0,17.77,0,12.56,0,462.14,0,138.28,0,157.62,0,14.85,1,,0,115.95,26,1412.35,0
26,D,1.4333054479,34.57,1.4792673887,3.031366776,4.8656017695,2.0159614365,289.48,78.54,3.51,7.1410713952,7.4988674271,3.34,0.2750645383,1205.1,5.41,42.87,429.91,31.136032948,14.620846939,1,0.53,1,1.14,1,2.56,1,3.44,1,2.26,0,289.48,1,,1,,1,0.13,1,,1,10.47,26,1205.1,0
24,D,2.73,47.43,1.4792673887,4.63,4.8656017695,2.0159614365,303.98,128.96,3.43,7.1410713952,7.4988674271,5.23,0.2750645383,1793.84,7.19,67.29,637.41,31.136032948,14.620846939,0,2.73,1,1.55,0,4.63,1,4.22,1,2.26,0,303.98,1,,1,3.35,1,,1,,1,15.34,26,1793.84,0
2,D,2.43,33.39,10.94,27.68,4.8656017695,5.84,442.57,113,55.24,121.98,97,18.04,0.2750645383,1794.45,13.4,155.88,1646,31.136032948,85.89,0,2.43,0,10.94,0,27.68,1,6.18,0,5.84,0,442.57,0,121.98,0,97,1,0.35,1,12.73,0,85.89,26,1794.45,0
27,D,3.18,39.04,10.77,39.75,11.21,4.37,33.771419926,120.23,52.23,108.39,71.95,21.66,2.37,,10.7,86.65,1732.97,31.136032948,41.59,0,3.18,0,10.77,0,39.75,0,11.21,0,4.37,1,26.9,0,108.39,0,71.95,0,2.37,1,,0,41.59,26,410.73,1
21,D,1.4333054479,53.28,1.4792673887,43.07,7.73,4.78,620.11,189.77,9.05,119.29,33.75,19.62,0.47,942.41,18.21,122.84,1876.02,31.136032948,27.36,1,1.5,1,0.43,0,43.07,0,7.73,0,4.78,0,620.11,0,119.29,0,33.75,0,0.47,1,,0,27.36,26,942.41,0
18,D,1.4333054479,41.53,1.4792673887,6.41,4.8656017695,3.32,33.771419926,144.93,5.17,7.1410713952,7.4988674271,6.01,2.37,686.49,7.03,140.91,697.71,31.136032948,14.620846939,1,,1,0.43,0,6.41,1,2.13,0,3.32,1,29.79,1,,1,8.61,0,2.37,1,,1,1.6,26,686.49,0
3,D,3.91,11.79,7.92,60.9,7.01,9.63,33.771419926,47.19,33.27,122.01,68.01,19.15,0.2750645383,410.73,6.97,31.09,2058.43,31.136032948,184.5,0,3.91,0,7.92,0,60.9,0,7.01,0,9.63,1,18.21,0,122.01,0,68.01,1,0.21,1,,0,184.5,26,410.73,0
4,C,7.58,13.47,16.45,69.73,17.76,20.91,70.31,41.07,47.32,220.43,115.36,21.03,4.98,1041.31,6.77,49.45,2436.06,31.136032948,110.2,0,7.58,0,16.45,0,69.73,0,17.76,0,20.91,0,70.31,0,220.43,0,115.36,0,4.98,1,,0,110.2,27,1041.31,0
22,C,1.4333054479,46.11,1.4792673887,20.86,4.8656017695,2.0159614365,363.68,78.61,5.17,28.26,7.4988674271,9.16,0.2750645383,400.74,13.73,80.54,1157.16,31.136032948,49.82,1,,1,,0,20.86,1,2.5,1,1.25,0,363.68,0,28.26,1,7.72,1,0.13,1,,0,49.82,27,400.74,0
5,C,1.4333054479,56.07,4.77,55.55,18.98,8.47,376.27,219.48,34.51,162.62,89.46,16.32,2.27,708.48,10.7,214.75,1650.97,31.136032948,95.21,1,1.65,0,4.77,0,55.55,0,18.98,0,8.47,0,376.27,0,162.62,0,89.46,0,2.27,1,18.84,0,95.21,27,708.48,0
14,C,32.72,19.35,5.82,122.94,37.99,84.35,327.37,37.55,46.76,560.51,254.78,36.64,0.2750645383,1387.6,12.22,100.34,3221.84,74.87,760.84,0,32.72,0,5.82,0,122.94,0,37.99,0,84.35,0,327.37,0,560.51,0,254.78,1,,0,74.87,0,760.84,27,1387.6,0
28,C,2.43,66.7,1.4792673887,22.91,4.8656017695,2.0159614365,91.49,223.66,6.67,33.89,7.4988674271,9.37,1.68,356.3,9.81,84.91,1313.01,31.136032948,14.620846939,0,2.43,1,0.72,0,22.91,1,1.81,1,1.59,0,91.49,0,33.89,1,9.47,0,1.68,1,,1,17.77,27,356.3,0
12,C,1.4333054479,48.94,1.4792673887,31.09,4.8656017695,4.78,471.47,153.55,9.95,50.62,17.45,7.4,5.21,762.73,15.58,59.24,1417.89,31.136032948,98.65,1,1.5,1,1,0,31.09,1,5.44,0,4.78,0,471.47,0,50.62,0,17.45,0,5.21,1,,0,98.65,27,762.73,0
15,C,2.73,31.81,6.18,21.85,4.8656017695,15.92,572.1,59.25,45.94,135.58,40.86,13.19,5.09,1318.05,11.81,57.68,1272.53,31.136032948,141.12,0,2.73,0,6.18,0,21.85,1,6.24,0,15.92,0,572.1,0,135.58,0,40.86,0,5.09,1,,0,141.12,27,1318.05,0
29,C,14.84,45.84,34.07,140.34,33.18,13.46,290.53,112.03,69.8,686.61,368.62,39.03,3.17,518.66,11.91,151.64,3003.99,172.49,388.32,0,14.84,0,34.07,0,140.34,0,33.18,0,13.46,0,290.53,0,686.61,0,368.62,0,3.17,0,172.49,0,388.32,27,518.66,0
25,C,1.4333054479,33.36,1.4792673887,4.36,4.8656017695,5.27,767.23,196.93,5.79,86.51,7.4988674271,15.52,0.2750645383,1076.91,13.58,143.01,782.95,31.136032948,14.620846939,1,,1,1,0,4.36,1,2.16,0,5.27,0,767.23,0,86.51,1,,1,,1,,1,1.6,27,1076.91,0
13,C,1.4333054479,27.07,1.4792673887,39.43,4.8656017695,10.64,129.37,52.3,19.49,56.19,31.96,7.97,0.2750645383,693.81,4.73,60.59,1589.65,31.136032948,208.34,1,0.19,1,1.55,0,39.43,1,5.46,0,10.64,0,129.37,0,56.19,0,31.96,1,,1,,0,208.34,27,693.81,0
9,C,1.4333054479,62,1.4792673887,16.58,4.8656017695,2.0159614365,33.771419926,65.73,6.91,16.88,7.4988674271,4.99,0.2750645383,730.21,3.49,86.14,1157.16,31.136032948,14.620846939,1,,1,,0,16.58,1,1.99,1,1.59,1,,0,16.88,1,,1,,1,,1,15.35,27,730.21,0
8,C,1.4333054479,38.16,5.28,22.24,29.46,10.64,416.17,143.31,7.86,47.85,105.96,15.61,4.42,,12.61,93.33,1219.46,31.136032948,148.03,1,,0,5.28,0,22.24,0,29.46,0,10.64,0,416.17,0,47.85,0,105.96,0,4.42,1,15.77,0,148.03,27,1412.35,1
6,C,3.02,33.73,14.61,105.18,30.33,16.25,58.76,77.56,56.21,439.6,277.33,32.4,0.2750645383,59.34,12.14,98.48,2891.8,64.09,459.85,0,3.02,0,14.61,0,105.18,0,30.33,0,16.25,0,58.76,0,439.6,0,277.33,1,,0,64.09,0,459.85,27,59.34,0
11,C,7.26,14.7,10.94,45.43,11.55,25.11,613.6,28.2,38.35,161.05,77.89,15.79,1.94,745.5,7.1,41.71,1970.85,31.136032948,127.32,0,7.26,0,10.94,0,45.43,0,11.55,0,25.11,0,613.6,0,161.05,0,77.89,0,1.94,1,,0,127.32,27,745.5,0
1,C,1.4333054479,45.85,1.4792673887,15.86,4.8656017695,3.32,205.78,93.6,4.92,18.33,7.4988674271,4.75,0.2750645383,617.83,11.86,109.15,999.89,31.136032948,14.620846939,1,0.19,1,0.72,0,15.86,1,1.91,0,3.32,0,205.78,0,18.33,1,3.35,1,0.13,1,,1,5.53,27,617.83,0
10,C,1.4333054479,52.89,1.4792673887,23.6,4.8656017695,3.32,64.55,165.1,7.86,7.1410713952,24.29,8.3,0.2750645383,59.34,9.71,80.32,1372.32,31.136032948,125.13,1,0.85,1,1.29,0,23.6,1,2.5,0,3.32,0,64.55,1,8.26,0,24.29,1,0.06,1,,0,125.13,27,59.34,0
23,C,6.19,38.16,12.33,105.52,16.08,18.89,370.79,94.96,45.35,376.18,199.88,19.4,0.2750645383,452.94,9.9,75.73,2698.42,71.96,319.99,0,6.19,0,12.33,0,105.52,0,16.08,0,18.89,0,370.79,0,376.18,0,199.88,1,,0,71.96,0,319.99,27,452.94,0
16,C,1.4333054479,42.01,2.48,33.95,17.02,2.0159614365,33.771419926,248.47,26.57,1575.47,52.6,13.14,3.1,173.83,11.44,79.03,1676.01,31.136032948,40.4,1,,0,2.48,0,33.95,0,17.02,1,1.59,1,41.38,0,1575.47,0,52.6,0,3.1,1,,0,40.4,27,173.83,0
20,C,1.4333054479,30.05,1.4792673887,40.33,9.91,2.0159614365,466.07,229.37,8.69,115.21,188.67,17.45,0.2750645383,908.79,21.01,109.36,1779.37,31.136032948,14.620846939,1,1.51,1,1,0,40.33,0,9.91,1,,0,466.07,0,115.21,0,188.67,1,,1,6.07,1,15.34,27,908.79,0
7,C,7.02,36.37,8.7,103.16,23.91,9.63,2376.81,117.9,44.88,299.15,423.85,21.85,1.59,547.82,19.85,107.44,2365.78,31.136032948,111.35,0,7.02,0,8.7,0,103.16,0,23.91,0,9.63,0,2376.81,0,299.15,0,423.85,0,1.59,1,42.72,0,111.35,27,547.82,0
17,C,1.4333054479,36.13,1.4792673887,28.87,4.8656017695,2.0159614365,375,328.67,6.67,67.24,38,9.58,0.2750645383,253.24,19.66,52.44,1476.81,31.136032948,99.83,1,,1,1.57,0,28.87,1,4.22,1,2.26,0,375,0,67.24,0,38,1,,1,,0,99.83,27,253.24,0
19,D,6.04,41.65,11.97,38.25,17.77,12.56,462.14,367.13,47.99,138.28,157.62,45.47,14.85,1412.35,16.67,114.01,1717.19,31.136032948,115.95,0,6.04,0,11.97,0,38.25,0,17.77,0,12.56,0,462.14,0,138.28,0,157.62,0,14.85,1,,0,115.95,27,1412.35,0
26,D,1.4333054479,34.57,1.4792673887,3.031366776,4.8656017695,2.0159614365,289.48,78.54,3.51,7.1410713952,7.4988674271,3.34,0.2750645383,1205.1,5.41,42.87,429.91,31.136032948,14.620846939,1,0.53,1,1.14,1,2.56,1,3.44,1,2.26,0,289.48,1,,1,,1,0.13,1,,1,10.47,27,1205.1,0
24,D,2.73,47.43,1.4792673887,4.63,4.8656017695,2.0159614365,303.98,128.96,3.43,7.1410713952,7.4988674271,5.23,0.2750645383,1793.84,7.19,67.29,637.41,31.136032948,14.620846939,0,2.73,1,1.55,0,4.63,1,4.22,1,2.26,0,303.98,1,,1,3.35,1,,1,,1,15.34,27,1793.84,0
2,D,2.43,33.39,10.94,27.68,4.8656017695,5.84,442.57,113,55.24,121.98,97,18.04,0.2750645383,1794.45,13.4,155.88,1646,31.136032948,85.89,0,2.43,0,10.94,0,27.68,1,6.18,0,5.84,0,442.57,0,121.98,0,97,1,0.35,1,12.73,0,85.89,27,1794.45,0
27,D,3.18,39.04,10.77,39.75,11.21,4.37,33.771419926,120.23,52.23,108.39,71.95,21.66,2.37,,10.7,86.65,1732.97,31.136032948,41.59,0,3.18,0,10.77,0,39.75,0,11.21,0,4.37,1,26.9,0,108.39,0,71.95,0,2.37,1,,0,41.59,27,908.79,1
21,D,1.4333054479,53.28,1.4792673887,43.07,7.73,4.78,620.11,189.77,9.05,119.29,33.75,19.62,0.47,942.41,18.21,122.84,1876.02,31.136032948,27.36,1,1.5,1,0.43,0,43.07,0,7.73,0,4.78,0,620.11,0,119.29,0,33.75,0,0.47,1,,0,27.36,27,942.41,0
18,D,1.4333054479,41.53,1.4792673887,6.41,4.8656017695,3.32,33.771419926,144.93,5.17,7.1410713952,7.4988674271,6.01,2.37,686.49,7.03,140.91,697.71,31.136032948,14.620846939,1,,1,0.43,0,6.41,1,2.13,0,3.32,1,29.79,1,,1,8.61,0,2.37,1,,1,1.6,27,686.49,0
3,D,3.91,11.79,7.92,60.9,7.01,9.63,33.771419926,47.19,33.27,122.01,68.01,19.15,0.2750645383,410.73,6.97,31.09,2058.43,31.136032948,184.5,0,3.91,0,7.92,0,60.9,0,7.01,0,9.63,1,18.21,0,122.01,0,68.01,1,0.21,1,,0,184.5,27,410.73,0
4,C,7.58,13.47,16.45,69.73,17.76,20.91,70.31,41.07,47.32,220.43,115.36,21.03,4.98,1041.31,6.77,49.45,2436.06,31.136032948,110.2,0,7.58,0,16.45,0,69.73,0,17.76,0,20.91,0,70.31,0,220.43,0,115.36,0,4.98,1,,0,110.2,28,1041.31,0
22,C,1.4333054479,46.11,1.4792673887,20.86,4.8656017695,2.0159614365,363.68,78.61,5.17,28.26,7.4988674271,9.16,0.2750645383,400.74,13.73,80.54,1157.16,31.136032948,49.82,1,,1,,0,20.86,1,2.5,1,1.25,0,363.68,0,28.26,1,7.72,1,0.13,1,,0,49.82,28,400.74,0
5,C,1.4333054479,56.07,4.77,55.55,18.98,8.47,376.27,219.48,34.51,162.62,89.46,16.32,2.27,708.48,10.7,214.75,1650.97,31.136032948,95.21,1,1.65,0,4.77,0,55.55,0,18.98,0,8.47,0,376.27,0,162.62,0,89.46,0,2.27,1,18.84,0,95.21,28,708.48,0
14,C,32.72,19.35,5.82,122.94,37.99,84.35,327.37,37.55,46.76,560.51,254.78,36.64,0.2750645383,1387.6,12.22,100.34,3221.84,74.87,760.84,0,32.72,0,5.82,0,122.94,0,37.99,0,84.35,0,327.37,0,560.51,0,254.78,1,,0,74.87,0,760.84,28,1387.6,0
28,C,2.43,66.7,1.4792673887,22.91,4.8656017695,2.0159614365,91.49,223.66,6.67,33.89,7.4988674271,9.37,1.68,356.3,9.81,84.91,1313.01,31.136032948,14.620846939,0,2.43,1,0.72,0,22.91,1,1.81,1,1.59,0,91.49,0,33.89,1,9.47,0,1.68,1,,1,17.77,28,356.3,0
12,C,1.4333054479,48.94,1.4792673887,31.09,4.8656017695,4.78,471.47,153.55,9.95,50.62,17.45,7.4,5.21,762.73,15.58,59.24,1417.89,31.136032948,98.65,1,1.5,1,1,0,31.09,1,5.44,0,4.78,0,471.47,0,50.62,0,17.45,0,5.21,1,,0,98.65,28,762.73,0
15,C,2.73,31.81,6.18,21.85,4.8656017695,15.92,572.1,59.25,45.94,135.58,40.86,13.19,5.09,1318.05,11.81,57.68,1272.53,31.136032948,141.12,0,2.73,0,6.18,0,21.85,1,6.24,0,15.92,0,572.1,0,135.58,0,40.86,0,5.09,1,,0,141.12,28,1318.05,0
29,C,14.84,45.84,34.07,140.34,33.18,13.46,290.53,112.03,69.8,686.61,368.62,39.03,3.17,518.66,11.91,151.64,3003.99,172.49,388.32,0,14.84,0,34.07,0,140.34,0,33.18,0,13.46,0,290.53,0,686.61,0,368.62,0,3.17,0,172.49,0,388.32,28,518.66,0
25,C,1.4333054479,33.36,1.4792673887,4.36,4.8656017695,5.27,767.23,196.93,5.79,86.51,7.4988674271,15.52,0.2750645383,1076.91,13.58,143.01,782.95,31.136032948,14.620846939,1,,1,1,0,4.36,1,2.16,0,5.27,0,767.23,0,86.51,1,,1,,1,,1,1.6,28,1076.91,0
13,C,1.4333054479,27.07,1.4792673887,39.43,4.8656017695,10.64,129.37,52.3,19.49,56.19,31.96,7.97,0.2750645383,693.81,4.73,60.59,1589.65,31.136032948,208.34,1,0.19,1,1.55,0,39.43,1,5.46,0,10.64,0,129.37,0,56.19,0,31.96,1,,1,,0,208.34,28,693.81,0
9,C,1.4333054479,62,1.4792673887,16.58,4.8656017695,2.0159614365,33.771419926,65.73,6.91,16.88,7.4988674271,4.99,0.2750645383,730.21,3.49,86.14,1157.16,31.136032948,14.620846939,1,,1,,0,16.58,1,1.99,1,1.59,1,,0,16.88,1,,1,,1,,1,15.35,28,730.21,0
8,C,1.4333054479,38.16,5.28,22.24,29.46,10.64,416.17,143.31,7.86,47.85,105.96,15.61,4.42,,12.61,93.33,1219.46,31.136032948,148.03,1,,0,5.28,0,22.24,0,29.46,0,10.64,0,416.17,0,47.85,0,105.96,0,4.42,1,15.77,0,148.03,28,762.73,1
6,C,3.02,33.73,14.61,105.18,30.33,16.25,58.76,77.56,56.21,439.6,277.33,32.4,0.2750645383,59.34,12.14,98.48,2891.8,64.09,459.85,0,3.02,0,14.61,0,105.18,0,30.33,0,16.25,0,58.76,0,439.6,0,277.33,1,,0,64.09,0,459.85,28,59.34,0
11,C,7.26,14.7,10.94,45.43,11.55,25.11,613.6,28.2,38.35,161.05,77.89,15.79,1.94,745.5,7.1,41.71,1970.85,31.136032948,127.32,0,7.26,0,10.94,0,45.43,0,11.55,0,25.11,0,613.6,0,161.05,0,77.89,0,1.94,1,,0,127.32,28,745.5,0
1,C,1.4333054479,45.85,1.4792673887,15.86,4.8656017695,3.32,205.78,93.6,4.92,18.33,7.4988674271,4.75,0.2750645383,617.83,11.86,109.15,999.89,31.136032948,14.620846939,1,0.19,1,0.72,0,15.86,1,1.91,0,3.32,0,205.78,0,18.33,1,3.35,1,0.13,1,,1,5.53,28,617.83,0
10,C,1.4333054479,52.89,1.4792673887,23.6,4.8656017695,3.32,64.55,165.1,7.86,7.1410713952,24.29,8.3,0.2750645383,59.34,9.71,80.32,1372.32,31.136032948,125.13,1,0.85,1,1.29,0,23.6,1,2.5,0,3.32,0,64.55,1,8.26,0,24.29,1,0.06,1,,0,125.13,28,59.34,0
23,C,6.19,38.16,12.33,105.52,16.08,18.89,370.79,94.96,45.35,376.18,199.88,19.4,0.2750645383,452.94,9.9,75.73,2698.42,71.96,319.99,0,6.19,0,12.33,0,105.52,0,16.08,0,18.89,0,370.79,0,376.18,0,199.88,1,,0,71.96,0,319.99,28,452.94,0
16,C,1.4333054479,42.01,2.48,33.95,17.02,2.0159614365,33.771419926,248.47,26.57,1575.47,52.6,13.14,3.1,173.83,11.44,79.03,1676.01,31.136032948,40.4,1,,0,2.48,0,33.95,0,17.02,1,1.59,1,41.38,0,1575.47,0,52.6,0,3.1,1,,0,40.4,28,173.83,0
20,C,1.4333054479,30.05,1.4792673887,40.33,9.91,2.0159614365,466.07,229.37,8.69,115.21,188.67,17.45,0.2750645383,908.79,21.01,109.36,1779.37,31.136032948,14.620846939,1,1.51,1,1,0,40.33,0,9.91,1,,0,466.07,0,115.21,0,188.67,1,,1,6.07,1,15.34,28,908.79,0
7,C,7.02,36.37,8.7,103.16,23.91,9.63,2376.81,117.9,44.88,299.15,423.85,21.85,1.59,547.82,19.85,107.44,2365.78,31.136032948,111.35,0,7.02,0,8.7,0,103.16,0,23.91,0,9.63,0,2376.81,0,299.15,0,423.85,0,1.59,1,42.72,0,111.35,28,547.82,0
17,C,1.4333054479,36.13,1.4792673887,28.87,4.8656017695,2.0159614365,375,328.67,6.67,67.24,38,9.58,0.2750645383,253.24,19.66,52.44,1476.81,31.136032948,99.83,1,,1,1.57,0,28.87,1,4.22,1,2.26,0,375,0,67.24,0,38,1,,1,,0,99.83,28,253.24,0
19,D,6.04,41.65,11.97,38.25,17.77,12.56,462.14,367.13,47.99,138.28,157.62,45.47,14.85,1412.35,16.67,114.01,1717.19,31.136032948,115.95,0,6.04,0,11.97,0,38.25,0,17.77,0,12.56,0,462.14,0,138.28,0,157.62,0,14.85,1,,0,115.95,28,1412.35,0
26,D,1.4333054479,34.57,1.4792673887,3.031366776,4.8656017695,2.0159614365,289.48,78.54,3.51,7.1410713952,7.4988674271,3.34,0.2750645383,1205.1,5.41,42.87,429.91,31.136032948,14.620846939,1,0.53,1,1.14,1,2.56,1,3.44,1,2.26,0,289.48,1,,1,,1,0.13,1,,1,10.47,28,1205.1,0
24,D,2.73,47.43,1.4792673887,4.63,4.8656017695,2.0159614365,303.98,128.96,3.43,7.1410713952,7.4988674271,5.23,0.2750645383,1793.84,7.19,67.29,637.41,31.136032948,14.620846939,0,2.73,1,1.55,0,4.63,1,4.22,1,2.26,0,303.98,1,,1,3.35,1,,1,,1,15.34,28,1793.84,0
2,D,2.43,33.39,10.94,27.68,4.8656017695,5.84,442.57,113,55.24,121.98,97,18.04,0.2750645383,1794.45,13.4,155.88,1646,31.136032948,85.89,0,2.43,0,10.94,0,27.68,1,6.18,0,5.84,0,442.57,0,121.98,0,97,1,0.35,1,12.73,0,85.89,28,1794.45,0
27,D,3.18,39.04,10.77,39.75,11.21,4.37,33.771419926,120.23,52.23,108.39,71.95,21.66,2.37,,10.7,86.65,1732.97,31.136032948,41.59,0,3.18,0,10.77,0,39.75,0,11.21,0,4.37,1,26.9,0,108.39,0,71.95,0,2.37,1,,0,41.59,28,1412.35,1
21,D,1.4333054479,53.28,1.4792673887,43.07,7.73,4.78,620.11,189.77,9.05,119.29,33.75,19.62,0.47,942.41,18.21,122.84,1876.02,31.136032948,27.36,1,1.5,1,0.43,0,43.07,0,7.73,0,4.78,0,620.11,0,119.29,0,33.75,0,0.47,1,,0,27.36,28,942.41,0
18,D,1.4333054479,41.53,1.4792673887,6.41,4.8656017695,3.32,33.771419926,144.93,5.17,7.1410713952,7.4988674271,6.01,2.37,686.49,7.03,140.91,697.71,31.136032948,14.620846939,1,,1,0.43,0,6.41,1,2.13,0,3.32,1,29.79,1,,1,8.61,0,2.37,1,,1,1.6,28,686.49,0
3,D,3.91,11.79,7.92,60.9,7.01,9.63,33.771419926,47.19,33.27,122.01,68.01,19.15,0.2750645383,410.73,6.97,31.09,2058.43,31.136032948,184.5,0,3.91,0,7.92,0,60.9,0,7.01,0,9.63,1,18.21,0,122.01,0,68.01,1,0.21,1,,0,184.5,28,410.73,0
4,C,7.58,13.47,16.45,69.73,17.76,20.91,70.31,41.07,47.32,220.43,115.36,21.03,4.98,1041.31,6.77,49.45,2436.06,31.136032948,110.2,0,7.58,0,16.45,0,69.73,0,17.76,0,20.91,0,70.31,0,220.43,0,115.36,0,4.98,1,,0,110.2,29,1041.31,0
22,C,1.4333054479,46.11,1.4792673887,20.86,4.8656017695,2.0159614365,363.68,78.61,5.17,28.26,7.4988674271,9.16,0.2750645383,400.74,13.73,80.54,1157.16,31.136032948,49.82,1,,1,,0,20.86,1,2.5,1,1.25,0,363.68,0,28.26,1,7.72,1,0.13,1,,0,49.82,29,400.74,0
5,C,1.4333054479,56.07,4.77,55.55,18.98,8.47,376.27,219.48,34.51,162.62,89.46,16.32,2.27,708.48,10.7,214.75,1650.97,31.136032948,95.21,1,1.65,0,4.77,0,55.55,0,18.98,0,8.47,0,376.27,0,162.62,0,89.46,0,2.27,1,18.84,0,95.21,29,708.48,0
14,C,32.72,19.35,5.82,122.94,37.99,84.35,327.37,37.55,46.76,560.51,254.78,36.64,0.2750645383,1387.6,12.22,100.34,3221.84,74.87,760.84,0,32.72,0,5.82,0,122.94,0,37.99,0,84.35,0,327.37,0,560.51,0,254.78,1,,0,74.87,0,760.84,29,1387.6,0
28,C,2.43,66.7,1.4792673887,22.91,4.8656017695,2.0159614365,91.49,223.66,6.67,33.89,7.4988674271,9.37,1.68,356.3,9.81,84.91,1313.01,31.136032948,14.620846939,0,2.43,1,0.72,0,22.91,1,1.81,1,1.59,0,91.49,0,33.89,1,9.47,0,1.68,1,,1,17.77,29,356.3,0
12,C,1.4333054479,48.94,1.4792673887,31.09,4.8656017695,4.78,471.47,153.55,9.95,50.62,17.45,7.4,5.21,762.73,15.58,59.24,1417.89,31.136032948,98.65,1,1.5,1,1,0,31.09,1,5.44,0,4.78,0,471.47,0,50.62,0,17.45,0,5.21,1,,0,98.65,29,762.73,0
15,C,2.73,31.81,6.18,21.85,4.8656017695,15.92,572.1,59.25,45.94,135.58,40.86,13.19,5.09,1318.05,11.81,57.68,1272.53,31.136032948,141.12,0,2.73,0,6.18,0,21.85,1,6.24,0,15.92,0,572.1,0,135.58,0,40.86,0,5.09,1,,0,141.12,29,1318.05,0
29,C,14.84,45.84,34.07,140.34,33.18,13.46,290.53,112.03,69.8,686.61,368.62,39.03,3.17,518.66,11.91,151.64,3003.99,172.49,388.32,0,14.84,0,34.07,0,140.34,0,33.18,0,13.46,0,290.53,0,686.61,0,368.62,0,3.17,0,172.49,0,388.32,29,518.66,0
25,C,1.4333054479,33.36,1.4792673887,4.36,4.8656017695,5.27,767.23,196.93,5.79,86.51,7.4988674271,15.52,0.2750645383,1076.91,13.58,143.01,782.95,31.136032948,14.620846939,1,,1,1,0,4.36,1,2.16,0,5.27,0,767.23,0,86.51,1,,1,,1,,1,1.6,29,1076.91,0
13,C,1.4333054479,27.07,1.4792673887,39.43,4.8656017695,10.64,129.37,52.3,19.49,56.19,31.96,7.97,0.2750645383,693.81,4.73,60.59,1589.65,31.136032948,208.34,1,0.19,1,1.55,0,39.43,1,5.46,0,10.64,0,129.37,0,56.19,0,31.96,1,,1,,0,208.34,29,693.81,0
9,C,1.4333054479,62,1.4792673887,16.58,4.8656017695,2.0159614365,33.771419926,65.73,6.91,16.88,7.4988674271,4.99,0.2750645383,730.21,3.49,86.14,1157.16,31.136032948,14.620846939,1,,1,,0,16.58,1,1.99,1,1.59,1,,0,16.88,1,,1,,1,,1,15.35,29,730.21,0
8,C,1.4333054479,38.16,5.28,22.24,29.46,10.64,416.17,143.31,7.86,47.85,105.96,15.61,4.42,,12.61,93.33,1219.46,31.136032948,148.03,1,,0,5.28,0,22.24,0,29.46,0,10.64,0,416.17,0,47.85,0,105.96,0,4.42,1,15.77,0,148.03,29,745.5,1
6,C,3.02,33.73,14.61,105.18,30.33,16.25,58.76,77.56,56.21,439.6,277.33,32.4,0.2750645383,59.34,12.14,98.48,2891.8,64.09,459.85,0,3.02,0,14.61,0,105.18,0,30.33,0,16.25,0,58.76,0,439.6,0,277.33,1,,0,64.09,0,459.85,29,59.34,0
11,C,7.26,14.7,10.94,45.43,11.55,25.11,613.6,28.2,38.35,161.05,77.89,15.79,1.94,745.5,7.1,41.71,1970.85,31.136032948,127.32,0,7.26,0,10.94,0,45.43,0,11.55,0,25.11,0,613.6,0,161.05,0,77.89,0,1.94,1,,0,127.32,29,745.5,0
1,C,1.4333054479,45.85,1.4792673887,15.86,4.8656017695,3.32,205.78,93.6,4.92,18.33,7.4988674271,4.75,0.2750645383,617.83,11.86,109.15,999.89,31.136032948,14.620846939,1,0.19,1,0.72,0,15.86,1,1.91,0,3.32,0,205.78,0,18.33,1,3.35,1,0.13,1,,1,5.53,29,617.83,0
10,C,1.4333054479,52.89,1.4792673887,23.6,4.8656017695,3.32,64.55,165.1,7.86,7.1410713952,24.29,8.3,0.2750645383,59.34,9.71,80.32,1372.32,31.136032948,125.13,1,0.85,1,1.29,0,23.6,1,2.5,0,3.32,0,64.55,1,8.26,0,24.29,1,0.06,1,,0,125.13,29,59.34,0
23,C,6.19,38.16,12.33,105.52,16.08,18.89,370.79,94.96,45.35,376.18,199.88,19.4,0.2750645383,452.94,9.9,75.73,2698.42,71.96,319.99,0,6.19,0,12.33,0,105.52,0,16.08,0,18.89,0,370.79,0,376.18,0,199.88,1,,0,71.96,0,319.99,29,452.94,0
16,C,1.4333054479,42.01,2.48,33.95,17.02,2.0159614365,33.771419926,248.47,26.57,1575.47,52.6,13.14,3.1,173.83,11.44,79.03,1676.01,31.136032948,40.4,1,,0,2.48,0,33.95,0,17.02,1,1.59,1,41.38,0,1575.47,0,52.6,0,3.1,1,,0,40.4,29,173.83,0
20,C,1.4333054479,30.05,1.4792673887,40.33,9.91,2.0159614365,466.07,229.37,8.69,115.21,188.67,17.45,0.2750645383,908.79,21.01,109.36,1779.37,31.136032948,14.620846939,1,1.51,1,1,0,40.33,0,9.91,1,,0,466.07,0,115.21,0,188.67,1,,1,6.07,1,15.34,29,908.79,0
7,C,7.02,36.37,8.7,103.16,23.91,9.63,2376.81,117.9,44.88,299.15,423.85,21.85,1.59,547.82,19.85,107.44,2365.78,31.136032948,111.35,0,7.02,0,8.7,0,103.16,0,23.91,0,9.63,0,2376.81,0,299.15,0,423.85,0,1.59,1,42.72,0,111.35,29,547.82,0
17,C,1.4333054479,36.13,1.4792673887,28.87,4.8656017695,2.0159614365,375,328.67,6.67,67.24,38,9.58,0.2750645383,253.24,19.66,52.44,1476.81,31.136032948,99.83,1,,1,1.57,0,28.87,1,4.22,1,2.26,0,375,0,67.24,0,38,1,,1,,0,99.83,29,253.24,0
19,D,6.04,41.65,11.97,38.25,17.77,12.56,462.14,367.13,47.99,138.28,157.62,45.47,14.85,1412.35,16.67,114.01,1717.19,31.136032948,115.95,0,6.04,0,11.97,0,38.25,0,17.77,0,12.56,0,462.14,0,138.28,0,157.62,0,14.85,1,,0,115.95,29,1412.35,0
26,D,1.4333054479,34.57,1.4792673887,3.031366776,4.8656017695,2.0159614365,289.48,78.54,3.51,7.1410713952,7.4988674271,3.34,0.2750645383,1205.1,5.41,42.87,429.91,31.136032948,14.620846939,1,0.53,1,1.14,1,2.56,1,3.44,1,2.26,0,289.48,1,,1,,1,0.13,1,,1,10.47,29,1205.1,0
24,D,2.73,47.43,1.4792673887,4.63,4.8656017695,2.0159614365,303.98,128.96,3.43,7.1410713952,7.4988674271,5.23,0.2750645383,1793.84,7.19,67.29,637.41,31.136032948,14.620846939,0,2.73,1,1.55,0,4.63,1,4.22,1,2.26,0,303.98,1,,1,3.35,1,,1,,1,15.34,29,1793.84,0
2,D,2.43,33.39,10.94,27.68,4.8656017695,5.84,442.57,113,55.24,121.98,97,18.04,0.2750645383,1794.45,13.4,155.88,1646,31.136032948,85.89,0,2.43,0,10.94,0,27.68,1,6.18,0,5.84,0,442.57,0,121.98,0,97,1,0.35,1,12.73,0,85.89,29,1794.45,0
27,D,3.18,39.04,10.77,39.75,11.21,4.37,33.771419926,120.23,52.23,108.39,71.95,21.66,2.37,,10.7,86.65,1732.97,31.136032948,41.59,0,3.18,0,10.77,0,39.75,0,11.21,0,4.37,1,26.9,0,108.39,0,71.95,0,2.37,1,,0,41.59,29,173.83,1
21,D,1.4333054479,53.28,1.4792673887,43.07,7.73,4.78,620.11,189.77,9.05,119.29,33.75,19.62,0.47,942.41,18.21,122.84,1876.02,31.136032948,27.36,1,1.5,1,0.43,0,43.07,0,7.73,0,4.78,0,620.11,0,119.29,0,33.75,0,0.47,1,,0,27.36,29,942.41,0
18,D,1.4333054479,41.53,1.4792673887,6.41,4.8656017695,3.32,33.771419926,144.93,5.17,7.1410713952,7.4988674271,6.01,2.37,686.49,7.03,140.91,697.71,31.136032948,14.620846939,1,,1,0.43,0,6.41,1,2.13,0,3.32,1,29.79,1,,1,8.61,0,2.37,1,,1,1.6,29,686.49,0
3,D,3.91,11.79,7.92,60.9,7.01,9.63,33.771419926,47.19,33.27,122.01,68.01,19.15,0.2750645383,410.73,6.97,31.09,2058.43,31.136032948,184.5,0,3.91,0,7.92,0,60.9,0,7.01,0,9.63,1,18.21,0,122.01,0,68.01,1,0.21,1,,0,184.5,29,410.73,0
4,C,7.58,13.47,16.45,69.73,17.76,20.91,70.31,41.07,47.32,220.43,115.36,21.03,4.98,1041.31,6.77,49.45,2436.06,31.136032948,110.2,0,7.58,0,16.45,0,69.73,0,17.76,0,20.91,0,70.31,0,220.43,0,115.36,0,4.98,1,,0,110.2,30,1041.31,0
22,C,1.4333054479,46.11,1.4792673887,20.86,4.8656017695,2.0159614365,363.68,78.61,5.17,28.26,7.4988674271,9.16,0.2750645383,400.74,13.73,80.54,1157.16,31.136032948,49.82,1,,1,,0,20.86,1,2.5,1,1.25,0,363.68,0,28.26,1,7.72,1,0.13,1,,0,49.82,30,400.74,0
5,C,1.4333054479,56.07,4.77,55.55,18.98,8.47,376.27,219.48,34.51,162.62,89.46,16.32,2.27,708.48,10.7,214.75,1650.97,31.136032948,95.21,1,1.65,0,4.77,0,55.55,0,18.98,0,8.47,0,376.27,0,162.62,0,89.46,0,2.27,1,18.84,0,95.21,30,708.48,0
14,C,32.72,19.35,5.82,122.94,37.99,84.35,327.37,37.55,46.76,560.51,254.78,36.64,0.2750645383,1387.6,12.22,100.34,3221.84,74.87,760.84,0,32.72,0,5.82,0,122.94,0,37.99,0,84.35,0,327.37,0,560.51,0,254.78,1,,0,74.87,0,760.84,30,1387.6,0
28,C,2.43,66.7,1.4792673887,22.91,4.8656017695,2.0159614365,91.49,223.66,6.67,33.89,7.4988674271,9.37,1.68,356.3,9.81,84.91,1313.01,31.136032948,14.620846939,0,2.43,1,0.72,0,22.91,1,1.81,1,1.59,0,91.49,0,33.89,1,9.47,0,1.68,1,,1,17.77,30,356.3,0
12,C,1.4333054479,48.94,1.4792673887,31.09,4.8656017695,4.78,471.47,153.55,9.95,50.62,17.45,7.4,5.21,762.73,15.58,59.24,1417.89,31.136032948,98.65,1,1.5,1,1,0,31.09,1,5.44,0,4.78,0,471.47,0,50.62,0,17.45,0,5.21,1,,0,98.65,30,762.73,0
15,C,2.73,31.81,6.18,21.85,4.8656017695,15.92,572.1,59.25,45.94,135.58,40.86,13.19,5.09,1318.05,11.81,57.68,1272.53,31.136032948,141.12,0,2.73,0,6.18,0,21.85,1,6.24,0,15.92,0,572.1,0,135.58,0,40.86,0,5.09,1,,0,141.12,30,1318.05,0
29,C,14.84,45.84,34.07,140.34,33.18,13.46,290.53,112.03,69.8,686.61,368.62,39.03,3.17,518.66,11.91,151.64,3003.99,172.49,388.32,0,14.84,0,34.07,0,140.34,0,33.18,0,13.46,0,290.53,0,686.61,0,368.62,0,3.17,0,172.49,0,388.32,30,518.66,0
25,C,1.4333054479,33.36,1.4792673887,4.36,4.8656017695,5.27,767.23,196.93,5.79,86.51,7.4988674271,15.52,0.2750645383,1076.91,13.58,143.01,782.95,31.136032948,14.620846939,1,,1,1,0,4.36,1,2.16,0,5.27,0,767.23,0,86.51,1,,1,,1,,1,1.6,30,1076.91,0
13,C,1.4333054479,27.07,1.4792673887,39.43,4.8656017695,10.64,129.37,52.3,19.49,56.19,31.96,7.97,0.2750645383,693.81,4.73,60.59,1589.65,31.136032948,208.34,1,0.19,1,1.55,0,39.43,1,5.46,0,10.64,0,129.37,0,56.19,0,31.96,1,,1,,0,208.34,30,693.81,0
9,C,1.4333054479,62,1.4792673887,16.58,4.8656017695,2.0159614365,33.771419926,65.73,6.91,16.88,7.4988674271,4.99,0.2750645383,730.21,3.49,86.14,1157.16,31.136032948,14.620846939,1,,1,,0,16.58,1,1.99,1,1.59,1,,0,16.88,1,,1,,1,,1,15.35,30,730.21,0
8,C,1.4333054479,38.16,5.28,22.24,29.46,10.64,416.17,143.31,7.86,47.85,105.96,15.61,4.42,,12.61,93.33,1219.46,31.136032948,148.03,1,,0,5.28,0,22.24,0,29.46,0,10.64,0,416.17,0,47.85,0,105.96,0,4.42,1,15.77,0,148.03,30,1412.35,1
6,C,3.02,33.73,14.61,105.18,30.33,16.25,58.76,77.56,56.21,439.6,277.33,32.4,0.2750645383,59.34,12.14,98.48,2891.8,64.09,459.85,0,3.02,0,14.61,0,105.18,0,30.33,0,16.25,0,58.76,0,439.6,0,277.33,1,,0,64.09,0,459.85,30,59.34,0
11,C,7.26,14.7,10.94,45.43,11.55,25.11,613.6,28.2,38.35,161.05,77.89,15.79,1.94,745.5,7.1,41.71,1970.85,31.136032948,127.32,0,7.26,0,10.94,0,45.43,0,11.55,0,25.11,0,613.6,0,161.05,0,77.89,0,1.94,1,,0,127.32,30,745.5,0
1,C,1.4333054479,45.85,1.4792673887,15.86,4.8656017695,3.32,205.78,93.6,4.92,18.33,7.4988674271,4.75,0.2750645383,617.83,11.86,109.15,999.89,31.136032948,14.620846939,1,0.19,1,0.72,0,15.86,1,1.91,0,3.32,0,205.78,0,18.33,1,3.35,1,0.13,1,,1,5.53,30,617.83,0
10,C,1.4333054479,52.89,1.4792673887,23.6,4.8656017695,3.32,64.55,165.1,7.86,7.1410713952,24.29,8.3,0.2750645383,59.34,9.71,80.32,1372.32,31.136032948,125.13,1,0.85,1,1.29,0,23.6,1,2.5,0,3.32,0,64.55,1,8.26,0,24.29,1,0.06,1,,0,125.13,30,59.34,0
23,C,6.19,38.16,12.33,105.52,16.08,18.89,370.79,94.96,45.35,376.18,199.88,19.4,0.2750645383,452.94,9.9,75.73,2698.42,71.96,319.99,0,6.19,0,12.33,0,105.52,0,16.08,0,18.89,0,370.79,0,376.18,0,199.88,1,,0,71.96,0,319.99,30,452.94,0
16,C,1.4333054479,42.01,2.48,33.95,17.02,2.0159614365,33.771419926,248.47,26.57,1575.47,52.6,13.14,3.1,173.83,11.44,79.03,1676.01,31.136032948,40.4,1,,0,2.48,0,33.95,0,17.02,1,1.59,1,41.38,0,1575.47,0,52.6,0,3.1,1,,0,40.4,30,173.83,0
20,C,1.4333054479,30.05,1.4792673887,40.33,9.91,2.0159614365,466.07,229.37,8.69,115.21,188.67,17.45,0.2750645383,908.79,21.01,109.36,1779.37,31.136032948,14.620846939,1,1.51,1,1,0,40.33,0,9.91,1,,0,466.07,0,115.21,0,188.67,1,,1,6.07,1,15.34,30,908.79,0
7,C,7.02,36.37,8.7,103.16,23.91,9.63,2376.81,117.9,44.88,299.15,423.85,21.85,1.59,547.82,19.85,107.44,2365.78,31.136032948,111.35,0,7.02,0,8.7,0,103.16,0,23.91,0,9.63,0,2376.81,0,299.15,0,423.85,0,1.59,1,42.72,0,111.35,30,547.82,0
17,C,1.4333054479,36.13,1.4792673887,28.87,4.8656017695,2.0159614365,375,328.67,6.67,67.24,38,9.58,0.2750645383,253.24,19.66,52.44,1476.81,31.136032948,99.83,1,,1,1.57,0,28.87,1,4.22,1,2.26,0,375,0,67.24,0,38,1,,1,,0,99.83,30,253.24,0
19,D,6.04,41.65,11.97,38.25,17.77,12.56,462.14,367.13,47.99,138.28,157.62,45.47,14.85,1412.35,16.67,114.01,1717.19,31.136032948,115.95,0,6.04,0,11.97,0,38.25,0,17.77,0,12.56,0,462.14,0,138.28,0,157.62,0,14.85,1,,0,115.95,30,1412.35,0
26,D,1.4333054479,34.57,1.4792673887,3.031366776,4.8656017695,2.0159614365,289.48,78.54,3.51,7.1410713952,7.4988674271,3.34,0.2750645383,1205.1,5.41,42.87,429.91,31.136032948,14.620846939,1,0.53,1,1.14,1,2.56,1,3.44,1,2.26,0,289.48,1,,1,,1,0.13,1,,1,10.47,30,1205.1,0
24,D,2.73,47.43,1.4792673887,4.63,4.8656017695,2.0159614365,303.98,128.96,3.43,7.1410713952,7.4988674271,5.23,0.2750645383,1793.84,7.19,67.29,637.41,31.136032948,14.620846939,0,2.73,1,1.55,0,4.63,1,4.22,1,2.26,0,303.98,1,,1,3.35,1,,1,,1,15.34,30,1793.84,0
2,D,2.43,33.39,10.94,27.68,4.8656017695,5.84,442.57,113,55.24,121.98,97,18.04,0.2750645383,1794.45,13.4,155.88,1646,31.136032948,85.89,0,2.43,0,10.94,0,27.68,1,6.18,0,5.84,0,442.57,0,121.98,0,97,1,0.35,1,12.73,0,85.89,30,1794.45,0
27,D,3.18,39.04,10.77,39.75,11.21,4.37,33.771419926,120.23,52.23,108.39,71.95,21.66,2.37,,10.7,86.65,1732.97,31.136032948,41.59,0,3.18,0,10.77,0,39.75,0,11.21,0,4.37,1,26.9,0,108.39,0,71.95,0,2.37,1,,0,41.59,30,518.66,1
21,D,1.4333054479,53.28,1.4792673887,43.07,7.73,4.78,620.11,189.77,9.05,119.29,33.75,19.62,0.47,942.41,18.21,122.84,1876.02,31.136032948,27.36,1,1.5,1,0.43,0,43.07,0,7.73,0,4.78,0,620.11,0,119.29,0,33.75,0,0.47,1,,0,27.36,30,942.41,0
18,D,1.4333054479,41.53,1.4792673887,6.41,4.8656017695,3.32,33.771419926,144.93,5.17,7.1410713952,7.4988674271,6.01,2.37,686.49,7.03,140.91,697.71,31.136032948,14.620846939,1,,1,0.43,0,6.41,1,2.13,0,3.32,1,29.79,1,,1,8.61,0,2.37,1,,1,1.6,30,686.49,0
3,D,3.91,11.79,7.92,60.9,7.01,9.63,33.771419926,47.19,33.27,122.01,68.01,19.15,0.2750645383,410.73,6.97,31.09,2058.43,31.136032948,184.5,0,3.91,0,7.92,0,60.9,0,7.01,0,9.63,1,18.21,0,122.01,0,68.01,1,0.21,1,,0,184.5,30,410.73,0
4,C,7.58,13.47,16.45,69.73,17.76,20.91,70.31,41.07,47.32,220.43,115.36,21.03,4.98,1041.31,6.77,49.45,2436.06,31.136032948,110.2,0,7.58,0,16.45,0,69.73,0,17.76,0,20.91,0,70.31,0,220.43,0,115.36,0,4.98,1,,0,110.2,31,1041.31,0
22,C,1.4333054479,46.11,1.4792673887,20.86,4.8656017695,2.0159614365,363.68,78.61,5.17,28.26,7.4988674271,9.16,0.2750645383,400.74,13.73,80.54,1157.16,31.136032948,49.82,1,,1,,0,20.86,1,2.5,1,1.25,0,363.68,0,28.26,1,7.72,1,0.13,1,,0,49.82,31,400.74,0
5,C,1.4333054479,56.07,4.77,55.55,18.98,8.47,376.27,219.48,34.51,162.62,89.46,16.32,2.27,708.48,10.7,214.75,1650.97,31.136032948,95.21,1,1.65,0,4.77,0,55.55,0,18.98,0,8.47,0,376.27,0,162.62,0,89.46,0,2.27,1,18.84,0,95.21,31,708.48,0
14,C,32.72,19.35,5.82,122.94,37.99,84.35,327.37,37.55,46.76,560.51,254.78,36.64,0.2750645383,1387.6,12.22,100.34,3221.84,74.87,760.84,0,32.72,0,5.82,0,122.94,0,37.99,0,84.35,0,327.37,0,560.51,0,254.78,1,,0,74.87,0,760.84,31,1387.6,0
28,C,2.43,66.7,1.4792673887,22.91,4.8656017695,2.0159614365,91.49,223.66,6.67,33.89,7.4988674271,9.37,1.68,356.3,9.81,84.91,1313.01,31.136032948,14.620846939,0,2.43,1,0.72,0,22.91,1,1.81,1,1.59,0,91.49,0,33.89,1,9.47,0,1.68,1,,1,17.77,31,356.3,0
12,C,1.4333054479,48.94,1.4792673887,31.09,4.8656017695,4.78,471.47,153.55,9.95,50.62,17.45,7.4,5.21,762.73,15.58,59.24,1417.89,31.136032948,98.65,1,1.5,1,1,0,31.09,1,5.44,0,4.78,0,471.47,0,50.62,0,17.45,0,5.21,1,,0,98.65,31,762.73,0
15,C,2.73,31.81,6.18,21.85,4.8656017695,15.92,572.1,59.25,45.94,135.58,40.86,13.19,5.09,1318.05,11.81,57.68,1272.53,31.136032948,141.12,0,2.73,0,6.18,0,21.85,1,6.24,0,15.92,0,572.1,0,135.58,0,40.86,0,5.09,1,,0,141.12,31,1318.05,0
29,C,14.84,45.84,34.07,140.34,33.18,13.46,290.53,112.03,69.8,686.61,368.62,39.03,3.17,518.66,11.91,151.64,3003.99,172.49,388.32,0,14.84,0,34.07,0,140.34,0,33.18,0,13.46,0,290.53,0,686.61,0,368.62,0,3.17,0,172.49,0,388.32,31,518.66,0
25,C,1.4333054479,33.36,1.4792673887,4.36,4.8656017695,5.27,767.23,196.93,5.79,86.51,7.4988674271,15.52,0.2750645383,1076.91,13.58,143.01,782.95,31.136032948,14.620846939,1,,1,1,0,4.36,1,2.16,0,5.27,0,767.23,0,86.51,1,,1,,1,,1,1.6,31,1076.91,0
13,C,1.4333054479,27.07,1.4792673887,39.43,4.8656017695,10.64,129.37,52.3,19.49,56.19,31.96,7.97,0.2750645383,693.81,4.73,60.59,1589.65,31.136032948,208.34,1,0.19,1,1.55,0,39.43,1,5.46,0,10.64,0,129.37,0,56.19,0,31.96,1,,1,,0,208.34,31,693.81,0
9,C,1.4333054479,62,1.4792673887,16.58,4.8656017695,2.0159614365,33.771419926,65.73,6.91,16.88,7.4988674271,4.99,0.2750645383,730.21,3.49,86.14,1157.16,31.136032948,14.620846939,1,,1,,0,16.58,1,1.99,1,1.59,1,,0,16.88,1,,1,,1,,1,15.35,31,730.21,0
8,C,1.4333054479,38.16,5.28,22.24,29.46,10.64,416.17,143.31,7.86,47.85,105.96,15.61,4.42,,12.61,93.33,1219.46,31.136032948,148.03,1,,0,5.28,0,22.24,0,29.46,0,10.64,0,416.17,0,47.85,0,105.96,0,4.42,1,15.77,0,148.03,31,762.73,1
6,C,3.02,33.73,14.61,105.18,30.33,16.25,58.76,77.56,56.21,439.6,277.33,32.4,0.2750645383,59.34,12.14,98.48,2891.8,64.09,459.85,0,3.02,0,14.61,0,105.18,0,30.33,0,16.25,0,58.76,0,439.6,0,277.33,1,,0,64.09,0,459.85,31,59.34,0
11,C,7.26,14.7,10.94,45.43,11.55,25.11,613.6,28.2,38.35,161.05,77.89,15.79,1.94,745.5,7.1,41.71,1970.85,31.136032948,127.32,0,7.26,0,10.94,0,45.43,0,11.55,0,25.11,0,613.6,0,161.05,0,77.89,0,1.94,1,,0,127.32,31,745.5,0
1,C,1.4333054479,45.85,1.4792673887,15.86,4.8656017695,3.32,205.78,93.6,4.92,18.33,7.4988674271,4.75,0.2750645383,617.83,11.86,109.15,999.89,31.136032948,14.620846939,1,0.19,1,0.72,0,15.86,1,1.91,0,3.32,0,205.78,0,18.33,1,3.35,1,0.13,1,,1,5.53,31,617.83,0
10,C,1.4333054479,52.89,1.4792673887,23.6,4.8656017695,3.32,64.55,165.1,7.86,7.1410713952,24.29,8.3,0.2750645383,59.34,9.71,80.32,1372.32,31.136032948,125.13,1,0.85,1,1.29,0,23.6,1,2.5,0,3.32,0,64.55,1,8.26,0,24.29,1,0.06,1,,0,125.13,31,59.34,0
23,C,6.19,38.16,12.33,105.52,16.08,18.89,370.79,94.96,45.35,376.18,199.88,19.4,0.2750645383,452.94,9.9,75.73,2698.42,71.96,319.99,0,6.19,0,12.33,0,105.52,0,16.08,0,18.89,0,370.79,0,376.18,0,199.88,1,,0,71.96,0,319.99,31,452.94,0
16,C,1.4333054479,42.01,2.48,33.95,17.02,2.0159614365,33.771419926,248.47,26.57,1575.47,52.6,13.14,3.1,173.83,11.44,79.03,1676.01,31.136032948,40.4,1,,0,2.48,0,33.95,0,17.02,1,1.59,1,41.38,0,1575.47,0,52.6,0,3.1,1,,0,40.4,31,173.83,0
20,C,1.4333054479,30.05,1.4792673887,40.33,9.91,2.0159614365,466.07,229.37,8.69,115.21,188.67,17.45,0.2750645383,908.79,21.01,109.36,1779.37,31.136032948,14.620846939,1,1.51,1,1,0,40.33,0,9.91,1,,0,466.07,0,115.21,0,188.67,1,,1,6.07,1,15.34,31,908.79,0
7,C,7.02,36.37,8.7,103.16,23.91,9.63,2376.81,117.9,44.88,299.15,423.85,21.85,1.59,547.82,19.85,107.44,2365.78,31.136032948,111.35,0,7.02,0,8.7,0,103.16,0,23.91,0,9.63,0,2376.81,0,299.15,0,423.85,0,1.59,1,42.72,0,111.35,31,547.82,0
17,C,1.4333054479,36.13,1.4792673887,28.87,4.8656017695,2.0159614365,375,328.67,6.67,67.24,38,9.58,0.2750645383,253.24,19.66,52.44,1476.81,31.136032948,99.83,1,,1,1.57,0,28.87,1,4.22,1,2.26,0,375,0,67.24,0,38,1,,1,,0,99.83,31,253.24,0
19,D,6.04,41.65,11.97,38.25,17.77,12.56,462.14,367.13,47.99,138.28,157.62,45.47,14.85,1412.35,16.67,114.01,1717.19,31.136032948,115.95,0,6.04,0,11.97,0,38.25,0,17.77,0,12.56,0,462.14,0,138.28,0,157.62,0,14.85,1,,0,115.95,31,1412.35,0
26,D,1.4333054479,34.57,1.4792673887,3.031366776,4.8656017695,2.0159614365,289.48,78.54,3.51,7.1410713952,7.4988674271,3.34,0.2750645383,1205.1,5.41,42.87,429.91,31.136032948,14.620846939,1,0.53,1,1.14,1,2.56,1,3.44,1,2.26,0,289.48,1,,1,,1,0.13,1,,1,10.47,31,1205.1,0
24,D,2.73,47.43,1.4792673887,4.63,4.8656017695,2.0159614365,303.98,128.96,3.43,7.1410713952,7.4988674271,5.23,0.2750645383,1793.84,7.19,67.29,637.41,31.136032948,14.620846939,0,2.73,1,1.55,0,4.63,1,4.22,1,2.26,0,303.98,1,,1,3.35,1,,1,,1,15.34,31,1793.84,0
2,D,2.43,33.39,10.94,27.68,4.8656017695,5.84,442.57,113,55.24,121.98,97,18.04,0.2750645383,1794.45,13.4,155.88,1646,31.136032948,85.89,0,2.43,0,10.94,0,27.68,1,6.18,0,5.84,0,442.57,0,121.98,0,97,1,0.35,1,12.73,0,85.89,31,1794.45,0
27,D,3.18,39.04,10.77,39.75,11.21,4.37,33.771419926,120.23,52.23,108.39,71.95,21.66,2.37,,10.7,86.65,1732.97,31.136032948,41.59,0,3.18,0,10.77,0,39.75,0,11.21,0,4.37,1,26.9,0,108.39,0,71.95,0,2.37,1,,0,41.59,31,173.83,1
21,D,1.4333054479,53.28,1.4792673887,43.07,7.73,4.78,620.11,189.77,9.05,119.29,33.75,19.62,0.47,942.41,18.21,122.84,1876.02,31.136032948,27.36,1,1.5,1,0.43,0,43.07,0,7.73,0,4.78,0,620.11,0,119.29,0,33.75,0,0.47,1,,0,27.36,31,942.41,0
18,D,1.4333054479,41.53,1.4792673887,6.41,4.8656017695,3.32,33.771419926,144.93,5.17,7.1410713952,7.4988674271,6.01,2.37,686.49,7.03,140.91,697.71,31.136032948,14.620846939,1,,1,0.43,0,6.41,1,2.13,0,3.32,1,29.79,1,,1,8.61,0,2.37,1,,1,1.6,31,686.49,0
3,D,3.91,11.79,7.92,60.9,7.01,9.63,33.771419926,47.19,33.27,122.01,68.01,19.15,0.2750645383,410.73,6.97,31.09,2058.43,31.136032948,184.5,0,3.91,0,7.92,0,60.9,0,7.01,0,9.63,1,18.21,0,122.01,0,68.01,1,0.21,1,,0,184.5,31,410.73,0
4,C,7.58,13.47,16.45,69.73,17.76,20.91,70.31,41.07,47.32,220.43,115.36,21.03,4.98,1041.31,6.77,49.45,2436.06,31.136032948,110.2,0,7.58,0,16.45,0,69.73,0,17.76,0,20.91,0,70.31,0,220.43,0,115.36,0,4.98,1,,0,110.2,32,1041.31,0
22,C,1.4333054479,46.11,1.4792673887,20.86,4.8656017695,2.0159614365,363.68,78.61,5.17,28.26,7.4988674271,9.16,0.2750645383,400.74,13.73,80.54,1157.16,31.136032948,49.82,1,,1,,0,20.86,1,2.5,1,1.25,0,363.68,0,28.26,1,7.72,1,0.13,1,,0,49.82,32,400.74,0
5,C,1.4333054479,56.07,4.77,55.55,18.98,8.47,376.27,219.48,34.51,162.62,89.46,16.32,2.27,708.48,10.7,214.75,1650.97,31.136032948,95.21,1,1.65,0,4.77,0,55.55,0,18.98,0,8.47,0,376.27,0,162.62,0,89.46,0,2.27,1,18.84,0,95.21,32,708.48,0
14,C,32.72,19.35,5.82,122.94,37.99,84.35,327.37,37.55,46.76,560.51,254.78,36.64,0.2750645383,1387.6,12.22,100.34,3221.84,74.87,760.84,0,32.72,0,5.82,0,122.94,0,37.99,0,84.35,0,327.37,0,560.51,0,254.78,1,,0,74.87,0,760.84,32,1387.6,0
28,C,2.43,66.7,1.4792673887,22.91,4.8656017695,2.0159614365,91.49,223.66,6.67,33.89,7.4988674271,9.37,1.68,356.3,9.81,84.91,1313.01,31.136032948,14.620846939,0,2.43,1,0.72,0,22.91,1,1.81,1,1.59,0,91.49,0,33.89,1,9.47,0,1.68,1,,1,17.77,32,356.3,0
12,C,1.4333054479,48.94,1.4792673887,31.09,4.8656017695,4.78,471.47,153.55,9.95,50.62,17.45,7.4,5.21,762.73,15.58,59.24,1417.89,31.136032948,98.65,1,1.5,1,1,0,31.09,1,5.44,0,4.78,0,471.47,0,50.62,0,17.45,0,5.21,1,,0,98.65,32,762.73,0
15,C,2.73,31.81,6.18,21.85,4.8656017695,15.92,572.1,59.25,45.94,135.58,40.86,13.19,5.09,1318.05,11.81,57.68,1272.53,31.136032948,141.12,0,2.73,0,6.18,0,21.85,1,6.24,0,15.92,0,572.1,0,135.58,0,40.86,0,5.09,1,,0,141.12,32,1318.05,0
29,C,14.84,45.84,34.07,140.34,33.18,13.46,290.53,112.03,69.8,686.61,368.62,39.03,3.17,518.66,11.91,151.64,3003.99,172.49,388.32,0,14.84,0,34.07,0,140.34,0,33.18,0,13.46,0,290.53,0,686.61,0,368.62,0,3.17,0,172.49,0,388.32,32,518.66,0
25,C,1.4333054479,33.36,1.4792673887,4.36,4.8656017695,5.27,767.23,196.93,5.79,86.51,7.4988674271,15.52,0.2750645383,1076.91,13.58,143.01,782.95,31.136032948,14.620846939,1,,1,1,0,4.36,1,2.16,0,5.27,0,767.23,0,86.51,1,,1,,1,,1,1.6,32,1076.91,0
13,C,1.4333054479,27.07,1.4792673887,39.43,4.8656017695,10.64,129.37,52.3,19.49,56.19,31.96,7.97,0.2750645383,693.81,4.73,60.59,1589.65,31.136032948,208.34,1,0.19,1,1.55,0,39.43,1,5.46,0,10.64,0,129.37,0,56.19,0,31.96,1,,1,,0,208.34,32,693.81,0
9,C,1.4333054479,62,1.4792673887,16.58,4.8656017695,2.0159614365,33.771419926,65.73,6.91,16.88,7.4988674271,4.99,0.2750645383,730.21,3.49,86.14,1157.16,31.136032948,14.620846939,1,,1,,0,16.58,1,1.99,1,1.59,1,,0,16.88,1,,1,,1,,1,15.35,32,730.21,0
8,C,1.4333054479,38.16,5.28,22.24,29.46,10.64,416.17,143.31,7.86,47.85,105.96,15.61,4.42,,12.61,93.33,1219.46,31.136032948,148.03,1,,0,5.28,0,22.24,0,29.46,0,10.64,0,416.17,0,47.85,0,105.96,0,4.42,1,15.77,0,148.03,32,518.66,1
6,C,3.02,33.73,14.61,105.18,30.33,16.25,58.76,77.56,56.21,439.6,277.33,32.4,0.2750645383,59.34,12.14,98.48,2891.8,64.09,459.85,0,3.02,0,14.61,0,105.18,0,30.33,0,16.25,0,58.76,0,439.6,0,277.33,1,,0,64.09,0,459.85,32,59.34,0
11,C,7.26,14.7,10.94,45.43,11.55,25.11,613.6,28.2,38.35,161.05,77.89,15.79,1.94,745.5,7.1,41.71,1970.85,31.136032948,127.32,0,7.26,0,10.94,0,45.43,0,11.55,0,25.11,0,613.6,0,161.05,0,77.89,0,1.94,1,,0,127.32,32,745.5,0
1,C,1.4333054479,45.85,1.4792673887,15.86,4.8656017695,3.32,205.78,93.6,4.92,18.33,7.4988674271,4.75,0.2750645383,617.83,11.86,109.15,999.89,31.136032948,14.620846939,1,0.19,1,0.72,0,15.86,1,1.91,0,3.32,0,205.78,0,18.33,1,3.35,1,0.13,1,,1,5.53,32,617.83,0
10,C,1.4333054479,52.89,1.4792673887,23.6,4.8656017695,3.32,64.55,165.1,7.86,7.1410713952,24.29,8.3,0.2750645383,59.34,9.71,80.32,1372.32,31.136032948,125.13,1,0.85,1,1.29,0,23.6,1,2.5,0,3.32,0,64.55,1,8.26,0,24.29,1,0.06,1,,0,125.13,32,59.34,0
23,C,6.19,38.16,12.33,105.52,16.08,18.89,370.79,94.96,45.35,376.18,199.88,19.4,0.2750645383,452.94,9.9,75.73,2698.42,71.96,319.99,0,6.19,0,12.33,0,105.52,0,16.08,0,18.89,0,370.79,0,376.18,0,199.88,1,,0,71.96,0,319.99,32,452.94,0
16,C,1.4333054479,42.01,2.48,33.95,17.02,2.0159614365,33.771419926,248.47,26.57,1575.47,52.6,13.14,3.1,173.83,11.44,79.03,1676.01,31.136032948,40.4,1,,0,2.48,0,33.95,0,17.02,1,1.59,1,41.38,0,1575.47,0,52.6,0,3.1,1,,0,40.4,32,173.83,0
20,C,1.4333054479,30.05,1.4792673887,40.33,9.91,2.0159614365,466.07,229.37,8.69,115.21,188.67,17.45,0.2750645383,908.79,21.01,109.36,1779.37,31.136032948,14.620846939,1,1.51,1,1,0,40.33,0,9.91,1,,0,466.07,0,115.21,0,188.67,1,,1,6.07,1,15.34,32,908.79,0
7,C,7.02,36.37,8.7,103.16,23.91,9.63,2376.81,117.9,44.88,299.15,423.85,21.85,1.59,547.82,19.85,107.44,2365.78,31.136032948,111.35,0,7.02,0,8.7,0,103.16,0,23.91,0,9.63,0,2376.81,0,299.15,0,423.85,0,1.59,1,42.72,0,111.35,32,547.82,0
17,C,1.4333054479,36.13,1.4792673887,28.87,4.8656017695,2.0159614365,375,328.67,6.67,67.24,38,9.58,0.2750645383,253.24,19.66,52.44,1476.81,31.136032948,99.83,1,,1,1.57,0,28.87,1,4.22,1,2.26,0,375,0,67.24,0,38,1,,1,,0,99.83,32,253.24,0
19,D,6.04,41.65,11.97,38.25,17.77,12.56,462.14,367.13,47.99,138.28,157.62,45.47,14.85,1412.35,16.67,114.01,1717.19,31.136032948,115.95,0,6.04,0,11.97,0,38.25,0,17.77,0,12.56,0,462.14,0,138.28,0,157.62,0,14.85,1,,0,115.95,32,1412.35,0
26,D,1.4333054479,34.57,1.4792673887,3.031366776,4.8656017695,2.0159614365,289.48,78.54,3.51,7.1410713952,7.4988674271,3.34,0.2750645383,1205.1,5.41,42.87,429.91,31.136032948,14.620846939,1,0.53,1,1.14,1,2.56,1,3.44,1,2.26,0,289.48,1,,1,,1,0.13,1,,1,10.47,32,1205.1,0
24,D,2.73,47.43,1.4792673887,4.63,4.8656017695,2.0159614365,303.98,128.96,3.43,7.1410713952,7.4988674271,5.23,0.2750645383,1793.84,7.19,67.29,637.41,31.136032948,14.620846939,0,2.73,1,1.55,0,4.63,1,4.22,1,2.26,0,303.98,1,,1,3.35,1,,1,,1,15.34,32,1793.84,0
2,D,2.43,33.39,10.94,27.68,4.8656017695,5.84,442.57,113,55.24,121.98,97,18.04,0.2750645383,1794.45,13.4,155.88,1646,31.136032948,85.89,0,2.43,0,10.94,0,27.68,1,6.18,0,5.84,0,442.57,0,121.98,0,97,1,0.35,1,12.73,0,85.89,32,1794.45,0
27,D,3.18,39.04,10.77,39.75,11.21,4.37,33.771419926,120.23,52.23,108.39,71.95,21.66,2.37,,10.7,86.65,1732.97,31.136032948,41.59,0,3.18,0,10.77,0,39.75,0,11.21,0,4.37,1,26.9,0,108.39,0,71.95,0,2.37,1,,0,41.59,32,693.81,1
21,D,1.4333054479,53.28,1.4792673887,43.07,7.73,4.78,620.11,189.77,9.05,119.29,33.75,19.62,0.47,942.41,18.21,122.84,1876.02,31.136032948,27.36,1,1.5,1,0.43,0,43.07,0,7.73,0,4.78,0,620.11,0,119.29,0,33.75,0,0.47,1,,0,27.36,32,942.41,0
18,D,1.4333054479,41.53,1.4792673887,6.41,4.8656017695,3.32,33.771419926,144.93,5.17,7.1410713952,7.4988674271,6.01,2.37,686.49,7.03,140.91,697.71,31.136032948,14.620846939,1,,1,0.43,0,6.41,1,2.13,0,3.32,1,29.79,1,,1,8.61,0,2.37,1,,1,1.6,32,686.49,0
3,D,3.91,11.79,7.92,60.9,7.01,9.63,33.771419926,47.19,33.27,122.01,68.01,19.15,0.2750645383,410.73,6.97,31.09,2058.43,31.136032948,184.5,0,3.91,0,7.92,0,60.9,0,7.01,0,9.63,1,18.21,0,122.01,0,68.01,1,0.21,1,,0,184.5,32,410.73,0
4,C,7.58,13.47,16.45,69.73,17.76,20.91,70.31,41.07,47.32,220.43,115.36,21.03,4.98,1041.31,6.77,49.45,2436.06,31.136032948,110.2,0,7.58,0,16.45,0,69.73,0,17.76,0,20.91,0,70.31,0,220.43,0,115.36,0,4.98,1,,0,110.2,33,1041.31,0
22,C,1.4333054479,46.11,1.4792673887,20.86,4.8656017695,2.0159614365,363.68,78.61,5.17,28.26,7.4988674271,9.16,0.2750645383,400.74,13.73,80.54,1157.16,31.136032948,49.82,1,,1,,0,20.86,1,2.5,1,1.25,0,363.68,0,28.26,1,7.72,1,0.13,1,,0,49.82,33,400.74,0
5,C,1.4333054479,56.07,4.77,55.55,18.98,8.47,376.27,219.48,34.51,162.62,89.46,16.32,2.27,708.48,10.7,214.75,1650.97,31.136032948,95.21,1,1.65,0,4.77,0,55.55,0,18.98,0,8.47,0,376.27,0,162.62,0,89.46,0,2.27,1,18.84,0,95.21,33,708.48,0
14,C,32.72,19.35,5.82,122.94,37.99,84.35,327.37,37.55,46.76,560.51,254.78,36.64,0.2750645383,1387.6,12.22,100.34,3221.84,74.87,760.84,0,32.72,0,5.82,0,122.94,0,37.99,0,84.35,0,327.37,0,560.51,0,254.78,1,,0,74.87,0,760.84,33,1387.6,0
28,C,2.43,66.7,1.4792673887,22.91,4.8656017695,2.0159614365,91.49,223.66,6.67,33.89,7.4988674271,9.37,1.68,356.3,9.81,84.91,1313.01,31.136032948,14.620846939,0,2.43,1,0.72,0,22.91,1,1.81,1,1.59,0,91.49,0,33.89,1,9.47,0,1.68,1,,1,17.77,33,356.3,0
12,C,1.4333054479,48.94,1.4792673887,31.09,4.8656017695,4.78,471.47,153.55,9.95,50.62,17.45,7.4,5.21,762.73,15.58,59.24,1417.89,31.136032948,98.65,1,1.5,1,1,0,31.09,1,5.44,0,4.78,0,471.47,0,50.62,0,17.45,0,5.21,1,,0,98.65,33,762.73,0
15,C,2.73,31.81,6.18,21.85,4.8656017695,15.92,572.1,59.25,45.94,135.58,40.86,13.19,5.09,1318.05,11.81,57.68,1272.53,31.136032948,141.12,0,2.73,0,6.18,0,21.85,1,6.24,0,15.92,0,572.1,0,135.58,0,40.86,0,5.09,1,,0,141.12,33,1318.05,0
29,C,14.84,45.84,34.07,140.34,33.18,13.46,290.53,112.03,69.8,686.61,368.62,39.03,3.17,518.66,11.91,151.64,3003.99,172.49,388.32,0,14.84,0,34.07,0,140.34,0,33.18,0,13.46,0,290.53,0,686.61,0,368.62,0,3.17,0,172.49,0,388.32,33,518.66,0
25,C,1.4333054479,33.36,1.4792673887,4.36,4.8656017695,5.27,767.23,196.93,5.79,86.51,7.4988674271,15.52,0.2750645383,1076.91,13.58,143.01,782.95,31.136032948,14.620846939,1,,1,1,0,4.36,1,2.16,0,5.27,0,767.23,0,86.51,1,,1,,1,,1,1.6,33,1076.91,0
13,C,1.4333054479,27.07,1.4792673887,39.43,4.8656017695,10.64,129.37,52.3,19.49,56.19,31.96,7.97,0.2750645383,693.81,4.73,60.59,1589.65,31.136032948,208.34,1,0.19,1,1.55,0,39.43,1,5.46,0,10.64,0,129.37,0,56.19,0,31.96,1,,1,,0,208.34,33,693.81,0
9,C,1.4333054479,62,1.4792673887,16.58,4.8656017695,2.0159614365,33.771419926,65.73,6.91,16.88,7.4988674271,4.99,0.2750645383,730.21,3.49,86.14,1157.16,31.136032948,14.620846939,1,,1,,0,16.58,1,1.99,1,1.59,1,,0,16.88,1,,1,,1,,1,15.35,33,730.21,0
8,C,1.4333054479,38.16,5.28,22.24,29.46,10.64,416.17,143.31,7.86,47.85,105.96,15.61,4.42,,12.61,93.33,1219.46,31.136032948,148.03,1,,0,5.28,0,22.24,0,29.46,0,10.64,0,416.17,0,47.85,0,105.96,0,4.42,1,15.77,0,148.03,33,908.79,1
6,C,3.02,33.73,14.61,105.18,30.33,16.25,58.76,77.56,56.21,439.6,277.33,32.4,0.2750645383,59.34,12.14,98.48,2891.8,64.09,459.85,0,3.02,0,14.61,0,105.18,0,30.33,0,16.25,0,58.76,0,439.6,0,277.33,1,,0,64.09,0,459.85,33,59.34,0
11,C,7.26,14.7,10.94,45.43,11.55,25.11,613.6,28.2,38.35,161.05,77.89,15.79,1.94,745.5,7.1,41.71,1970.85,31.136032948,127.32,0,7.26,0,10.94,0,45.43,0,11.55,0,25.11,0,613.6,0,161.05,0,77.89,0,1.94,1,,0,127.32,33,745.5,0
1,C,1.4333054479,45.85,1.4792673887,15.86,4.8656017695,3.32,205.78,93.6,4.92,18.33,7.4988674271,4.75,0.2750645383,617.83,11.86,109.15,999.89,31.136032948,14.620846939,1,0.19,1,0.72,0,15.86,1,1.91,0,3.32,0,205.78,0,18.33,1,3.35,1,0.13,1,,1,5.53,33,617.83,0
10,C,1.4333054479,52.89,1.4792673887,23.6,4.8656017695,3.32,64.55,165.1,7.86,7.1410713952,24.29,8.3,0.2750645383,59.34,9.71,80.32,1372.32,31.136032948,125.13,1,0.85,1,1.29,0,23.6,1,2.5,0,3.32,0,64.55,1,8.26,0,24.29,1,0.06,1,,0,125.13,33,59.34,0
23,C,6.19,38.16,12.33,105.52,16.08,18.89,370.79,94.96,45.35,376.18,199.88,19.4,0.2750645383,452.94,9.9,75.73,2698.42,71.96,319.99,0,6.19,0,12.33,0,105.52,0,16.08,0,18.89,0,370.79,0,376.18,0,199.88,1,,0,71.96,0,319.99,33,452.94,0
16,C,1.4333054479,42.01,2.48,33.95,17.02,2.0159614365,33.771419926,248.47,26.57,1575.47,52.6,13.14,3.1,173.83,11.44,79.03,1676.01,31.136032948,40.4,1,,0,2.48,0,33.95,0,17.02,1,1.59,1,41.38,0,1575.47,0,52.6,0,3.1,1,,0,40.4,33,173.83,0
20,C,1.4333054479,30.05,1.4792673887,40.33,9.91,2.0159614365,466.07,229.37,8.69,115.21,188.67,17.45,0.2750645383,908.79,21.01,109.36,1779.37,31.136032948,14.620846939,1,1.51,1,1,0,40.33,0,9.91,1,,0,466.07,0,115.21,0,188.67,1,,1,6.07,1,15.34,33,908.79,0
7,C,7.02,36.37,8.7,103.16,23.91,9.63,2376.81,117.9,44.88,299.15,423.85,21.85,1.59,547.82,19.85,107.44,2365.78,31.136032948,111.35,0,7.02,0,8.7,0,103.16,0,23.91,0,9.63,0,2376.81,0,299.15,0,423.85,0,1.59,1,42.72,0,111.35,33,547.82,0
17,C,1.4333054479,36.13,1.4792673887,28.87,4.8656017695,2.0159614365,375,328.67,6.67,67.24,38,9.58,0.2750645383,253.24,19.66,52.44,1476.81,31.136032948,99.83,1,,1,1.57,0,28.87,1,4.22,1,2.26,0,375,0,67.24,0,38,1,,1,,0,99.83,33,253.24,0
19,D,6.04,41.65,11.97,38.25,17.77,12.56,462.14,367.13,47.99,138.28,157.62,45.47,14.85,1412.35,16.67,114.01,1717.19,31.136032948,115.95,0,6.04,0,11.97,0,38.25,0,17.77,0,12.56,0,462.14,0,138.28,0,157.62,0,14.85,1,,0,115.95,33,1412.35,0
26,D,1.4333054479,34.57,1.4792673887,3.031366776,4.8656017695,2.0159614365,289.48,78.54,3.51,7.1410713952,7.4988674271,3.34,0.2750645383,1205.1,5.41,42.87,429.91,31.136032948,14.620846939,1,0.53,1,1.14,1,2.56,1,3.44,1,2.26,0,289.48,1,,1,,1,0.13,1,,1,10.47,33,1205.1,0
24,D,2.73,47.43,1.4792673887,4.63,4.8656017695,2.0159614365,303.98,128.96,3.43,7.1410713952,7.4988674271,5.23,0.2750645383,1793.84,7.19,67.29,637.41,31.136032948,14.620846939,0,2.73,1,1.55,0,4.63,1,4.22,1,2.26,0,303.98,1,,1,3.35,1,,1,,1,15.34,33,1793.84,0
2,D,2.43,33.39,10.94,27.68,4.8656017695,5.84,442.57,113,55.24,121.98,97,18.04,0.2750645383,1794.45,13.4,155.88,1646,31.136032948,85.89,0,2.43,0,10.94,0,27.68,1,6.18,0,5.84,0,442.57,0,121.98,0,97,1,0.35,1,12.73,0,85.89,33,1794.45,0
27,D,3.18,39.04,10.77,39.75,11.21,4.37,33.771419926,120.23,52.23,108.39,71.95,21.66,2.37,,10.7,86.65,1732.97,31.136032948,41.59,0,3.18,0,10.77,0,39.75,0,11.21,0,4.37,1,26.9,0,108.39,0,71.95,0,2.37,1,,0,41.59,33,908.79,1
21,D,1.4333054479,53.28,1.4792673887,43.07,7.73,4.78,620.11,189.77,9.05,119.29,33.75,19.62,0.47,942.41,18.21,122.84,1876.02,31.136032948,27.36,1,1.5,1,0.43,0,43.07,0,7.73,0,4.78,0,620.11,0,119.29,0,33.75,0,0.47,1,,0,27.36,33,942.41,0
18,D,1.4333054479,41.53,1.4792673887,6.41,4.8656017695,3.32,33.771419926,144.93,5.17,7.1410713952,7.4988674271,6.01,2.37,686.49,7.03,140.91,697.71,31.136032948,14.620846939,1,,1,0.43,0,6.41,1,2.13,0,3.32,1,29.79,1,,1,8.61,0,2.37,1,,1,1.6,33,686.49,0
3,D,3.91,11.79,7.92,60.9,7.01,9.63,33.771419926,47.19,33.27,122.01,68.01,19.15,0.2750645383,410.73,6.97,31.09,2058.43,31.136032948,184.5,0,3.91,0,7.92,0,60.9,0,7.01,0,9.63,1,18.21,0,122.01,0,68.01,1,0.21,1,,0,184.5,33,410.73,0
4,C,7.58,13.47,16.45,69.73,17.76,20.91,70.31,41.07,47.32,220.43,115.36,21.03,4.98,1041.31,6.77,49.45,2436.06,31.136032948,110.2,0,7.58,0,16.45,0,69.73,0,17.76,0,20.91,0,70.31,0,220.43,0,115.36,0,4.98,1,,0,110.2,34,1041.31,0
22,C,1.4333054479,46.11,1.4792673887,20.86,4.8656017695,2.0159614365,363.68,78.61,5.17,28.26,7.4988674271,9.16,0.2750645383,400.74,13.73,80.54,1157.16,31.136032948,49.82,1,,1,,0,20.86,1,2.5,1,1.25,0,363.68,0,28.26,1,7.72,1,0.13,1,,0,49.82,34,400.74,0
5,C,1.4333054479,56.07,4.77,55.55,18.98,8.47,376.27,219.48,34.51,162.62,89.46,16.32,2.27,708.48,10.7,214.75,1650.97,31.136032948,95.21,1,1.65,0,4.77,0,55.55,0,18.98,0,8.47,0,376.27,0,162.62,0,89.46,0,2.27,1,18.84,0,95.21,34,708.48,0
14,C,32.72,19.35,5.82,122.94,37.99,84.35,327.37,37.55,46.76,560.51,254.78,36.64,0.2750645383,1387.6,12.22,100.34,3221.84,74.87,760.84,0,32.72,0,5.82,0,122.94,0,37.99,0,84.35,0,327.37,0,560.51,0,254.78,1,,0,74.87,0,760.84,34,1387.6,0
28,C,2.43,66.7,1.4792673887,22.91,4.8656017695,2.0159614365,91.49,223.66,6.67,33.89,7.4988674271,9.37,1.68,356.3,9.81,84.91,1313.01,31.136032948,14.620846939,0,2.43,1,0.72,0,22.91,1,1.81,1,1.59,0,91.49,0,33.89,1,9.47,0,1.68,1,,1,17.77,34,356.3,0
12,C,1.4333054479,48.94,1.4792673887,31.09,4.8656017695,4.78,471.47,153.55,9.95,50.62,17.45,7.4,5.21,762.73,15.58,59.24,1417.89,31.136032948,98.65,1,1.5,1,1,0,31.09,1,5.44,0,4.78,0,471.47,0,50.62,0,17.45,0,5.21,1,,0,98.65,34,762.73,0
15,C,2.73,31.81,6.18,21.85,4.8656017695,15.92,572.1,59.25,45.94,135.58,40.86,13.19,5.09,1318.05,11.81,57.68,1272.53,31.136032948,141.12,0,2.73,0,6.18,0,21.85,1,6.24,0,15.92,0,572.1,0,135.58,0,40.86,0,5.09,1,,0,141.12,34,1318.05,0
29,C,14.84,45.84,34.07,140.34,33.18,13.46,290.53,112.03,69.8,686.61,368.62,39.03,3.17,518.66,11.91,151.64,3003.99,172.49,388.32,0,14.84,0,34.07,0,140.34,0,33.18,0,13.46,0,290.53,0,686.61,0,368.62,0,3.17,0,172.49,0,388.32,34,518.66,0
25,C,1.4333054479,33.36,1.4792673887,4.36,4.8656017695,5.27,767.23,196.93,5.79,86.51,7.4988674271,15.52,0.2750645383,1076.91,13.58,143.01,782.95,31.136032948,14.620846939,1,,1,1,0,4.36,1,2.16,0,5.27,0,767.23,0,86.51,1,,1,,1,,1,1.6,34,1076.91,0
13,C,1.4333054479,27.07,1.4792673887,39.43,4.8656017695,10.64,129.37,52.3,19.49,56.19,31.96,7.97,0.2750645383,693.81,4.73,60.59,1589.65,31.136032948,208.34,1,0.19,1,1.55,0,39.43,1,5.46,0,10.64,0,129.37,0,56.19,0,31.96,1,,1,,0,208.34,34,693.81,0
9,C,1.4333054479,62,1.4792673887,16.58,4.8656017695,2.0159614365,33.771419926,65.73,6.91,16.88,7.4988674271,4.99,0.2750645383,730.21,3.49,86.14,1157.16,31.136032948,14.620846939,1,,1,,0,16.58,1,1.99,1,1.59,1,,0,16.88,1,,1,,1,,1,15.35,34,730.21,0
8,C,1.4333054479,38.16,5.28,22.24,29.46,10.64,416.17,143.31,7.86,47.85,105.96,15.61,4.42,,12.61,93.33,1219.46,31.136032948,148.03,1,,0,5.28,0,22.24,0,29.46,0,10.64,0,416.17,0,47.85,0,105.96,0,4.42,1,15.77,0,148.03,34,452.94,1
6,C,3.02,33.73,14.61,105.18,30.33,16.25,58.76,77.56,56.21,439.6,277.33,32.4,0.2750645383,59.34,12.14,98.48,2891.8,64.09,459.85,0,3.02,0,14.61,0,105.18,0,30.33,0,16.25,0,58.76,0,439.6,0,277.33,1,,0,64.09,0,459.85,34,59.34,0
11,C,7.26,14.7,10.94,45.43,11.55,25.11,613.6,28.2,38.35,161.05,77.89,15.79,1.94,745.5,7.1,41.71,1970.85,31.136032948,127.32,0,7.26,0,10.94,0,45.43,0,11.55,0,25.11,0,613.6,0,161.05,0,77.89,0,1.94,1,,0,127.32,34,745.5,0
1,C,1.4333054479,45.85,1.4792673887,15.86,4.8656017695,3.32,205.78,93.6,4.92,18.33,7.4988674271,4.75,0.2750645383,617.83,11.86,109.15,999.89,31.136032948,14.620846939,1,0.19,1,0.72,0,15.86,1,1.91,0,3.32,0,205.78,0,18.33,1,3.35,1,0.13,1,,1,5.53,34,617.83,0
10,C,1.4333054479,52.89,1.4792673887,23.6,4.8656017695,3.32,64.55,165.1,7.86,7.1410713952,24.29,8.3,0.2750645383,59.34,9.71,80.32,1372.32,31.136032948,125.13,1,0.85,1,1.29,0,23.6,1,2.5,0,3.32,0,64.55,1,8.26,0,24.29,1,0.06,1,,0,125.13,34,59.34,0
23,C,6.19,38.16,12.33,105.52,16.08,18.89,370.79,94.96,45.35,376.18,199.88,19.4,0.2750645383,452.94,9.9,75.73,2698.42,71.96,319.99,0,6.19,0,12.33,0,105.52,0,16.08,0,18.89,0,370.79,0,376.18,0,199.88,1,,0,71.96,0,319.99,34,452.94,0
16,C,1.4333054479,42.01,2.48,33.95,17.02,2.0159614365,33.771419926,248.47,26.57,1575.47,52.6,13.14,3.1,173.83,11.44,79.03,1676.01,31.136032948,40.4,1,,0,2.48,0,33.95,0,17.02,1,1.59,1,41.38,0,1575.47,0,52.6,0,3.1,1,,0,40.4,34,173.83,0
20,C,1.4333054479,30.05,1.4792673887,40.33,9.91,2.0159614365,466.07,229.37,8.69,115.21,188.67,17.45,0.2750645383,908.79,21.01,109.36,1779.37,31.136032948,14.620846939,1,1.51,1,1,0,40.33,0,9.91,1,,0,466.07,0,115.21,0,188.67,1,,1,6.07,1,15.34,34,908.79,0
7,C,7.02,36.37,8.7,103.16,23.91,9.63,2376.81,117.9,44.88,299.15,423.85,21.85,1.59,547.82,19.85,107.44,2365.78,31.136032948,111.35,0,7.02,0,8.7,0,103.16,0,23.91,0,9.63,0,2376.81,0,299.15,0,423.85,0,1.59,1,42.72,0,111.35,34,547.82,0
17,C,1.4333054479,36.13,1.4792673887,28.87,4.8656017695,2.0159614365,375,328.67,6.67,67.24,38,9.58,0.2750645383,253.24,19.66,52.44,1476.81,31.136032948,99.83,1,,1,1.57,0,28.87,1,4.22,1,2.26,0,375,0,67.24,0,38,1,,1,,0,99.83,34,253.24,0
19,D,6.04,41.65,11.97,38.25,17.77,12.56,462.14,367.13,47.99,138.28,157.62,45.47,14.85,1412.35,16.67,114.01,1717.19,31.136032948,115.95,0,6.04,0,11.97,0,38.25,0,17.77,0,12.56,0,462.14,0,138.28,0,157.62,0,14.85,1,,0,115.95,34,1412.35,0
26,D,1.4333054479,34.57,1.4792673887,3.031366776,4.8656017695,2.0159614365,289.48,78.54,3.51,7.1410713952,7.4988674271,3.34,0.2750645383,1205.1,5.41,42.87,429.91,31.136032948,14.620846939,1,0.53,1,1.14,1,2.56,1,3.44,1,2.26,0,289.48,1,,1,,1,0.13,1,,1,10.47,34,1205.1,0
24,D,2.73,47.43,1.4792673887,4.63,4.8656017695,2.0159614365,303.98,128.96,3.43,7.1410713952,7.4988674271,5.23,0.2750645383,1793.84,7.19,67.29,637.41,31.136032948,14.620846939,0,2.73,1,1.55,0,4.63,1,4.22,1,2.26,0,303.98,1,,1,3.35,1,,1,,1,15.34,34,1793.84,0
2,D,2.43,33.39,10.94,27.68,4.8656017695,5.84,442.57,113,55.24,121.98,97,18.04,0.2750645383,1794.45,13.4,155.88,1646,31.136032948,85.89,0,2.43,0,10.94,0,27.68,1,6.18,0,5.84,0,442.57,0,121.98,0,97,1,0.35,1,12.73,0,85.89,34,1794.45,0
27,D,3.18,39.04,10.77,39.75,11.21,4.37,33.771419926,120.23,52.23,108.39,71.95,21.66,2.37,,10.7,86.65,1732.97,31.136032948,41.59,0,3.18,0,10.77,0,39.75,0,11.21,0,4.37,1,26.9,0,108.39,0,71.95,0,2.37,1,,0,41.59,34,942.41,1
21,D,1.4333054479,53.28,1.4792673887,43.07,7.73,4.78,620.11,189.77,9.05,119.29,33.75,19.62,0.47,942.41,18.21,122.84,1876.02,31.136032948,27.36,1,1.5,1,0.43,0,43.07,0,7.73,0,4.78,0,620.11,0,119.29,0,33.75,0,0.47,1,,0,27.36,34,942.41,0
18,D,1.4333054479,41.53,1.4792673887,6.41,4.8656017695,3.32,33.771419926,144.93,5.17,7.1410713952,7.4988674271,6.01,2.37,686.49,7.03,140.91,697.71,31.136032948,14.620846939,1,,1,0.43,0,6.41,1,2.13,0,3.32,1,29.79,1,,1,8.61,0,2.37,1,,1,1.6,34,686.49,0
3,D,3.91,11.79,7.92,60.9,7.01,9.63,33.771419926,47.19,33.27,122.01,68.01,19.15,0.2750645383,410.73,6.97,31.09,2058.43,31.136032948,184.5,0,3.91,0,7.92,0,60.9,0,7.01,0,9.63,1,18.21,0,122.01,0,68.01,1,0.21,1,,0,184.5,34,410.73,0
4,C,7.58,13.47,16.45,69.73,17.76,20.91,70.31,41.07,47.32,220.43,115.36,21.03,4.98,1041.31,6.77,49.45,2436.06,31.136032948,110.2,0,7.58,0,16.45,0,69.73,0,17.76,0,20.91,0,70.31,0,220.43,0,115.36,0,4.98,1,,0,110.2,35,1041.31,0
22,C,1.4333054479,46.11,1.4792673887,20.86,4.8656017695,2.0159614365,363.68,78.61,5.17,28.26,7.4988674271,9.16,0.2750645383,400.74,13.73,80.54,1157.16,31.136032948,49.82,1,,1,,0,20.86,1,2.5,1,1.25,0,363.68,0,28.26,1,7.72,1,0.13,1,,0,49.82,35,400.74,0
5,C,1.4333054479,56.07,4.77,55.55,18.98,8.47,376.27,219.48,34.51,162.62,89.46,16.32,2.27,708.48,10.7,214.75,1650.97,31.136032948,95.21,1,1.65,0,4.77,0,55.55,0,18.98,0,8.47,0,376.27,0,162.62,0,89.46,0,2.27,1,18.84,0,95.21,35,708.48,0
14,C,32.72,19.35,5.82,122.94,37.99,84.35,327.37,37.55,46.76,560.51,254.78,36.64,0.2750645383,1387.6,12.22,100.34,3221.84,74.87,760.84,0,32.72,0,5.82,0,122.94,0,37.99,0,84.35,0,327.37,0,560.51,0,254.78,1,,0,74.87,0,760.84,35,1387.6,0
28,C,2.43,66.7,1.4792673887,22.91,4.8656017695,2.0159614365,91.49,223.66,6.67,33.89,7.4988674271,9.37,1.68,356.3,9.81,84.91,1313.01,31.136032948,14.620846939,0,2.43,1,0.72,0,22.91,1,1.81,1,1.59,0,91.49,0,33.89,1,9.47,0,1.68,1,,1,17.77,35,356.3,0
12,C,1.4333054479,48.94,1.4792673887,31.09,4.8656017695,4.78,471.47,153.55,9.95,50.62,17.45,7.4,5.21,762.73,15.58,59.24,1417.89,31.136032948,98.65,1,1.5,1,1,0,31.09,1,5.44,0,4.78,0,471.47,0,50.62,0,17.45,0,5.21,1,,0,98.65,35,762.73,0
15,C,2.73,31.81,6.18,21.85,4.8656017695,15.92,572.1,59.25,45.94,135.58,40.86,13.19,5.09,1318.05,11.81,57.68,1272.53,31.136032948,141.12,0,2.73,0,6.18,0,21.85,1,6.24,0,15.92,0,572.1,0,135.58,0,40.86,0,5.09,1,,0,141.12,35,1318.05,0
29,C,14.84,45.84,34.07,140.34,33.18,13.46,290.53,112.03,69.8,686.61,368.62,39.03,3.17,518.66,11.91,151.64,3003.99,172.49,388.32,0,14.84,0,34.07,0,140.34,0,33.18,0,13.46,0,290.53,0,686.61,0,368.62,0,3.17,0,172.49,0,388.32,35,518.66,0
25,C,1.4333054479,33.36,1.4792673887,4.36,4.8656017695,5.27,767.23,196.93,5.79,86.51,7.4988674271,15.52,0.2750645383,1076.91,13.58,143.01,782.95,31.136032948,14.620846939,1,,1,1,0,4.36,1,2.16,0,5.27,0,767.23,0,86.51,1,,1,,1,,1,1.6,35,1076.91,0
13,C,1.4333054479,27.07,1.4792673887,39.43,4.8656017695,10.64,129.37,52.3,19.49,56.19,31.96,7.97,0.2750645383,693.81,4.73,60.59,1589.65,31.136032948,208.34,1,0.19,1,1.55,0,39.43,1,5.46,0,10.64,0,129.37,0,56.19,0,31.96,1,,1,,0,208.34,35,693.81,0
9,C,1.4333054479,62,1.4792673887,16.58,4.8656017695,2.0159614365,33.771419926,65.73,6.91,16.88,7.4988674271,4.99,0.2750645383,730.21,3.49,86.14,1157.16,31.136032948,14.620846939,1,,1,,0,16.58,1,1.99,1,1.59,1,,0,16.88,1,,1,,1,,1,15.35,35,730.21,0
8,C,1.4333054479,38.16,5.28,22.24,29.46,10.64,416.17,143.31,7.86,47.85,105.96,15.61,4.42,,12.61,93.33,1219.46,31.136032948,148.03,1,,0,5.28,0,22.24,0,29.46,0,10.64,0,416.17,0,47.85,0,105.96,0,4.42,1,15.77,0,148.03,35,173.83,1
6,C,3.02,33.73,14.61,105.18,30.33,16.25,58.76,77.56,56.21,439.6,277.33,32.4,0.2750645383,59.34,12.14,98.48,2891.8,64.09,459.85,0,3.02,0,14.61,0,105.18,0,30.33,0,16.25,0,58.76,0,439.6,0,277.33,1,,0,64.09,0,459.85,35,59.34,0
11,C,7.26,14.7,10.94,45.43,11.55,25.11,613.6,28.2,38.35,161.05,77.89,15.79,1.94,745.5,7.1,41.71,1970.85,31.136032948,127.32,0,7.26,0,10.94,0,45.43,0,11.55,0,25.11,0,613.6,0,161.05,0,77.89,0,1.94,1,,0,127.32,35,745.5,0
1,C,1.4333054479,45.85,1.4792673887,15.86,4.8656017695,3.32,205.78,93.6,4.92,18.33,7.4988674271,4.75,0.2750645383,617.83,11.86,109.15,999.89,31.136032948,14.620846939,1,0.19,1,0.72,0,15.86,1,1.91,0,3.32,0,205.78,0,18.33,1,3.35,1,0.13,1,,1,5.53,35,617.83,0
10,C,1.4333054479,52.89,1.4792673887,23.6,4.8656017695,3.32,64.55,165.1,7.86,7.1410713952,24.29,8.3,0.2750645383,59.34,9.71,80.32,1372.32,31.136032948,125.13,1,0.85,1,1.29,0,23.6,1,2.5,0,3.32,0,64.55,1,8.26,0,24.29,1,0.06,1,,0,125.13,35,59.34,0
23,C,6.19,38.16,12.33,105.52,16.08,18.89,370.79,94.96,45.35,376.18,199.88,19.4,0.2750645383,452.94,9.9,75.73,2698.42,71.96,319.99,0,6.19,0,12.33,0,105.52,0,16.08,0,18.89,0,370.79,0,376.18,0,199.88,1,,0,71.96,0,319.99,35,452.94,0
16,C,1.4333054479,42.01,2.48,33.95,17.02,2.0159614365,33.771419926,248.47,26.57,1575.47,52.6,13.14,3.1,173.83,11.44,79.03,1676.01,31.136032948,40.4,1,,0,2.48,0,33.95,0,17.02,1,1.59,1,41.38,0,1575.47,0,52.6,0,3.1,1,,0,40.4,35,173.83,0
20,C,1.4333054479,30.05,1.4792673887,40.33,9.91,2.0159614365,466.07,229.37,8.69,115.21,188.67,17.45,0.2750645383,908.79,21.01,109.36,1779.37,31.136032948,14.620846939,1,1.51,1,1,0,40.33,0,9.91,1,,0,466.07,0,115.21,0,188.67,1,,1,6.07,1,15.34,35,908.79,0
7,C,7.02,36.37,8.7,103.16,23.91,9.63,2376.81,117.9,44.88,299.15,423.85,21.85,1.59,547.82,19.85,107.44,2365.78,31.136032948,111.35,0,7.02,0,8.7,0,103.16,0,23.91,0,9.63,0,2376.81,0,299.15,0,423.85,0,1.59,1,42.72,0,111.35,35,547.82,0
17,C,1.4333054479,36.13,1.4792673887,28.87,4.8656017695,2.0159614365,375,328.67,6.67,67.24,38,9.58,0.2750645383,253.24,19.66,52.44,1476.81,31.136032948,99.83,1,,1,1.57,0,28.87,1,4.22,1,2.26,0,375,0,67.24,0,38,1,,1,,0,99.83,35,253.24,0
19,D,6.04,41.65,11.97,38.25,17.77,12.56,462.14,367.13,47.99,138.28,157.62,45.47,14.85,1412.35,16.67,114.01,1717.19,31.136032948,115.95,0,6.04,0,11.97,0,38.25,0,17.77,0,12.56,0,462.14,0,138.28,0,157.62,0,14.85,1,,0,115.95,35,1412.35,0
26,D,1.4333054479,34.57,1.4792673887,3.031366776,4.8656017695,2.0159614365,289.48,78.54,3.51,7.1410713952,7.4988674271,3.34,0.2750645383,1205.1,5.41,42.87,429.91,31.136032948,14.620846939,1,0.53,1,1.14,1,2.56,1,3.44,1,2.26,0,289.48,1,,1,,1,0.13,1,,1,10.47,35,1205.1,0
24,D,2.73,47.43,1.4792673887,4.63,4.8656017695,2.0159614365,303.98,128.96,3.43,7.1410713952,7.4988674271,5.23,0.2750645383,1793.84,7.19,67.29,637.41,31.136032948,14.620846939,0,2.73,1,1.55,0,4.63,1,4.22,1,2.26,0,303.98,1,,1,3.35,1,,1,,1,15.34,35,1793.84,0
2,D,2.43,33.39,10.94,27.68,4.8656017695,5.84,442.57,113,55.24,121.98,97,18.04,0.2750645383,1794.45,13.4,155.88,1646,31.136032948,85.89,0,2.43,0,10.94,0,27.68,1,6.18,0,5.84,0,442.57,0,121.98,0,97,1,0.35,1,12.73,0,85.89,35,1794.45,0
27,D,3.18,39.04,10.77,39.75,11.21,4.37,33.771419926,120.23,52.23,108.39,71.95,21.66,2.37,,10.7,86.65,1732.97,31.136032948,41.59,0,3.18,0,10.77,0,39.75,0,11.21,0,4.37,1,26.9,0,108.39,0,71.95,0,2.37,1,,0,41.59,35,410.73,1
21,D,1.4333054479,53.28,1.4792673887,43.07,7.73,4.78,620.11,189.77,9.05,119.29,33.75,19.62,0.47,942.41,18.21,122.84,1876.02,31.136032948,27.36,1,1.5,1,0.43,0,43.07,0,7.73,0,4.78,0,620.11,0,119.29,0,33.75,0,0.47,1,,0,27.36,35,942.41,0
18,D,1.4333054479,41.53,1.4792673887,6.41,4.8656017695,3.32,33.771419926,144.93,5.17,7.1410713952,7.4988674271,6.01,2.37,686.49,7.03,140.91,697.71,31.136032948,14.620846939,1,,1,0.43,0,6.41,1,2.13,0,3.32,1,29.79,1,,1,8.61,0,2.37,1,,1,1.6,35,686.49,0
3,D,3.91,11.79,7.92,60.9,7.01,9.63,33.771419926,47.19,33.27,122.01,68.01,19.15,0.2750645383,410.73,6.97,31.09,2058.43,31.136032948,184.5,0,3.91,0,7.92,0,60.9,0,7.01,0,9.63,1,18.21,0,122.01,0,68.01,1,0.21,1,,0,184.5,35,410.73,0
4,C,7.58,13.47,16.45,69.73,17.76,20.91,70.31,41.07,47.32,220.43,115.36,21.03,4.98,1041.31,6.77,49.45,2436.06,31.136032948,110.2,0,7.58,0,16.45,0,69.73,0,17.76,0,20.91,0,70.31,0,220.43,0,115.36,0,4.98,1,,0,110.2,36,1041.31,0
22,C,1.4333054479,46.11,1.4792673887,20.86,4.8656017695,2.0159614365,363.68,78.61,5.17,28.26,7.4988674271,9.16,0.2750645383,400.74,13.73,80.54,1157.16,31.136032948,49.82,1,,1,,0,20.86,1,2.5,1,1.25,0,363.68,0,28.26,1,7.72,1,0.13,1,,0,49.82,36,400.74,0
5,C,1.4333054479,56.07,4.77,55.55,18.98,8.47,376.27,219.48,34.51,162.62,89.46,16.32,2.27,708.48,10.7,214.75,1650.97,31.136032948,95.21,1,1.65,0,4.77,0,55.55,0,18.98,0,8.47,0,376.27,0,162.62,0,89.46,0,2.27,1,18.84,0,95.21,36,708.48,0
14,C,32.72,19.35,5.82,122.94,37.99,84.35,327.37,37.55,46.76,560.51,254.78,36.64,0.2750645383,1387.6,12.22,100.34,3221.84,74.87,760.84,0,32.72,0,5.82,0,122.94,0,37.99,0,84.35,0,327.37,0,560.51,0,254.78,1,,0,74.87,0,760.84,36,1387.6,0
28,C,2.43,66.7,1.4792673887,22.91,4.8656017695,2.0159614365,91.49,223.66,6.67,33.89,7.4988674271,9.37,1.68,356.3,9.81,84.91,1313.01,31.136032948,14.620846939,0,2.43,1,0.72,0,22.91,1,1.81,1,1.59,0,91.49,0,33.89,1,9.47,0,1.68,1,,1,17.77,36,356.3,0
12,C,1.4333054479,48.94,1.4792673887,31.09,4.8656017695,4.78,471.47,153.55,9.95,50.62,17.45,7.4,5.21,762.73,15.58,59.24,1417.89,31.136032948,98.65,1,1.5,1,1,0,31.09,1,5.44,0,4.78,0,471.47,0,50.62,0,17.45,0,5.21,1,,0,98.65,36,762.73,0
15,C,2.73,31.81,6.18,21.85,4.8656017695,15.92,572.1,59.25,45.94,135.58,40.86,13.19,5.09,1318.05,11.81,57.68,1272.53,31.136032948,141.12,0,2.73,0,6.18,0,21.85,1,6.24,0,15.92,0,572.1,0,135.58,0,40.86,0,5.09,1,,0,141.12,36,1318.05,0
29,C,14.84,45.84,34.07,140.34,33.18,13.46,290.53,112.03,69.8,686.61,368.62,39.03,3.17,518.66,11.91,151.64,3003.99,172.49,388.32,0,14.84,0,34.07,0,140.34,0,33.18,0,13.46,0,290.53,0,686.61,0,368.62,0,3.17,0,172.49,0,388.32,36,518.66,0
25,C,1.4333054479,33.36,1.4792673887,4.36,4.8656017695,5.27,767.23,196.93,5.79,86.51,7.4988674271,15.52,0.2750645383,1076.91,13.58,143.01,782.95,31.136032948,14.620846939,1,,1,1,0,4.36,1,2.16,0,5.27,0,767.23,0,86.51,1,,1,,1,,1,1.6,36,1076.91,0
13,C,1.4333054479,27.07,1.4792673887,39.43,4.8656017695,10.64,129.37,52.3,19.49,56.19,31.96,7.97,0.2750645383,693.81,4.73,60.59,1589.65,31.136032948,208.34,1,0.19,1,1.55,0,39.43,1,5.46,0,10.64,0,129.37,0,56.19,0,31.96,1,,1,,0,208.34,36,693.81,0
9,C,1.4333054479,62,1.4792673887,16.58,4.8656017695,2.0159614365,33.771419926,65.73,6.91,16.88,7.4988674271,4.99,0.2750645383,730.21,3.49,86.14,1157.16,31.136032948,14.620846939,1,,1,,0,16.58,1,1.99,1,1.59,1,,0,16.88,1,,1,,1,,1,15.35,36,730.21,0
8,C,1.4333054479,38.16,5.28,22.24,29.46,10.64,416.17,143.31,7.86,47.85,105.96,15.61,4.42,,12.61,93.33,1219.46,31.136032948,148.03,1,,0,5.28,0,22.24,0,29.46,0,10.64,0,416.17,0,47.85,0,105.96,0,4.42,1,15.77,0,148.03,36,1387.6,1
6,C,3.02,33.73,14.61,105.18,30.33,16.25,58.76,77.56,56.21,439.6,277.33,32.4,0.2750645383,59.34,12.14,98.48,2891.8,64.09,459.85,0,3.02,0,14.61,0,105.18,0,30.33,0,16.25,0,58.76,0,439.6,0,277.33,1,,0,64.09,0,459.85,36,59.34,0
11,C,7.26,14.7,10.94,45.43,11.55,25.11,613.6,28.2,38.35,161.05,77.89,15.79,1.94,745.5,7.1,41.71,1970.85,31.136032948,127.32,0,7.26,0,10.94,0,45.43,0,11.55,0,25.11,0,613.6,0,161.05,0,77.89,0,1.94,1,,0,127.32,36,745.5,0
1,C,1.4333054479,45.85,1.4792673887,15.86,4.8656017695,3.32,205.78,93.6,4.92,18.33,7.4988674271,4.75,0.2750645383,617.83,11.86,109.15,999.89,31.136032948,14.620846939,1,0.19,1,0.72,0,15.86,1,1.91,0,3.32,0,205.78,0,18.33,1,3.35,1,0.13,1,,1,5.53,36,617.83,0
10,C,1.4333054479,52.89,1.4792673887,23.6,4.8656017695,3.32,64.55,165.1,7.86,7.1410713952,24.29,8.3,0.2750645383,59.34,9.71,80.32,1372.32,31.136032948,125.13,1,0.85,1,1.29,0,23.6,1,2.5,0,3.32,0,64.55,1,8.26,0,24.29,1,0.06,1,,0,125.13,36,59.34,0
23,C,6.19,38.16,12.33,105.52,16.08,18.89,370.79,94.96,45.35,376.18,199.88,19.4,0.2750645383,452.94,9.9,75.73,2698.42,71.96,319.99,0,6.19,0,12.33,0,105.52,0,16.08,0,18.89,0,370.79,0,376.18,0,199.88,1,,0,71.96,0,319.99,36,452.94,0
16,C,1.4333054479,42.01,2.48,33.95,17.02,2.0159614365,33.771419926,248.47,26.57,1575.47,52.6,13.14,3.1,173.83,11.44,79.03,1676.01,31.136032948,40.4,1,,0,2.48,0,33.95,0,17.02,1,1.59,1,41.38,0,1575.47,0,52.6,0,3.1,1,,0,40.4,36,173.83,0
20,C,1.4333054479,30.05,1.4792673887,40.33,9.91,2.0159614365,466.07,229.37,8.69,115.21,188.67,17.45,0.2750645383,908.79,21.01,109.36,1779.37,31.136032948,14.620846939,1,1.51,1,1,0,40.33,0,9.91,1,,0,466.07,0,115.21,0,188.67,1,,1,6.07,1,15.34,36,908.79,0
7,C,7.02,36.37,8.7,103.16,23.91,9.63,2376.81,117.9,44.88,299.15,423.85,21.85,1.59,547.82,19.85,107.44,2365.78,31.136032948,111.35,0,7.02,0,8.7,0,103.16,0,23.91,0,9.63,0,2376.81,0,299.15,0,423.85,0,1.59,1,42.72,0,111.35,36,547.82,0
17,C,1.4333054479,36.13,1.4792673887,28.87,4.8656017695,2.0159614365,375,328.67,6.67,67.24,38,9.58,0.2750645383,253.24,19.66,52.44,1476.81,31.136032948,99.83,1,,1,1.57,0,28.87,1,4.22,1,2.26,0,375,0,67.24,0,38,1,,1,,0,99.83,36,253.24,0
19,D,6.04,41.65,11.97,38.25,17.77,12.56,462.14,367.13,47.99,138.28,157.62,45.47,14.85,1412.35,16.67,114.01,1717.19,31.136032948,115.95,0,6.04,0,11.97,0,38.25,0,17.77,0,12.56,0,462.14,0,138.28,0,157.62,0,14.85,1,,0,115.95,36,1412.35,0
26,D,1.4333054479,34.57,1.4792673887,3.031366776,4.8656017695,2.0159614365,289.48,78.54,3.51,7.1410713952,7.4988674271,3.34,0.2750645383,1205.1,5.41,42.87,429.91,31.136032948,14.620846939,1,0.53,1,1.14,1,2.56,1,3.44,1,2.26,0,289.48,1,,1,,1,0.13,1,,1,10.47,36,1205.1,0
24,D,2.73,47.43,1.4792673887,4.63,4.8656017695,2.0159614365,303.98,128.96,3.43,7.1410713952,7.4988674271,5.23,0.2750645383,1793.84,7.19,67.29,637.41,31.136032948,14.620846939,0,2.73,1,1.55,0,4.63,1,4.22,1,2.26,0,303.98,1,,1,3.35,1,,1,,1,15.34,36,1793.84,0
2,D,2.43,33.39,10.94,27.68,4.8656017695,5.84,442.57,113,55.24,121.98,97,18.04,0.2750645383,1794.45,13.4,155.88,1646,31.136032948,85.89,0,2.43,0,10.94,0,27.68,1,6.18,0,5.84,0,442.57,0,121.98,0,97,1,0.35,1,12.73,0,85.89,36,1794.45,0
27,D,3.18,39.04,10.77,39.75,11.21,4.37,33.771419926,120.23,52.23,108.39,71.95,21.66,2.37,,10.7,86.65,1732.97,31.136032948,41.59,0,3.18,0,10.77,0,39.75,0,11.21,0,4.37,1,26.9,0,108.39,0,71.95,0,2.37,1,,0,41.59,36,708.48,1
21,D,1.4333054479,53.28,1.4792673887,43.07,7.73,4.78,620.11,189.77,9.05,119.29,33.75,19.62,0.47,942.41,18.21,122.84,1876.02,31.136032948,27.36,1,1.5,1,0.43,0,43.07,0,7.73,0,4.78,0,620.11,0,119.29,0,33.75,0,0.47,1,,0,27.36,36,942.41,0
18,D,1.4333054479,41.53,1.4792673887,6.41,4.8656017695,3.32,33.771419926,144.93,5.17,7.1410713952,7.4988674271,6.01,2.37,686.49,7.03,140.91,697.71,31.136032948,14.620846939,1,,1,0.43,0,6.41,1,2.13,0,3.32,1,29.79,1,,1,8.61,0,2.37,1,,1,1.6,36,686.49,0
3,D,3.91,11.79,7.92,60.9,7.01,9.63,33.771419926,47.19,33.27,122.01,68.01,19.15,0.2750645383,410.73,6.97,31.09,2058.43,31.136032948,184.5,0,3.91,0,7.92,0,60.9,0,7.01,0,9.63,1,18.21,0,122.01,0,68.01,1,0.21,1,,0,184.5,36,410.73,0
4,C,7.58,13.47,16.45,69.73,17.76,20.91,70.31,41.07,47.32,220.43,115.36,21.03,4.98,1041.31,6.77,49.45,2436.06,31.136032948,110.2,0,7.58,0,16.45,0,69.73,0,17.76,0,20.91,0,70.31,0,220.43,0,115.36,0,4.98,1,,0,110.2,37,1041.31,0
22,C,1.4333054479,46.11,1.4792673887,20.86,4.8656017695,2.0159614365,363.68,78.61,5.17,28.26,7.4988674271,9.16,0.2750645383,400.74,13.73,80.54,1157.16,31.136032948,49.82,1,,1,,0,20.86,1,2.5,1,1.25,0,363.68,0,28.26,1,7.72,1,0.13,1,,0,49.82,37,400.74,0
5,C,1.4333054479,56.07,4.77,55.55,18.98,8.47,376.27,219.48,34.51,162.62,89.46,16.32,2.27,708.48,10.7,214.75,1650.97,31.136032948,95.21,1,1.65,0,4.77,0,55.55,0,18.98,0,8.47,0,376.27,0,162.62,0,89.46,0,2.27,1,18.84,0,95.21,37,708.48,0
14,C,32.72,19.35,5.82,122.94,37.99,84.35,327.37,37.55,46.76,560.51,254.78,36.64,0.2750645383,1387.6,12.22,100.34,3221.84,74.87,760.84,0,32.72,0,5.82,0,122.94,0,37.99,0,84.35,0,327.37,0,560.51,0,254.78,1,,0,74.87,0,760.84,37,1387.6,0
28,C,2.43,66.7,1.4792673887,22.91,4.8656017695,2.0159614365,91.49,223.66,6.67,33.89,7.4988674271,9.37,1.68,356.3,9.81,84.91,1313.01,31.136032948,14.620846939,0,2.43,1,0.72,0,22.91,1,1.81,1,1.59,0,91.49,0,33.89,1,9.47,0,1.68,1,,1,17.77,37,356.3,0
12,C,1.4333054479,48.94,1.4792673887,31.09,4.8656017695,4.78,471.47,153.55,9.95,50.62,17.45,7.4,5.21,762.73,15.58,59.24,1417.89,31.136032948,98.65,1,1.5,1,1,0,31.09,1,5.44,0,4.78,0,471.47,0,50.62,0,17.45,0,5.21,1,,0,98.65,37,762.73,0
15,C,2.73,31.81,6.18,21.85,4.8656017695,15.92,572.1,59.25,45.94,135.58,40.86,13.19,5.09,1318.05,11.81,57.68,1272.53,31.136032948,141.12,0,2.73,0,6.18,0,21.85,1,6.24,0,15.92,0,572.1,0,135.58,0,40.86,0,5.09,1,,0,141.12,37,1318.05,0
29,C,14.84,45.84,34.07,140.34,33.18,13.46,290.53,112.03,69.8,686.61,368.62,39.03,3.17,518.66,11.91,151.64,3003.99,172.49,388.32,0,14.84,0,34.07,0,140.34,0,33.18,0,13.46,0,290.53,0,686.61,0,368.62,0,3.17,0,172.49,0,388.32,37,518.66,0
25,C,1.4333054479,33.36,1.4792673887,4.36,4.8656017695,5.27,767.23,196.93,5.79,86.51,7.4988674271,15.52,0.2750645383,1076.91,13.58,143.01,782.95,31.136032948,14.620846939,1,,1,1,0,4.36,1,2.16,0,5.27,0,767.23,0,86.51,1,,1,,1,,1,1.6,37,1076.91,0
13,C,1.4333054479,27.07,1.4792673887,39.43,4.8656017695,10.64,129.37,52.3,19.49,56.19,31.96,7.97,0.2750645383,693.81,4.73,60.59,1589.65,31.136032948,208.34,1,0.19,1,1.55,0,39.43,1,5.46,0,10.64,0,129.37,0,56.19,0,31.96,1,,1,,0,208.34,37,693.81,0
9,C,1.4333054479,62,1.4792673887,16.58,4.8656017695,2.0159614365,33.771419926,65.73,6.91,16.88,7.4988674271,4.99,0.2750645383,730.21,3.49,86.14,1157.16,31.136032948,14.620846939,1,,1,,0,16.58,1,1.99,1,1.59,1,,0,16.88,1,,1,,1,,1,15.35,37,730.21,0
8,C,1.4333054479,38.16,5.28,22.24,29.46,10.64,416.17,143.31,7.86,47.85,105.96,15.61,4.42,,12.61,93.33,1219.46,31.136032948,148.03,1,,0,5.28,0,22.24,0,29.46,0,10.64,0,416.17,0,47.85,0,105.96,0,4.42,1,15.77,0,148.03,37,1793.84,1
6,C,3.02,33.73,14.61,105.18,30.33,16.25,58.76,77.56,56.21,439.6,277.33,32.4,0.2750645383,59.34,12.14,98.48,2891.8,64.09,459.85,0,3.02,0,14.61,0,105.18,0,30.33,0,16.25,0,58.76,0,439.6,0,277.33,1,,0,64.09,0,459.85,37,59.34,0
11,C,7.26,14.7,10.94,45.43,11.55,25.11,613.6,28.2,38.35,161.05,77.89,15.79,1.94,745.5,7.1,41.71,1970.85,31.136032948,127.32,0,7.26,0,10.94,0,45.43,0,11.55,0,25.11,0,613.6,0,161.05,0,77.89,0,1.94,1,,0,127.32,37,745.5,0
1,C,1.4333054479,45.85,1.4792673887,15.86,4.8656017695,3.32,205.78,93.6,4.92,18.33,7.4988674271,4.75,0.2750645383,617.83,11.86,109.15,999.89,31.136032948,14.620846939,1,0.19,1,0.72,0,15.86,1,1.91,0,3.32,0,205.78,0,18.33,1,3.35,1,0.13,1,,1,5.53,37,617.83,0
10,C,1.4333054479,52.89,1.4792673887,23.6,4.8656017695,3.32,64.55,165.1,7.86,7.1410713952,24.29,8.3,0.2750645383,59.34,9.71,80.32,1372.32,31.136032948,125.13,1,0.85,1,1.29,0,23.6,1,2.5,0,3.32,0,64.55,1,8.26,0,24.29,1,0.06,1,,0,125.13,37,59.34,0
23,C,6.19,38.16,12.33,105.52,16.08,18.89,370.79,94.96,45.35,376.18,199.88,19.4,0.2750645383,452.94,9.9,75.73,2698.42,71.96,319.99,0,6.19,0,12.33,0,105.52,0,16.08,0,18.89,0,370.79,0,376.18,0,199.88,1,,0,71.96,0,319.99,37,452.94,0
16,C,1.4333054479,42.01,2.48,33.95,17.02,2.0159614365,33.771419926,248.47,26.57,1575.47,52.6,13.14,3.1,173.83,11.44,79.03,1676.01,31.136032948,40.4,1,,0,2.48,0,33.95,0,17.02,1,1.59,1,41.38,0,1575.47,0,52.6,0,3.1,1,,0,40.4,37,173.83,0
20,C,1.4333054479,30.05,1.4792673887,40.33,9.91,2.0159614365,466.07,229.37,8.69,115.21,188.67,17.45,0.2750645383,908.79,21.01,109.36,1779.37,31.136032948,14.620846939,1,1.51,1,1,0,40.33,0,9.91,1,,0,466.07,0,115.21,0,188.67,1,,1,6.07,1,15.34,37,908.79,0
7,C,7.02,36.37,8.7,103.16,23.91,9.63,2376.81,117.9,44.88,299.15,423.85,21.85,1.59,547.82,19.85,107.44,2365.78,31.136032948,111.35,0,7.02,0,8.7,0,103.16,0,23.91,0,9.63,0,2376.81,0,299.15,0,423.85,0,1.59,1,42.72,0,111.35,37,547.82,0
17,C,1.4333054479,36.13,1.4792673887,28.87,4.8656017695,2.0159614365,375,328.67,6.67,67.24,38,9.58,0.2750645383,253.24,19.66,52.44,1476.81,31.136032948,99.83,1,,1,1.57,0,28.87,1,4.22,1,2.26,0,375,0,67.24,0,38,1,,1,,0,99.83,37,253.24,0
19,D,6.04,41.65,11.97,38.25,17.77,12.56,462.14,367.13,47.99,138.28,157.62,45.47,14.85,1412.35,16.67,114.01,1717.19,31.136032948,115.95,0,6.04,0,11.97,0,38.25,0,17.77,0,12.56,0,462.14,0,138.28,0,157.62,0,14.85,1,,0,115.95,37,1412.35,0
26,D,1.4333054479,34.57,1.4792673887,3.031366776,4.8656017695,2.0159614365,289.48,78.54,3.51,7.1410713952,7.4988674271,3.34,0.2750645383,1205.1,5.41,42.87,429.91,31.136032948,14.620846939,1,0.53,1,1.14,1,2.56,1,3.44,1,2.26,0,289.48,1,,1,,1,0.13,1,,1,10.47,37,1205.1,0
24,D,2.73,47.43,1.4792673887,4.63,4.8656017695,2.0159614365,303.98,128.96,3.43,7.1410713952,7.4988674271,5.23,0.2750645383,1793.84,7.19,67.29,637.41,31.136032948,14.620846939,0,2.73,1,1.55,0,4.63,1,4.22,1,2.26,0,303.98,1,,1,3.35,1,,1,,1,15.34,37,1793.84,0
2,D,2.43,33.39,10.94,27.68,4.8656017695,5.84,442.57,113,55.24,121.98,97,18.04,0.2750645383,1794.45,13.4,155.88,1646,31.136032948,85.89,0,2.43,0,10.94,0,27.68,1,6.18,0,5.84,0,442.57,0,121.98,0,97,1,0.35,1,12.73,0,85.89,37,1794.45,0
27,D,3.18,39.04,10.77,39.75,11.21,4.37,33.771419926,120.23,52.23,108.39,71.95,21.66,2.37,,10.7,86.65,1732.97,31.136032948,41.59,0,3.18,0,10.77,0,39.75,0,11.21,0,4.37,1,26.9,0,108.39,0,71.95,0,2.37,1,,0,41.59,37,59.34,1
21,D,1.4333054479,53.28,1.4792673887,43.07,7.73,4.78,620.11,189.77,9.05,119.29,33.75,19.62,0.47,942.41,18.21,122.84,1876.02,31.136032948,27.36,1,1.5,1,0.43,0,43.07,0,7.73,0,4.78,0,620.11,0,119.29,0,33.75,0,0.47,1,,0,27.36,37,942.41,0
18,D,1.4333054479,41.53,1.4792673887,6.41,4.8656017695,3.32,33.771419926,144.93,5.17,7.1410713952,7.4988674271,6.01,2.37,686.49,7.03,140.91,697.71,31.136032948,14.620846939,1,,1,0.43,0,6.41,1,2.13,0,3.32,1,29.79,1,,1,8.61,0,2.37,1,,1,1.6,37,686.49,0
3,D,3.91,11.79,7.92,60.9,7.01,9.63,33.771419926,47.19,33.27,122.01,68.01,19.15,0.2750645383,410.73,6.97,31.09,2058.43,31.136032948,184.5,0,3.91,0,7.92,0,60.9,0,7.01,0,9.63,1,18.21,0,122.01,0,68.01,1,0.21,1,,0,184.5,37,410.73,0
4,C,7.58,13.47,16.45,69.73,17.76,20.91,70.31,41.07,47.32,220.43,115.36,21.03,4.98,1041.31,6.77,49.45,2436.06,31.136032948,110.2,0,7.58,0,16.45,0,69.73,0,17.76,0,20.91,0,70.31,0,220.43,0,115.36,0,4.98,1,,0,110.2,38,1041.31,0
22,C,1.4333054479,46.11,1.4792673887,20.86,4.8656017695,2.0159614365,363.68,78.61,5.17,28.26,7.4988674271,9.16,0.2750645383,400.74,13.73,80.54,1157.16,31.136032948,49.82,1,,1,,0,20.86,1,2.5,1,1.25,0,363.68,0,28.26,1,7.72,1,0.13,1,,0,49.82,38,400.74,0
5,C,1.4333054479,56.07,4.77,55.55,18.98,8.47,376.27,219.48,34.51,162.62,89.46,16.32,2.27,708.48,10.7,214.75,1650.97,31.136032948,95.21,1,1.65,0,4.77,0,55.55,0,18.98,0,8.47,0,376.27,0,162.62,0,89.46,0,2.27,1,18.84,0,95.21,38,708.48,0
14,C,32.72,19.35,5.82,122.94,37.99,84.35,327.37,37.55,46.76,560.51,254.78,36.64,0.2750645383,1387.6,12.22,100.34,3221.84,74.87,760.84,0,32.72,0,5.82,0,122.94,0,37.99,0,84.35,0,327.37,0,560.51,0,254.78,1,,0,74.87,0,760.84,38,1387.6,0
28,C,2.43,66.7,1.4792673887,22.91,4.8656017695,2.0159614365,91.49,223.66,6.67,33.89,7.4988674271,9.37,1.68,356.3,9.81,84.91,1313.01,31.136032948,14.620846939,0,2.43,1,0.72,0,22.91,1,1.81,1,1.59,0,91.49,0,33.89,1,9.47,0,1.68,1,,1,17.77,38,356.3,0
12,C,1.4333054479,48.94,1.4792673887,31.09,4.8656017695,4.78,471.47,153.55,9.95,50.62,17.45,7.4,5.21,762.73,15.58,59.24,1417.89,31.136032948,98.65,1,1.5,1,1,0,31.09,1,5.44,0,4.78,0,471.47,0,50.62,0,17.45,0,5.21,1,,0,98.65,38,762.73,0
15,C,2.73,31.81,6.18,21.85,4.8656017695,15.92,572.1,59.25,45.94,135.58,40.86,13.19,5.09,1318.05,11.81,57.68,1272.53,31.136032948,141.12,0,2.73,0,6.18,0,21.85,1,6.24,0,15.92,0,572.1,0,135.58,0,40.86,0,5.09,1,,0,141.12,38,1318.05,0
29,C,14.84,45.84,34.07,140.34,33.18,13.46,290.53,112.03,69.8,686.61,368.62,39.03,3.17,518.66,11.91,151.64,3003.99,172.49,388.32,0,14.84,0,34.07,0,140.34,0,33.18,0,13.46,0,290.53,0,686.61,0,368.62,0,3.17,0,172.49,0,388.32,38,518.66,0
25,C,1.4333054479,33.36,1.4792673887,4.36,4.8656017695,5.27,767.23,196.93,5.79,86.51,7.4988674271,15.52,0.2750645383,1076.91,13.58,143.01,782.95,31.136032948,14.620846939,1,,1,1,0,4.36,1,2.16,0,5.27,0,767.23,0,86.51,1,,1,,1,,1,1.6,38,1076.91,0
13,C,1.4333054479,27.07,1.4792673887,39.43,4.8656017695,10.64,129.37,52.3,19.49,56.19,31.96,7.97,0.2750645383,693.81,4.73,60.59,1589.65,31.136032948,208.34,1,0.19,1,1.55,0,39.43,1,5.46,0,10.64,0,129.37,0,56.19,0,31.96,1,,1,,0,208.34,38,693.81,0
9,C,1.4333054479,62,1.4792673887,16.58,4.8656017695,2.0159614365,33.771419926,65.73,6.91,16.88,7.4988674271,4.99,0.2750645383,730.21,3.49,86.14,1157.16,31.136032948,14.620846939,1,,1,,0,16.58,1,1.99,1,1.59,1,,0,16.88,1,,1,,1,,1,15.35,38,730.21,0
8,C,1.4333054479,38.16,5.28,22.24,29.46,10.64,416.17,143.31,7.86,47.85,105.96,15.61,4.42,,12.61,93.33,1219.46,31.136032948,148.03,1,,0,5.28,0,22.24,0,29.46,0,10.64,0,416.17,0,47.85,0,105.96,0,4.42,1,15.77,0,148.03,38,410.73,1
6,C,3.02,33.73,14.61,105.18,30.33,16.25,58.76,77.56,56.21,439.6,277.33,32.4,0.2750645383,59.34,12.14,98.48,2891.8,64.09,459.85,0,3.02,0,14.61,0,105.18,0,30.33,0,16.25,0,58.76,0,439.6,0,277.33,1,,0,64.09,0,459.85,38,59.34,0
11,C,7.26,14.7,10.94,45.43,11.55,25.11,613.6,28.2,38.35,161.05,77.89,15.79,1.94,745.5,7.1,41.71,1970.85,31.136032948,127.32,0,7.26,0,10.94,0,45.43,0,11.55,0,25.11,0,613.6,0,161.05,0,77.89,0,1.94,1,,0,127.32,38,745.5,0
1,C,1.4333054479,45.85,1.4792673887,15.86,4.8656017695,3.32,205.78,93.6,4.92,18.33,7.4988674271,4.75,0.2750645383,617.83,11.86,109.15,999.89,31.136032948,14.620846939,1,0.19,1,0.72,0,15.86,1,1.91,0,3.32,0,205.78,0,18.33,1,3.35,1,0.13,1,,1,5.53,38,617.83,0
10,C,1.4333054479,52.89,1.4792673887,23.6,4.8656017695,3.32,64.55,165.1,7.86,7.1410713952,24.29,8.3,0.2750645383,59.34,9.71,80.32,1372.32,31.136032948,125.13,1,0.85,1,1.29,0,23.6,1,2.5,0,3.32,0,64.55,1,8.26,0,24.29,1,0.06,1,,0,125.13,38,59.34,0
23,C,6.19,38.16,12.33,105.52,16.08,18.89,370.79,94.96,45.35,376.18,199.88,19.4,0.2750645383,452.94,9.9,75.73,2698.42,71.96,319.99,0,6.19,0,12.33,0,105.52,0,16.08,0,18.89,0,370.79,0,376.18,0,199.88,1,,0,71.96,0,319.99,38,452.94,0
16,C,1.4333054479,42.01,2.48,33.95,17.02,2.0159614365,33.771419926,248.47,26.57,1575.47,52.6,13.14,3.1,173.83,11.44,79.03,1676.01,31.136032948,40.4,1,,0,2.48,0,33.95,0,17.02,1,1.59,1,41.38,0,1575.47,0,52.6,0,3.1,1,,0,40.4,38,173.83,0
20,C,1.4333054479,30.05,1.4792673887,40.33,9.91,2.0159614365,466.07,229.37,8.69,115.21,188.67,17.45,0.2750645383,908.79,21.01,109.36,1779.37,31.136032948,14.620846939,1,1.51,1,1,0,40.33,0,9.91,1,,0,466.07,0,115.21,0,188.67,1,,1,6.07,1,15.34,38,908.79,0
7,C,7.02,36.37,8.7,103.16,23.91,9.63,2376.81,117.9,44.88,299.15,423.85,21.85,1.59,547.82,19.85,107.44,2365.78,31.136032948,111.35,0,7.02,0,8.7,0,103.16,0,23.91,0,9.63,0,2376.81,0,299.15,0,423.85,0,1.59,1,42.72,0,111.35,38,547.82,0
17,C,1.4333054479,36.13,1.4792673887,28.87,4.8656017695,2.0159614365,375,328.67,6.67,67.24,38,9.58,0.2750645383,253.24,19.66,52.44,1476.81,31.136032948,99.83,1,,1,1.57,0,28.87,1,4.22,1,2.26,0,375,0,67.24,0,38,1,,1,,0,99.83,38,253.24,0
19,D,6.04,41.65,11.97,38.25,17.77,12.56,462.14,367.13,47.99,138.28,157.62,45.47,14.85,1412.35,16.67,114.01,1717.19,31.136032948,115.95,0,6.04,0,11.97,0,38.25,0,17.77,0,12.56,0,462.14,0,138.28,0,157.62,0,14.85,1,,0,115.95,38,1412.35,0
26,D,1.4333054479,34.57,1.4792673887,3.031366776,4.8656017695,2.0159614365,289.48,78.54,3.51,7.1410713952,7.4988674271,3.34,0.2750645383,1205.1,5.41,42.87,429.91,31.136032948,14.620846939,1,0.53,1,1.14,1,2.56,1,3.44,1,2.26,0,289.48,1,,1,,1,0.13,1,,1,10.47,38,1205.1,0
24,D,2.73,47.43,1.4792673887,4.63,4.8656017695,2.0159614365,303.98,128.96,3.43,7.1410713952,7.4988674271,5.23,0.2750645383,1793.84,7.19,67.29,637.41,31.136032948,14.620846939,0,2.73,1,1.55,0,4.63,1,4.22,1,2.26,0,303.98,1,,1,3.35,1,,1,,1,15.34,38,1793.84,0
2,D,2.43,33.39,10.94,27.68,4.8656017695,5.84,442.57,113,55.24,121.98,97,18.04,0.2750645383,1794.45,13.4,155.88,1646,31.136032948,85.89,0,2.43,0,10.94,0,27.68,1,6.18,0,5.84,0,442.57,0,121.98,0,97,1,0.35,1,12.73,0,85.89,38,1794.45,0
27,D,3.18,39.04,10.77,39.75,11.21,4.37,33.771419926,120.23,52.23,108.39,71.95,21.66,2.37,,10.7,86.65,1732.97,31.136032948,41.59,0,3.18,0,10.77,0,39.75,0,11.21,0,4.37,1,26.9,0,108.39,0,71.95,0,2.37,1,,0,41.59,38,173.83,1
21,D,1.4333054479,53.28,1.4792673887,43.07,7.73,4.78,620.11,189.77,9.05,119.29,33.75,19.62,0.47,942.41,18.21,122.84,1876.02,31.136032948,27.36,1,1.5,1,0.43,0,43.07,0,7.73,0,4.78,0,620.11,0,119.29,0,33.75,0,0.47,1,,0,27.36,38,942.41,0
18,D,1.4333054479,41.53,1.4792673887,6.41,4.8656017695,3.32,33.771419926,144.93,5.17,7.1410713952,7.4988674271,6.01,2.37,686.49,7.03,140.91,697.71,31.136032948,14.620846939,1,,1,0.43,0,6.41,1,2.13,0,3.32,1,29.79,1,,1,8.61,0,2.37,1,,1,1.6,38,686.49,0
3,D,3.91,11.79,7.92,60.9,7.01,9.63,33.771419926,47.19,33.27,122.01,68.01,19.15,0.2750645383,410.73,6.97,31.09,2058.43,31.136032948,184.5,0,3.91,0,7.92,0,60.9,0,7.01,0,9.63,1,18.21,0,122.01,0,68.01,1,0.21,1,,0,184.5,38,410.73,0
4,C,7.58,13.47,16.45,69.73,17.76,20.91,70.31,41.07,47.32,220.43,115.36,21.03,4.98,1041.31,6.77,49.45,2436.06,31.136032948,110.2,0,7.58,0,16.45,0,69.73,0,17.76,0,20.91,0,70.31,0,220.43,0,115.36,0,4.98,1,,0,110.2,39,1041.31,0
22,C,1.4333054479,46.11,1.4792673887,20.86,4.8656017695,2.0159614365,363.68,78.61,5.17,28.26,7.4988674271,9.16,0.2750645383,400.74,13.73,80.54,1157.16,31.136032948,49.82,1,,1,,0,20.86,1,2.5,1,1.25,0,363.68,0,28.26,1,7.72,1,0.13,1,,0,49.82,39,400.74,0
5,C,1.4333054479,56.07,4.77,55.55,18.98,8.47,376.27,219.48,34.51,162.62,89.46,16.32,2.27,708.48,10.7,214.75,1650.97,31.136032948,95.21,1,1.65,0,4.77,0,55.55,0,18.98,0,8.47,0,376.27,0,162.62,0,89.46,0,2.27,1,18.84,0,95.21,39,708.48,0
14,C,32.72,19.35,5.82,122.94,37.99,84.35,327.37,37.55,46.76,560.51,254.78,36.64,0.2750645383,1387.6,12.22,100.34,3221.84,74.87,760.84,0,32.72,0,5.82,0,122.94,0,37.99,0,84.35,0,327.37,0,560.51,0,254.78,1,,0,74.87,0,760.84,39,1387.6,0
28,C,2.43,66.7,1.4792673887,22.91,4.8656017695,2.0159614365,91.49,223.66,6.67,33.89,7.4988674271,9.37,1.68,356.3,9.81,84.91,1313.01,31.136032948,14.620846939,0,2.43,1,0.72,0,22.91,1,1.81,1,1.59,0,91.49,0,33.89,1,9.47,0,1.68,1,,1,17.77,39,356.3,0
12,C,1.4333054479,48.94,1.4792673887,31.09,4.8656017695,4.78,471.47,153.55,9.95,50.62,17.45,7.4,5.21,762.73,15.58,59.24,1417.89,31.136032948,98.65,1,1.5,1,1,0,31.09,1,5.44,0,4.78,0,471.47,0,50.62,0,17.45,0,5.21,1,,0,98.65,39,762.73,0
15,C,2.73,31.81,6.18,21.85,4.8656017695,15.92,572.1,59.25,45.94,135.58,40.86,13.19,5.09,1318.05,11.81,57.68,1272.53,31.136032948,141.12,0,2.73,0,6.18,0,21.85,1,6.24,0,15.92,0,572.1,0,135.58,0,40.86,0,5.09,1,,0,141.12,39,1318.05,0
29,C,14.84,45.84,34.07,140.34,33.18,13.46,290.53,112.03,69.8,686.61,368.62,39.03,3.17,518.66,11.91,151.64,3003.99,172.49,388.32,0,14.84,0,34.07,0,140.34,0,33.18,0,13.46,0,290.53,0,686.61,0,368.62,0,3.17,0,172.49,0,388.32,39,518.66,0
25,C,1.4333054479,33.36,1.4792673887,4.36,4.8656017695,5.27,767.23,196.93,5.79,86.51,7.4988674271,15.52,0.2750645383,1076.91,13.58,143.01,782.95,31.136032948,14.620846939,1,,1,1,0,4.36,1,2.16,0,5.27,0,767.23,0,86.51,1,,1,,1,,1,1.6,39,1076.91,0
13,C,1.4333054479,27.07,1.4792673887,39.43,4.8656017695,10.64,129.37,52.3,19.49,56.19,31.96,7.97,0.2750645383,693.81,4.73,60.59,1589.65,31.136032948,208.34,1,0.19,1,1.55,0,39.43,1,5.46,0,10.64,0,129.37,0,56.19,0,31.96,1,,1,,0,208.34,39,693.81,0
9,C,1.4333054479,62,1.4792673887,16.58,4.8656017695,2.0159614365,33.771419926,65.73,6.91,16.88,7.4988674271,4.99,0.2750645383,730.21,3.49,86.14,1157.16,31.136032948,14.620846939,1,,1,,0,16.58,1,1.99,1,1.59,1,,0,16.88,1,,1,,1,,1,15.35,39,730.21,0
8,C,1.4333054479,38.16,5.28,22.24,29.46,10.64,416.17,143.31,7.86,47.85,105.96,15.61,4.42,,12.61,93.33,1219.46,31.136032948,148.03,1,,0,5.28,0,22.24,0,29.46,0,10.64,0,416.17,0,47.85,0,105.96,0,4.42,1,15.77,0,148.03,39,173.83,1
6,C,3.02,33.73,14.61,105.18,30.33,16.25,58.76,77.56,56.21,439.6,277.33,32.4,0.2750645383,59.34,12.14,98.48,2891.8,64.09,459.85,0,3.02,0,14.61,0,105.18,0,30.33,0,16.25,0,58.76,0,439.6,0,277.33,1,,0,64.09,0,459.85,39,59.34,0
11,C,7.26,14.7,10.94,45.43,11.55,25.11,613.6,28.2,38.35,161.05,77.89,15.79,1.94,745.5,7.1,41.71,1970.85,31.136032948,127.32,0,7.26,0,10.94,0,45.43,0,11.55,0,25.11,0,613.6,0,161.05,0,77.89,0,1.94,1,,0,127.32,39,745.5,0
1,C,1.4333054479,45.85,1.4792673887,15.86,4.8656017695,3.32,205.78,93.6,4.92,18.33,7.4988674271,4.75,0.2750645383,617.83,11.86,109.15,999.89,31.136032948,14.620846939,1,0.19,1,0.72,0,15.86,1,1.91,0,3.32,0,205.78,0,18.33,1,3.35,1,0.13,1,,1,5.53,39,617.83,0
10,C,1.4333054479,52.89,1.4792673887,23.6,4.8656017695,3.32,64.55,165.1,7.86,7.1410713952,24.29,8.3,0.2750645383,59.34,9.71,80.32,1372.32,31.136032948,125.13,1,0.85,1,1.29,0,23.6,1,2.5,0,3.32,0,64.55,1,8.26,0,24.29,1,0.06,1,,0,125.13,39,59.34,0
23,C,6.19,38.16,12.33,105.52,16.08,18.89,370.79,94.96,45.35,376.18,199.88,19.4,0.2750645383,452.94,9.9,75.73,2698.42,71.96,319.99,0,6.19,0,12.33,0,105.52,0,16.08,0,18.89,0,370.79,0,376.18,0,199.88,1,,0,71.96,0,319.99,39,452.94,0
16,C,1.4333054479,42.01,2.48,33.95,17.02,2.0159614365,33.771419926,248.47,26.57,1575.47,52.6,13.14,3.1,173.83,11.44,79.03,1676.01,31.136032948,40.4,1,,0,2.48,0,33.95,0,17.02,1,1.59,1,41.38,0,1575.47,0,52.6,0,3.1,1,,0,40.4,39,173.83,0
20,C,1.4333054479,30.05,1.4792673887,40.33,9.91,2.0159614365,466.07,229.37,8.69,115.21,188.67,17.45,0.2750645383,908.79,21.01,109.36,1779.37,31.136032948,14.620846939,1,1.51,1,1,0,40.33,0,9.91,1,,0,466.07,0,115.21,0,188.67,1,,1,6.07,1,15.34,39,908.79,0
7,C,7.02,36.37,8.7,103.16,23.91,9.63,2376.81,117.9,44.88,299.15,423.85,21.85,1.59,547.82,19.85,107.44,2365.78,31.136032948,111.35,0,7.02,0,8.7,0,103.16,0,23.91,0,9.63,0,2376.81,0,299.15,0,423.85,0,1.59,1,42.72,0,111.35,39,547.82,0
17,C,1.4333054479,36.13,1.4792673887,28.87,4.8656017695,2.0159614365,375,328.67,6.67,67.24,38,9.58,0.2750645383,253.24,19.66,52.44,1476.81,31.136032948,99.83,1,,1,1.57,0,28.87,1,4.22,1,2.26,0,375,0,67.24,0,38,1,,1,,0,99.83,39,253.24,0
19,D,6.04,41.65,11.97,38.25,17.77,12.56,462.14,367.13,47.99,138.28,157.62,45.47,14.85,1412.35,16.67,114.01,1717.19,31.136032948,115.95,0,6.04,0,11.97,0,38.25,0,17.77,0,12.56,0,462.14,0,138.28,0,157.62,0,14.85,1,,0,115.95,39,1412.35,0
26,D,1.4333054479,34.57,1.4792673887,3.031366776,4.8656017695,2.0159614365,289.48,78.54,3.51,7.1410713952,7.4988674271,3.34,0.2750645383,1205.1,5.41,42.87,429.91,31.136032948,14.620846939,1,0.53,1,1.14,1,2.56,1,3.44,1,2.26,0,289.48,1,,1,,1,0.13,1,,1,10.47,39,1205.1,0
24,D,2.73,47.43,1.4792673887,4.63,4.8656017695,2.0159614365,303.98,128.96,3.43,7.1410713952,7.4988674271,5.23,0.2750645383,1793.84,7.19,67.29,637.41,31.136032948,14.620846939,0,2.73,1,1.55,0,4.63,1,4.22,1,2.26,0,303.98,1,,1,3.35,1,,1,,1,15.34,39,1793.84,0
2,D,2.43,33.39,10.94,27.68,4.8656017695,5.84,442.57,113,55.24,121.98,97,18.04,0.2750645383,1794.45,13.4,155.88,1646,31.136032948,85.89,0,2.43,0,10.94,0,27.68,1,6.18,0,5.84,0,442.57,0,121.98,0,97,1,0.35,1,12.73,0,85.89,39,1794.45,0
27,D,3.18,39.04,10.77,39.75,11.21,4.37,33.771419926,120.23,52.23,108.39,71.95,21.66,2.37,,10.7,86.65,1732.97,31.136032948,41.59,0,3.18,0,10.77,0,39.75,0,11.21,0,4.37,1,26.9,0,108.39,0,71.95,0,2.37,1,,0,41.59,39,547.82,1
21,D,1.4333054479,53.28,1.4792673887,43.07,7.73,4.78,620.11,189.77,9.05,119.29,33.75,19.62,0.47,942.41,18.21,122.84,1876.02,31.136032948,27.36,1,1.5,1,0.43,0,43.07,0,7.73,0,4.78,0,620.11,0,119.29,0,33.75,0,0.47,1,,0,27.36,39,942.41,0
18,D,1.4333054479,41.53,1.4792673887,6.41,4.8656017695,3.32,33.771419926,144.93,5.17,7.1410713952,7.4988674271,6.01,2.37,686.49,7.03,140.91,697.71,31.136032948,14.620846939,1,,1,0.43,0,6.41,1,2.13,0,3.32,1,29.79,1,,1,8.61,0,2.37,1,,1,1.6,39,686.49,0
3,D,3.91,11.79,7.92,60.9,7.01,9.63,33.771419926,47.19,33.27,122.01,68.01,19.15,0.2750645383,410.73,6.97,31.09,2058.43,31.136032948,184.5,0,3.91,0,7.92,0,60.9,0,7.01,0,9.63,1,18.21,0,122.01,0,68.01,1,0.21,1,,0,184.5,39,410.73,0
4,C,7.58,13.47,16.45,69.73,17.76,20.91,70.31,41.07,47.32,220.43,115.36,21.03,4.98,1041.31,6.77,49.45,2436.06,31.136032948,110.2,0,7.58,0,16.45,0,69.73,0,17.76,0,20.91,0,70.31,0,220.43,0,115.36,0,4.98,1,,0,110.2,40,1041.31,0
22,C,1.4333054479,46.11,1.4792673887,20.86,4.8656017695,2.0159614365,363.68,78.61,5.17,28.26,7.4988674271,9.16,0.2750645383,400.74,13.73,80.54,1157.16,31.136032948,49.82,1,,1,,0,20.86,1,2.5,1,1.25,0,363.68,0,28.26,1,7.72,1,0.13,1,,0,49.82,40,400.74,0
5,C,1.4333054479,56.07,4.77,55.55,18.98,8.47,376.27,219.48,34.51,162.62,89.46,16.32,2.27,708.48,10.7,214.75,1650.97,31.136032948,95.21,1,1.65,0,4.77,0,55.55,0,18.98,0,8.47,0,376.27,0,162.62,0,89.46,0,2.27,1,18.84,0,95.21,40,708.48,0
14,C,32.72,19.35,5.82,122.94,37.99,84.35,327.37,37.55,46.76,560.51,254.78,36.64,0.2750645383,1387.6,12.22,100.34,3221.84,74.87,760.84,0,32.72,0,5.82,0,122.94,0,37.99,0,84.35,0,327.37,0,560.51,0,254.78,1,,0,74.87,0,760.84,40,1387.6,0
28,C,2.43,66.7,1.4792673887,22.91,4.8656017695,2.0159614365,91.49,223.66,6.67,33.89,7.4988674271,9.37,1.68,356.3,9.81,84.91,1313.01,31.136032948,14.620846939,0,2.43,1,0.72,0,22.91,1,1.81,1,1.59,0,91.49,0,33.89,1,9.47,0,1.68,1,,1,17.77,40,356.3,0
12,C,1.4333054479,48.94,1.4792673887,31.09,4.8656017695,4.78,471.47,153.55,9.95,50.62,17.45,7.4,5.21,762.73,15.58,59.24,1417.89,31.136032948,98.65,1,1.5,1,1,0,31.09,1,5.44,0,4.78,0,471.47,0,50.62,0,17.45,0,5.21,1,,0,98.65,40,762.73,0
15,C,2.73,31.81,6.18,21.85,4.8656017695,15.92,572.1,59.25,45.94,135.58,40.86,13.19,5.09,1318.05,11.81,57.68,1272.53,31.136032948,141.12,0,2.73,0,6.18,0,21.85,1,6.24,0,15.92,0,572.1,0,135.58,0,40.86,0,5.09,1,,0,141.12,40,1318.05,0
29,C,14.84,45.84,34.07,140.34,33.18,13.46,290.53,112.03,69.8,686.61,368.62,39.03,3.17,518.66,11.91,151.64,3003.99,172.49,388.32,0,14.84,0,34.07,0,140.34,0,33.18,0,13.46,0,290.53,0,686.61,0,368.62,0,3.17,0,172.49,0,388.32,40,518.66,0
25,C,1.4333054479,33.36,1.4792673887,4.36,4.8656017695,5.27,767.23,196.93,5.79,86.51,7.4988674271,15.52,0.2750645383,1076.91,13.58,143.01,782.95,31.136032948,14.620846939,1,,1,1,0,4.36,1,2.16,0,5.27,0,767.23,0,86.51,1,,1,,1,,1,1.6,40,1076.91,0
13,C,1.4333054479,27.07,1.4792673887,39.43,4.8656017695,10.64,129.37,52.3,19.49,56.19,31.96,7.97,0.2750645383,693.81,4.73,60.59,1589.65,31.136032948,208.34,1,0.19,1,1.55,0,39.43,1,5.46,0,10.64,0,129.37,0,56.19,0,31.96,1,,1,,0,208.34,40,693.81,0
9,C,1.4333054479,62,1.4792673887,16.58,4.8656017695,2.0159614365,33.771419926,65.73,6.91,16.88,7.4988674271,4.99,0.2750645383,730.21,3.49,86.14,1157.16,31.136032948,14.620846939,1,,1,,0,16.58,1,1.99,1,1.59,1,,0,16.88,1,,1,,1,,1,15.35,40,730.21,0
8,C,1.4333054479,38.16,5.28,22.24,29.46,10.64,416.17,143.31,7.86,47.85,105.96,15.61,4.42,,12.61,93.33,1219.46,31.136032948,148.03,1,,0,5.28,0,22.24,0,29.46,0,10.64,0,416.17,0,47.85,0,105.96,0,4.42,1,15.77,0,148.03,40,1793.84,1
6,C,3.02,33.73,14.61,105.18,30.33,16.25,58.76,77.56,56.21,439.6,277.33,32.4,0.2750645383,59.34,12.14,98.48,2891.8,64.09,459.85,0,3.02,0,14.61,0,105.18,0,30.33,0,16.25,0,58.76,0,439.6,0,277.33,1,,0,64.09,0,459.85,40,59.34,0
11,C,7.26,14.7,10.94,45.43,11.55,25.11,613.6,28.2,38.35,161.05,77.89,15.79,1.94,745.5,7.1,41.71,1970.85,31.136032948,127.32,0,7.26,0,10.94,0,45.43,0,11.55,0,25.11,0,613.6,0,161.05,0,77.89,0,1.94,1,,0,127.32,40,745.5,0
1,C,1.4333054479,45.85,1.4792673887,15.86,4.8656017695,3.32,205.78,93.6,4.92,18.33,7.4988674271,4.75,0.2750645383,617.83,11.86,109.15,999.89,31.136032948,14.620846939,1,0.19,1,0.72,0,15.86,1,1.91,0,3.32,0,205.78,0,18.33,1,3.35,1,0.13,1,,1,5.53,40,617.83,0
10,C,1.4333054479,52.89,1.4792673887,23.6,4.8656017695,3.32,64.55,165.1,7.86,7.1410713952,24.29,8.3,0.2750645383,59.34,9.71,80.32,1372.32,31.136032948,125.13,1,0.85,1,1.29,0,23.6,1,2.5,0,3.32,0,64.55,1,8.26,0,24.29,1,0.06,1,,0,125.13,40,59.34,0
23,C,6.19,38.16,12.33,105.52,16.08,18.89,370.79,94.96,45.35,376.18,199.88,19.4,0.2750645383,452.94,9.9,75.73,2698.42,71.96,319.99,0,6.19,0,12.33,0,105.52,0,16.08,0,18.89,0,370.79,0,376.18,0,199.88,1,,0,71.96,0,319.99,40,452.94,0
16,C,1.4333054479,42.01,2.48,33.95,17.02,2.0159614365,33.771419926,248.47,26.57,1575.47,52.6,13.14,3.1,173.83,11.44,79.03,1676.01,31.136032948,40.4,1,,0,2.48,0,33.95,0,17.02,1,1.59,1,41.38,0,1575.47,0,52.6,0,3.1,1,,0,40.4,40,173.83,0
20,C,1.4333054479,30.05,1.4792673887,40.33,9.91,2.0159614365,466.07,229.37,8.69,115.21,188.67,17.45,0.2750645383,908.79,21.01,109.36,1779.37,31.136032948,14.620846939,1,1.51,1,1,0,40.33,0,9.91,1,,0,466.07,0,115.21,0,188.67,1,,1,6.07,1,15.34,40,908.79,0
7,C,7.02,36.37,8.7,103.16,23.91,9.63,2376.81,117.9,44.88,299.15,423.85,21.85,1.59,547.82,19.85,107.44,2365.78,31.136032948,111.35,0,7.02,0,8.7,0,103.16,0,23.91,0,9.63,0,2376.81,0,299.15,0,423.85,0,1.59,1,42.72,0,111.35,40,547.82,0
17,C,1.4333054479,36.13,1.4792673887,28.87,4.8656017695,2.0159614365,375,328.67,6.67,67.24,38,9.58,0.2750645383,253.24,19.66,52.44,1476.81,31.136032948,99.83,1,,1,1.57,0,28.87,1,4.22,1,2.26,0,375,0,67.24,0,38,1,,1,,0,99.83,40,253.24,0
19,D,6.04,41.65,11.97,38.25,17.77,12.56,462.14,367.13,47.99,138.28,157.62,45.47,14.85,1412.35,16.67,114.01,1717.19,31.136032948,115.95,0,6.04,0,11.97,0,38.25,0,17.77,0,12.56,0,462.14,0,138.28,0,157.62,0,14.85,1,,0,115.95,40,1412.35,0
26,D,1.4333054479,34.57,1.4792673887,3.031366776,4.8656017695,2.0159614365,289.48,78.54,3.51,7.1410713952,7.4988674271,3.34,0.2750645383,1205.1,5.41,42.87,429.91,31.136032948,14.620846939,1,0.53,1,1.14,1,2.56,1,3.44,1,2.26,0,289.48,1,,1,,1,0.13,1,,1,10.47,40,1205.1,0
24,D,2.73,47.43,1.4792673887,4.63,4.8656017695,2.0159614365,303.98,128.96,3.43,7.1410713952,7.4988674271,5.23,0.2750645383,1793.84,7.19,67.29,637.41,31.136032948,14.620846939,0,2.73,1,1.55,0,4.63,1,4.22,1,2.26,0,303.98,1,,1,3.35,1,,1,,1,15.34,40,1793.84,0
2,D,2.43,33.39,10.94,27.68,4.8656017695,5.84,442.57,113,55.24,121.98,97,18.04,0.2750645383,1794.45,13.4,155.88,1646,31.136032948,85.89,0,2.43,0,10.94,0,27.68,1,6.18,0,5.84,0,442.57,0,121.98,0,97,1,0.35,1,12.73,0,85.89,40,1794.45,0
27,D,3.18,39.04,10.77,39.75,11.21,4.37,33.771419926,120.23,52.23,108.39,71.95,21.66,2.37,,10.7,86.65,1732.97,31.136032948,41.59,0,3.18,0,10.77,0,39.75,0,11.21,0,4.37,1,26.9,0,108.39,0,71.95,0,2.37,1,,0,41.59,40,518.66,1
21,D,1.4333054479,53.28,1.4792673887,43.07,7.73,4.78,620.11,189.77,9.05,119.29,33.75,19.62,0.47,942.41,18.21,122.84,1876.02,31.136032948,27.36,1,1.5,1,0.43,0,43.07,0,7.73,0,4.78,0,620.11,0,119.29,0,33.75,0,0.47,1,,0,27.36,40,942.41,0
18,D,1.4333054479,41.53,1.4792673887,6.41,4.8656017695,3.32,33.771419926,144.93,5.17,7.1410713952,7.4988674271,6.01,2.37,686.49,7.03,140.91,697.71,31.136032948,14.620846939,1,,1,0.43,0,6.41,1,2.13,0,3.32,1,29.79,1,,1,8.61,0,2.37,1,,1,1.6,40,686.49,0
3,D,3.91,11.79,7.92,60.9,7.01,9.63,33.771419926,47.19,33.27,122.01,68.01,19.15,0.2750645383,410.73,6.97,31.09,2058.43,31.136032948,184.5,0,3.91,0,7.92,0,60.9,0,7.01,0,9.63,1,18.21,0,122.01,0,68.01,1,0.21,1,,0,184.5,40,410.73,0
4,C,7.58,13.47,16.45,69.73,17.76,20.91,70.31,41.07,47.32,220.43,115.36,21.03,4.98,1041.31,6.77,49.45,2436.06,31.136032948,110.2,0,7.58,0,16.45,0,69.73,0,17.76,0,20.91,0,70.31,0,220.43,0,115.36,0,4.98,1,,0,110.2,41,1041.31,0
22,C,1.4333054479,46.11,1.4792673887,20.86,4.8656017695,2.0159614365,363.68,78.61,5.17,28.26,7.4988674271,9.16,0.2750645383,400.74,13.73,80.54,1157.16,31.136032948,49.82,1,,1,,0,20.86,1,2.5,1,1.25,0,363.68,0,28.26,1,7.72,1,0.13,1,,0,49.82,41,400.74,0
5,C,1.4333054479,56.07,4.77,55.55,18.98,8.47,376.27,219.48,34.51,162.62,89.46,16.32,2.27,708.48,10.7,214.75,1650.97,31.136032948,95.21,1,1.65,0,4.77,0,55.55,0,18.98,0,8.47,0,376.27,0,162.62,0,89.46,0,2.27,1,18.84,0,95.21,41,708.48,0
14,C,32.72,19.35,5.82,122.94,37.99,84.35,327.37,37.55,46.76,560.51,254.78,36.64,0.2750645383,1387.6,12.22,100.34,3221.84,74.87,760.84,0,32.72,0,5.82,0,122.94,0,37.99,0,84.35,0,327.37,0,560.51,0,254.78,1,,0,74.87,0,760.84,41,1387.6,0
28,C,2.43,66.7,1.4792673887,22.91,4.8656017695,2.0159614365,91.49,223.66,6.67,33.89,7.4988674271,9.37,1.68,356.3,9.81,84.91,1313.01,31.136032948,14.620846939,0,2.43,1,0.72,0,22.91,1,1.81,1,1.59,0,91.49,0,33.89,1,9.47,0,1.68,1,,1,17.77,41,356.3,0
12,C,1.4333054479,48.94,1.4792673887,31.09,4.8656017695,4.78,471.47,153.55,9.95,50.62,17.45,7.4,5.21,762.73,15.58,59.24,1417.89,31.136032948,98.65,1,1.5,1,1,0,31.09,1,5.44,0,4.78,0,471.47,0,50.62,0,17.45,0,5.21,1,,0,98.65,41,762.73,0
15,C,2.73,31.81,6.18,21.85,4.8656017695,15.92,572.1,59.25,45.94,135.58,40.86,13.19,5.09,1318.05,11.81,57.68,1272.53,31.136032948,141.12,0,2.73,0,6.18,0,21.85,1,6.24,0,15.92,0,572.1,0,135.58,0,40.86,0,5.09,1,,0,141.12,41,1318.05,0
29,C,14.84,45.84,34.07,140.34,33.18,13.46,290.53,112.03,69.8,686.61,368.62,39.03,3.17,518.66,11.91,151.64,3003.99,172.49,388.32,0,14.84,0,34.07,0,140.34,0,33.18,0,13.46,0,290.53,0,686.61,0,368.62,0,3.17,0,172.49,0,388.32,41,518.66,0
25,C,1.4333054479,33.36,1.4792673887,4.36,4.8656017695,5.27,767.23,196.93,5.79,86.51,7.4988674271,15.52,0.2750645383,1076.91,13.58,143.01,782.95,31.136032948,14.620846939,1,,1,1,0,4.36,1,2.16,0,5.27,0,767.23,0,86.51,1,,1,,1,,1,1.6,41,1076.91,0
13,C,1.4333054479,27.07,1.4792673887,39.43,4.8656017695,10.64,129.37,52.3,19.49,56.19,31.96,7.97,0.2750645383,693.81,4.73,60.59,1589.65,31.136032948,208.34,1,0.19,1,1.55,0,39.43,1,5.46,0,10.64,0,129.37,0,56.19,0,31.96,1,,1,,0,208.34,41,693.81,0
9,C,1.4333054479,62,1.4792673887,16.58,4.8656017695,2.0159614365,33.771419926,65.73,6.91,16.88,7.4988674271,4.99,0.2750645383,730.21,3.49,86.14,1157.16,31.136032948,14.620846939,1,,1,,0,16.58,1,1.99,1,1.59,1,,0,16.88,1,,1,,1,,1,15.35,41,730.21,0
8,C,1.4333054479,38.16,5.28,22.24,29.46,10.64,416.17,143.31,7.86,47.85,105.96,15.61,4.42,,12.61,93.33,1219.46,31.136032948,148.03,1,,0,5.28,0,22.24,0,29.46,0,10.64,0,416.17,0,47.85,0,105.96,0,4.42,1,15.77,0,148.03,41,59.34,1
6,C,3.02,33.73,14.61,105.18,30.33,16.25,58.76,77.56,56.21,439.6,277.33,32.4,0.2750645383,59.34,12.14,98.48,2891.8,64.09,459.85,0,3.02,0,14.61,0,105.18,0,30.33,0,16.25,0,58.76,0,439.6,0,277.33,1,,0,64.09,0,459.85,41,59.34,0
11,C,7.26,14.7,10.94,45.43,11.55,25.11,613.6,28.2,38.35,161.05,77.89,15.79,1.94,745.5,7.1,41.71,1970.85,31.136032948,127.32,0,7.26,0,10.94,0,45.43,0,11.55,0,25.11,0,613.6,0,161.05,0,77.89,0,1.94,1,,0,127.32,41,745.5,0
1,C,1.4333054479,45.85,1.4792673887,15.86,4.8656017695,3.32,205.78,93.6,4.92,18.33,7.4988674271,4.75,0.2750645383,617.83,11.86,109.15,999.89,31.136032948,14.620846939,1,0.19,1,0.72,0,15.86,1,1.91,0,3.32,0,205.78,0,18.33,1,3.35,1,0.13,1,,1,5.53,41,617.83,0
10,C,1.4333054479,52.89,1.4792673887,23.6,4.8656017695,3.32,64.55,165.1,7.86,7.1410713952,24.29,8.3,0.2750645383,59.34,9.71,80.32,1372.32,31.136032948,125.13,1,0.85,1,1.29,0,23.6,1,2.5,0,3.32,0,64.55,1,8.26,0,24.29,1,0.06,1,,0,125.13,41,59.34,0
23,C,6.19,38.16,12.33,105.52,16.08,18.89,370.79,94.96,45.35,376.18,199.88,19.4,0.2750645383,452.94,9.9,75.73,2698.42,71.96,319.99,0,6.19,0,12.33,0,105.52,0,16.08,0,18.89,0,370.79,0,376.18,0,199.88,1,,0,71.96,0,319.99,41,452.94,0
16,C,1.4333054479,42.01,2.48,33.95,17.02,2.0159614365,33.771419926,248.47,26.57,1575.47,52.6,13.14,3.1,173.83,11.44,79.03,1676.01,31.136032948,40.4,1,,0,2.48,0,33.95,0,17.02,1,1.59,1,41.38,0,1575.47,0,52.6,0,3.1,1,,0,40.4,41,173.83,0
20,C,1.4333054479,30.05,1.4792673887,40.33,9.91,2.0159614365,466.07,229.37,8.69,115.21,188.67,17.45,0.2750645383,908.79,21.01,109.36,1779.37,31.136032948,14.620846939,1,1.51,1,1,0,40.33,0,9.91,1,,0,466.07,0,115.21,0,188.67,1,,1,6.07,1,15.34,41,908.79,0
7,C,7.02,36.37,8.7,103.16,23.91,9.63,2376.81,117.9,44.88,299.15,423.85,21.85,1.59,547.82,19.85,107.44,2365.78,31.136032948,111.35,0,7.02,0,8.7,0,103.16,0,23.91,0,9.63,0,2376.81,0,299.15,0,423.85,0,1.59,1,42.72,0,111.35,41,547.82,0
17,C,1.4333054479,36.13,1.4792673887,28.87,4.8656017695,2.0159614365,375,328.67,6.67,67.24,38,9.58,0.2750645383,253.24,19.66,52.44,1476.81,31.136032948,99.83,1,,1,1.57,0,28.87,1,4.22,1,2.26,0,375,0,67.24,0,38,1,,1,,0,99.83,41,253.24,0
19,D,6.04,41.65,11.97,38.25,17.77,12.56,462.14,367.13,47.99,138.28,157.62,45.47,14.85,1412.35,16.67,114.01,1717.19,31.136032948,115.95,0,6.04,0,11.97,0,38.25,0,17.77,0,12.56,0,462.14,0,138.28,0,157.62,0,14.85,1,,0,115.95,41,1412.35,0
26,D,1.4333054479,34.57,1.4792673887,3.031366776,4.8656017695,2.0159614365,289.48,78.54,3.51,7.1410713952,7.4988674271,3.34,0.2750645383,1205.1,5.41,42.87,429.91,31.136032948,14.620846939,1,0.53,1,1.14,1,2.56,1,3.44,1,2.26,0,289.48,1,,1,,1,0.13,1,,1,10.47,41,1205.1,0
24,D,2.73,47.43,1.4792673887,4.63,4.8656017695,2.0159614365,303.98,128.96,3.43,7.1410713952,7.4988674271,5.23,0.2750645383,1793.84,7.19,67.29,637.41,31.136032948,14.620846939,0,2.73,1,1.55,0,4.63,1,4.22,1,2.26,0,303.98,1,,1,3.35,1,,1,,1,15.34,41,1793.84,0
2,D,2.43,33.39,10.94,27.68,4.8656017695,5.84,442.57,113,55.24,121.98,97,18.04,0.2750645383,1794.45,13.4,155.88,1646,31.136032948,85.89,0,2.43,0,10.94,0,27.68,1,6.18,0,5.84,0,442.57,0,121.98,0,97,1,0.35,1,12.73,0,85.89,41,1794.45,0
27,D,3.18,39.04,10.77,39.75,11.21,4.37,33.771419926,120.23,52.23,108.39,71.95,21.66,2.37,,10.7,86.65,1732.97,31.136032948,41.59,0,3.18,0,10.77,0,39.75,0,11.21,0,4.37,1,26.9,0,108.39,0,71.95,0,2.37,1,,0,41.59,41,745.5,1
21,D,1.4333054479,53.28,1.4792673887,43.07,7.73,4.78,620.11,189.77,9.05,119.29,33.75,19.62,0.47,942.41,18.21,122.84,1876.02,31.136032948,27.36,1,1.5,1,0.43,0,43.07,0,7.73,0,4.78,0,620.11,0,119.29,0,33.75,0,0.47,1,,0,27.36,41,942.41,0
18,D,1.4333054479,41.53,1.4792673887,6.41,4.8656017695,3.32,33.771419926,144.93,5.17,7.1410713952,7.4988674271,6.01,2.37,686.49,7.03,140.91,697.71,31.136032948,14.620846939,1,,1,0.43,0,6.41,1,2.13,0,3.32,1,29.79,1,,1,8.61,0,2.37,1,,1,1.6,41,686.49,0
3,D,3.91,11.79,7.92,60.9,7.01,9.63,33.771419926,47.19,33.27,122.01,68.01,19.15,0.2750645383,410.73,6.97,31.09,2058.43,31.136032948,184.5,0,3.91,0,7.92,0,60.9,0,7.01,0,9.63,1,18.21,0,122.01,0,68.01,1,0.21,1,,0,184.5,41,410.73,0
4,C,7.58,13.47,16.45,69.73,17.76,20.91,70.31,41.07,47.32,220.43,115.36,21.03,4.98,1041.31,6.77,49.45,2436.06,31.136032948,110.2,0,7.58,0,16.45,0,69.73,0,17.76,0,20.91,0,70.31,0,220.43,0,115.36,0,4.98,1,,0,110.2,42,1041.31,0
22,C,1.4333054479,46.11,1.4792673887,20.86,4.8656017695,2.0159614365,363.68,78.61,5.17,28.26,7.4988674271,9.16,0.2750645383,400.74,13.73,80.54,1157.16,31.136032948,49.82,1,,1,,0,20.86,1,2.5,1,1.25,0,363.68,0,28.26,1,7.72,1,0.13,1,,0,49.82,42,400.74,0
5,C,1.4333054479,56.07,4.77,55.55,18.98,8.47,376.27,219.48,34.51,162.62,89.46,16.32,2.27,708.48,10.7,214.75,1650.97,31.136032948,95.21,1,1.65,0,4.77,0,55.55,0,18.98,0,8.47,0,376.27,0,162.62,0,89.46,0,2.27,1,18.84,0,95.21,42,708.48,0
14,C,32.72,19.35,5.82,122.94,37.99,84.35,327.37,37.55,46.76,560.51,254.78,36.64,0.2750645383,1387.6,12.22,100.34,3221.84,74.87,760.84,0,32.72,0,5.82,0,122.94,0,37.99,0,84.35,0,327.37,0,560.51,0,254.78,1,,0,74.87,0,760.84,42,1387.6,0
28,C,2.43,66.7,1.4792673887,22.91,4.8656017695,2.0159614365,91.49,223.66,6.67,33.89,7.4988674271,9.37,1.68,356.3,9.81,84.91,1313.01,31.136032948,14.620846939,0,2.43,1,0.72,0,22.91,1,1.81,1,1.59,0,91.49,0,33.89,1,9.47,0,1.68,1,,1,17.77,42,356.3,0
12,C,1.4333054479,48.94,1.4792673887,31.09,4.8656017695,4.78,471.47,153.55,9.95,50.62,17.45,7.4,5.21,762.73,15.58,59.24,1417.89,31.136032948,98.65,1,1.5,1,1,0,31.09,1,5.44,0,4.78,0,471.47,0,50.62,0,17.45,0,5.21,1,,0,98.65,42,762.73,0
15,C,2.73,31.81,6.18,21.85,4.8656017695,15.92,572.1,59.25,45.94,135.58,40.86,13.19,5.09,1318.05,11.81,57.68,1272.53,31.136032948,141.12,0,2.73,0,6.18,0,21.85,1,6.24,0,15.92,0,572.1,0,135.58,0,40.86,0,5.09,1,,0,141.12,42,1318.05,0
29,C,14.84,45.84,34.07,140.34,33.18,13.46,290.53,112.03,69.8,686.61,368.62,39.03,3.17,518.66,11.91,151.64,3003.99,172.49,388.32,0,14.84,0,34.07,0,140.34,0,33.18,0,13.46,0,290.53,0,686.61,0,368.62,0,3.17,0,172.49,0,388.32,42,518.66,0
25,C,1.4333054479,33.36,1.4792673887,4.36,4.8656017695,5.27,767.23,196.93,5.79,86.51,7.4988674271,15.52,0.2750645383,1076.91,13.58,143.01,782.95,31.136032948,14.620846939,1,,1,1,0,4.36,1,2.16,0,5.27,0,767.23,0,86.51,1,,1,,1,,1,1.6,42,1076.91,0
13,C,1.4333054479,27.07,1.4792673887,39.43,4.8656017695,10.64,129.37,52.3,19.49,56.19,31.96,7.97,0.2750645383,693.81,4.73,60.59,1589.65,31.136032948,208.34,1,0.19,1,1.55,0,39.43,1,5.46,0,10.64,0,129.37,0,56.19,0,31.96,1,,1,,0,208.34,42,693.81,0
9,C,1.4333054479,62,1.4792673887,16.58,4.8656017695,2.0159614365,33.771419926,65.73,6.91,16.88,7.4988674271,4.99,0.2750645383,730.21,3.49,86.14,1157.16,31.136032948,14.620846939,1,,1,,0,16.58,1,1.99,1,1.59,1,,0,16.88,1,,1,,1,,1,15.35,42,730.21,0
8,C,1.4333054479,38.16,5.28,22.24,29.46,10.64,416.17,143.31,7.86,47.85,105.96,15.61,4.42,,12.61,93.33,1219.46,31.136032948,148.03,1,,0,5.28,0,22.24,0,29.46,0,10.64,0,416.17,0,47.85,0,105.96,0,4.42,1,15.77,0,148.03,42,1041.31,1
6,C,3.02,33.73,14.61,105.18,30.33,16.25,58.76,77.56,56.21,439.6,277.33,32.4,0.2750645383,59.34,12.14,98.48,2891.8,64.09,459.85,0,3.02,0,14.61,0,105.18,0,30.33,0,16.25,0,58.76,0,439.6,0,277.33,1,,0,64.09,0,459.85,42,59.34,0
11,C,7.26,14.7,10.94,45.43,11.55,25.11,613.6,28.2,38.35,161.05,77.89,15.79,1.94,745.5,7.1,41.71,1970.85,31.136032948,127.32,0,7.26,0,10.94,0,45.43,0,11.55,0,25.11,0,613.6,0,161.05,0,77.89,0,1.94,1,,0,127.32,42,745.5,0
1,C,1.4333054479,45.85,1.4792673887,15.86,4.8656017695,3.32,205.78,93.6,4.92,18.33,7.4988674271,4.75,0.2750645383,617.83,11.86,109.15,999.89,31.136032948,14.620846939,1,0.19,1,0.72,0,15.86,1,1.91,0,3.32,0,205.78,0,18.33,1,3.35,1,0.13,1,,1,5.53,42,617.83,0
10,C,1.4333054479,52.89,1.4792673887,23.6,4.8656017695,3.32,64.55,165.1,7.86,7.1410713952,24.29,8.3,0.2750645383,59.34,9.71,80.32,1372.32,31.136032948,125.13,1,0.85,1,1.29,0,23.6,1,2.5,0,3.32,0,64.55,1,8.26,0,24.29,1,0.06,1,,0,125.13,42,59.34,0
23,C,6.19,38.16,12.33,105.52,16.08,18.89,370.79,94.96,45.35,376.18,199.88,19.4,0.2750645383,452.94,9.9,75.73,2698.42,71.96,319.99,0,6.19,0,12.33,0,105.52,0,16.08,0,18.89,0,370.79,0,376.18,0,199.88,1,,0,71.96,0,319.99,42,452.94,0
16,C,1.4333054479,42.01,2.48,33.95,17.02,2.0159614365,33.771419926,248.47,26.57,1575.47,52.6,13.14,3.1,173.83,11.44,79.03,1676.01,31.136032948,40.4,1,,0,2.48,0,33.95,0,17.02,1,1.59,1,41.38,0,1575.47,0,52.6,0,3.1,1,,0,40.4,42,173.83,0
20,C,1.4333054479,30.05,1.4792673887,40.33,9.91,2.0159614365,466.07,229.37,8.69,115.21,188.67,17.45,0.2750645383,908.79,21.01,109.36,1779.37,31.136032948,14.620846939,1,1.51,1,1,0,40.33,0,9.91,1,,0,466.07,0,115.21,0,188.67,1,,1,6.07,1,15.34,42,908.79,0
7,C,7.02,36.37,8.7,103.16,23.91,9.63,2376.81,117.9,44.88,299.15,423.85,21.85,1.59,547.82,19.85,107.44,2365.78,31.136032948,111.35,0,7.02,0,8.7,0,103.16,0,23.91,0,9.63,0,2376.81,0,299.15,0,423.85,0,1.59,1,42.72,0,111.35,42,547.82,0
17,C,1.4333054479,36.13,1.4792673887,28.87,4.8656017695,2.0159614365,375,328.67,6.67,67.24,38,9.58,0.2750645383,253.24,19.66,52.44,1476.81,31.136032948,99.83,1,,1,1.57,0,28.87,1,4.22,1,2.26,0,375,0,67.24,0,38,1,,1,,0,99.83,42,253.24,0
19,D,6.04,41.65,11.97,38.25,17.77,12.56,462.14,367.13,47.99,138.28,157.62,45.47,14.85,1412.35,16.67,114.01,1717.19,31.136032948,115.95,0,6.04,0,11.97,0,38.25,0,17.77,0,12.56,0,462.14,0,138.28,0,157.62,0,14.85,1,,0,115.95,42,1412.35,0
26,D,1.4333054479,34.57,1.4792673887,3.031366776,4.8656017695,2.0159614365,289.48,78.54,3.51,7.1410713952,7.4988674271,3.34,0.2750645383,1205.1,5.41,42.87,429.91,31.136032948,14.620846939,1,0.53,1,1.14,1,2.56,1,3.44,1,2.26,0,289.48,1,,1,,1,0.13,1,,1,10.47,42,1205.1,0
24,D,2.73,47.43,1.4792673887,4.63,4.8656017695,2.0159614365,303.98,128.96,3.43,7.1410713952,7.4988674271,5.23,0.2750645383,1793.84,7.19,67.29,637.41,31.136032948,14.620846939,0,2.73,1,1.55,0,4.63,1,4.22,1,2.26,0,303.98,1,,1,3.35,1,,1,,1,15.34,42,1793.84,0
2,D,2.43,33.39,10.94,27.68,4.8656017695,5.84,442.57,113,55.24,121.98,97,18.04,0.2750645383,1794.45,13.4,155.88,1646,31.136032948,85.89,0,2.43,0,10.94,0,27.68,1,6.18,0,5.84,0,442.57,0,121.98,0,97,1,0.35,1,12.73,0,85.89,42,1794.45,0
27,D,3.18,39.04,10.77,39.75,11.21,4.37,33.771419926,120.23,52.23,108.39,71.95,21.66,2.37,,10.7,86.65,1732.97,31.136032948,41.59,0,3.18,0,10.77,0,39.75,0,11.21,0,4.37,1,26.9,0,108.39,0,71.95,0,2.37,1,,0,41.59,42,547.82,1
21,D,1.4333054479,53.28,1.4792673887,43.07,7.73,4.78,620.11,189.77,9.05,119.29,33.75,19.62,0.47,942.41,18.21,122.84,1876.02,31.136032948,27.36,1,1.5,1,0.43,0,43.07,0,7.73,0,4.78,0,620.11,0,119.29,0,33.75,0,0.47,1,,0,27.36,42,942.41,0
18,D,1.4333054479,41.53,1.4792673887,6.41,4.8656017695,3.32,33.771419926,144.93,5.17,7.1410713952,7.4988674271,6.01,2.37,686.49,7.03,140.91,697.71,31.136032948,14.620846939,1,,1,0.43,0,6.41,1,2.13,0,3.32,1,29.79,1,,1,8.61,0,2.37,1,,1,1.6,42,686.49,0
3,D,3.91,11.79,7.92,60.9,7.01,9.63,33.771419926,47.19,33.27,122.01,68.01,19.15,0.2750645383,410.73,6.97,31.09,2058.43,31.136032948,184.5,0,3.91,0,7.92,0,60.9,0,7.01,0,9.63,1,18.21,0,122.01,0,68.01,1,0.21,1,,0,184.5,42,410.73,0
4,C,7.58,13.47,16.45,69.73,17.76,20.91,70.31,41.07,47.32,220.43,115.36,21.03,4.98,1041.31,6.77,49.45,2436.06,31.136032948,110.2,0,7.58,0,16.45,0,69.73,0,17.76,0,20.91,0,70.31,0,220.43,0,115.36,0,4.98,1,,0,110.2,43,1041.31,0
22,C,1.4333054479,46.11,1.4792673887,20.86,4.8656017695,2.0159614365,363.68,78.61,5.17,28.26,7.4988674271,9.16,0.2750645383,400.74,13.73,80.54,1157.16,31.136032948,49.82,1,,1,,0,20.86,1,2.5,1,1.25,0,363.68,0,28.26,1,7.72,1,0.13,1,,0,49.82,43,400.74,0
5,C,1.4333054479,56.07,4.77,55.55,18.98,8.47,376.27,219.48,34.51,162.62,89.46,16.32,2.27,708.48,10.7,214.75,1650.97,31.136032948,95.21,1,1.65,0,4.77,0,55.55,0,18.98,0,8.47,0,376.27,0,162.62,0,89.46,0,2.27,1,18.84,0,95.21,43,708.48,0
14,C,32.72,19.35,5.82,122.94,37.99,84.35,327.37,37.55,46.76,560.51,254.78,36.64,0.2750645383,1387.6,12.22,100.34,3221.84,74.87,760.84,0,32.72,0,5.82,0,122.94,0,37.99,0,84.35,0,327.37,0,560.51,0,254.78,1,,0,74.87,0,760.84,43,1387.6,0
28,C,2.43,66.7,1.4792673887,22.91,4.8656017695,2.0159614365,91.49,223.66,6.67,33.89,7.4988674271,9.37,1.68,356.3,9.81,84.91,1313.01,31.136032948,14.620846939,0,2.43,1,0.72,0,22.91,1,1.81,1,1.59,0,91.49,0,33.89,1,9.47,0,1.68,1,,1,17.77,43,356.3,0
12,C,1.4333054479,48.94,1.4792673887,31.09,4.8656017695,4.78,471.47,153.55,9.95,50.62,17.45,7.4,5.21,762.73,15.58,59.24,1417.89,31.136032948,98.65,1,1.5,1,1,0,31.09,1,5.44,0,4.78,0,471.47,0,50.62,0,17.45,0,5.21,1,,0,98.65,43,762.73,0
15,C,2.73,31.81,6.18,21.85,4.8656017695,15.92,572.1,59.25,45.94,135.58,40.86,13.19,5.09,1318.05,11.81,57.68,1272.53,31.136032948,141.12,0,2.73,0,6.18,0,21.85,1,6.24,0,15.92,0,572.1,0,135.58,0,40.86,0,5.09,1,,0,141.12,43,1318.05,0
29,C,14.84,45.84,34.07,140.34,33.18,13.46,290.53,112.03,69.8,686.61,368.62,39.03,3.17,518.66,11.91,151.64,3003.99,172.49,388.32,0,14.84,0,34.07,0,140.34,0,33.18,0,13.46,0,290.53,0,686.61,0,368.62,0,3.17,0,172.49,0,388.32,43,518.66,0
25,C,1.4333054479,33.36,1.4792673887,4.36,4.8656017695,5.27,767.23,196.93,5.79,86.51,7.4988674271,15.52,0.2750645383,1076.91,13.58,143.01,782.95,31.136032948,14.620846939,1,,1,1,0,4.36,1,2.16,0,5.27,0,767.23,0,86.51,1,,1,,1,,1,1.6,43,1076.91,0
13,C,1.4333054479,27.07,1.4792673887,39.43,4.8656017695,10.64,129.37,52.3,19.49,56.19,31.96,7.97,0.2750645383,693.81,4.73,60.59,1589.65,31.136032948,208.34,1,0.19,1,1.55,0,39.43,1,5.46,0,10.64,0,129.37,0,56.19,0,31.96,1,,1,,0,208.34,43,693.81,0
9,C,1.4333054479,62,1.4792673887,16.58,4.8656017695,2.0159614365,33.771419926,65.73,6.91,16.88,7.4988674271,4.99,0.2750645383,730.21,3.49,86.14,1157.16,31.136032948,14.620846939,1,,1,,0,16.58,1,1.99,1,1.59,1,,0,16.88,1,,1,,1,,1,15.35,43,730.21,0
8,C,1.4333054479,38.16,5.28,22.24,29.46,10.64,416.17,143.31,7.86,47.85,105.96,15.61,4.42,,12.61,93.33,1219.46,31.136032948,148.03,1,,0,5.28,0,22.24,0,29.46,0,10.64,0,416.17,0,47.85,0,105.96,0,4.42,1,15.77,0,148.03,43,686.49,1
6,C,3.02,33.73,14.61,105.18,30.33,16.25,58.76,77.56,56.21,439.6,277.33,32.4,0.2750645383,59.34,12.14,98.48,2891.8,64.09,459.85,0,3.02,0,14.61,0,105.18,0,30.33,0,16.25,0,58.76,0,439.6,0,277.33,1,,0,64.09,0,459.85,43,59.34,0
11,C,7.26,14.7,10.94,45.43,11.55,25.11,613.6,28.2,38.35,161.05,77.89,15.79,1.94,745.5,7.1,41.71,1970.85,31.136032948,127.32,0,7.26,0,10.94,0,45.43,0,11.55,0,25.11,0,613.6,0,161.05,0,77.89,0,1.94,1,,0,127.32,43,745.5,0
1,C,1.4333054479,45.85,1.4792673887,15.86,4.8656017695,3.32,205.78,93.6,4.92,18.33,7.4988674271,4.75,0.2750645383,617.83,11.86,109.15,999.89,31.136032948,14.620846939,1,0.19,1,0.72,0,15.86,1,1.91,0,3.32,0,205.78,0,18.33,1,3.35,1,0.13,1,,1,5.53,43,617.83,0
10,C,1.4333054479,52.89,1.4792673887,23.6,4.8656017695,3.32,64.55,165.1,7.86,7.1410713952,24.29,8.3,0.2750645383,59.34,9.71,80.32,1372.32,31.136032948,125.13,1,0.85,1,1.29,0,23.6,1,2.5,0,3.32,0,64.55,1,8.26,0,24.29,1,0.06,1,,0,125.13,43,59.34,0
23,C,6.19,38.16,12.33,105.52,16.08,18.89,370.79,94.96,45.35,376.18,199.88,19.4,0.2750645383,452.94,9.9,75.73,2698.42,71.96,319.99,0,6.19,0,12.33,0,105.52,0,16.08,0,18.89,0,370.79,0,376.18,0,199.88,1,,0,71.96,0,319.99,43,452.94,0
16,C,1.4333054479,42.01,2.48,33.95,17.02,2.0159614365,33.771419926,248.47,26.57,1575.47,52.6,13.14,3.1,173.83,11.44,79.03,1676.01,31.136032948,40.4,1,,0,2.48,0,33.95,0,17.02,1,1.59,1,41.38,0,1575.47,0,52.6,0,3.1,1,,0,40.4,43,173.83,0
20,C,1.4333054479,30.05,1.4792673887,40.33,9.91,2.0159614365,466.07,229.37,8.69,115.21,188.67,17.45,0.2750645383,908.79,21.01,109.36,1779.37,31.136032948,14.620846939,1,1.51,1,1,0,40.33,0,9.91,1,,0,466.07,0,115.21,0,188.67,1,,1,6.07,1,15.34,43,908.79,0
7,C,7.02,36.37,8.7,103.16,23.91,9.63,2376.81,117.9,44.88,299.15,423.85,21.85,1.59,547.82,19.85,107.44,2365.78,31.136032948,111.35,0,7.02,0,8.7,0,103.16,0,23.91,0,9.63,0,2376.81,0,299.15,0,423.85,0,1.59,1,42.72,0,111.35,43,547.82,0
17,C,1.4333054479,36.13,1.4792673887,28.87,4.8656017695,2.0159614365,375,328.67,6.67,67.24,38,9.58,0.2750645383,253.24,19.66,52.44,1476.81,31.136032948,99.83,1,,1,1.57,0,28.87,1,4.22,1,2.26,0,375,0,67.24,0,38,1,,1,,0,99.83,43,253.24,0
19,D,6.04,41.65,11.97,38.25,17.77,12.56,462.14,367.13,47.99,138.28,157.62,45.47,14.85,1412.35,16.67,114.01,1717.19,31.136032948,115.95,0,6.04,0,11.97,0,38.25,0,17.77,0,12.56,0,462.14,0,138.28,0,157.62,0,14.85,1,,0,115.95,43,1412.35,0
26,D,1.4333054479,34.57,1.4792673887,3.031366776,4.8656017695,2.0159614365,289.48,78.54,3.51,7.1410713952,7.4988674271,3.34,0.2750645383,1205.1,5.41,42.87,429.91,31.136032948,14.620846939,1,0.53,1,1.14,1,2.56,1,3.44,1,2.26,0,289.48,1,,1,,1,0.13,1,,1,10.47,43,1205.1,0
24,D,2.73,47.43,1.4792673887,4.63,4.8656017695,2.0159614365,303.98,128.96,3.43,7.1410713952,7.4988674271,5.23,0.2750645383,1793.84,7.19,67.29,637.41,31.136032948,14.620846939,0,2.73,1,1.55,0,4.63,1,4.22,1,2.26,0,303.98,1,,1,3.35,1,,1,,1,15.34,43,1793.84,0
2,D,2.43,33.39,10.94,27.68,4.8656017695,5.84,442.57,113,55.24,121.98,97,18.04,0.2750645383,1794.45,13.4,155.88,1646,31.136032948,85.89,0,2.43,0,10.94,0,27.68,1,6.18,0,5.84,0,442.57,0,121.98,0,97,1,0.35,1,12.73,0,85.89,43,1794.45,0
27,D,3.18,39.04,10.77,39.75,11.21,4.37,33.771419926,120.23,52.23,108.39,71.95,21.66,2.37,,10.7,86.65,1732.97,31.136032948,41.59,0,3.18,0,10.77,0,39.75,0,11.21,0,4.37,1,26.9,0,108.39,0,71.95,0,2.37,1,,0,41.59,43,173.83,1
21,D,1.4333054479,53.28,1.4792673887,43.07,7.73,4.78,620.11,189.77,9.05,119.29,33.75,19.62,0.47,942.41,18.21,122.84,1876.02,31.136032948,27.36,1,1.5,1,0.43,0,43.07,0,7.73,0,4.78,0,620.11,0,119.29,0,33.75,0,0.47,1,,0,27.36,43,942.41,0
18,D,1.4333054479,41.53,1.4792673887,6.41,4.8656017695,3.32,33.771419926,144.93,5.17,7.1410713952,7.4988674271,6.01,2.37,686.49,7.03,140.91,697.71,31.136032948,14.620846939,1,,1,0.43,0,6.41,1,2.13,0,3.32,1,29.79,1,,1,8.61,0,2.37,1,,1,1.6,43,686.49,0
3,D,3.91,11.79,7.92,60.9,7.01,9.63,33.771419926,47.19,33.27,122.01,68.01,19.15,0.2750645383,410.73,6.97,31.09,2058.43,31.136032948,184.5,0,3.91,0,7.92,0,60.9,0,7.01,0,9.63,1,18.21,0,122.01,0,68.01,1,0.21,1,,0,184.5,43,410.73,0
4,C,7.58,13.47,16.45,69.73,17.76,20.91,70.31,41.07,47.32,220.43,115.36,21.03,4.98,1041.31,6.77,49.45,2436.06,31.136032948,110.2,0,7.58,0,16.45,0,69.73,0,17.76,0,20.91,0,70.31,0,220.43,0,115.36,0,4.98,1,,0,110.2,44,1041.31,0
22,C,1.4333054479,46.11,1.4792673887,20.86,4.8656017695,2.0159614365,363.68,78.61,5.17,28.26,7.4988674271,9.16,0.2750645383,400.74,13.73,80.54,1157.16,31.136032948,49.82,1,,1,,0,20.86,1,2.5,1,1.25,0,363.68,0,28.26,1,7.72,1,0.13,1,,0,49.82,44,400.74,0
5,C,1.4333054479,56.07,4.77,55.55,18.98,8.47,376.27,219.48,34.51,162.62,89.46,16.32,2.27,708.48,10.7,214.75,1650.97,31.136032948,95.21,1,1.65,0,4.77,0,55.55,0,18.98,0,8.47,0,376.27,0,162.62,0,89.46,0,2.27,1,18.84,0,95.21,44,708.48,0
14,C,32.72,19.35,5.82,122.94,37.99,84.35,327.37,37.55,46.76,560.51,254.78,36.64,0.2750645383,1387.6,12.22,100.34,3221.84,74.87,760.84,0,32.72,0,5.82,0,122.94,0,37.99,0,84.35,0,327.37,0,560.51,0,254.78,1,,0,74.87,0,760.84,44,1387.6,0
28,C,2.43,66.7,1.4792673887,22.91,4.8656017695,2.0159614365,91.49,223.66,6.67,33.89,7.4988674271,9.37,1.68,356.3,9.81,84.91,1313.01,31.136032948,14.620846939,0,2.43,1,0.72,0,22.91,1,1.81,1,1.59,0,91.49,0,33.89,1,9.47,0,1.68,1,,1,17.77,44,356.3,0
12,C,1.4333054479,48.94,1.4792673887,31.09,4.8656017695,4.78,471.47,153.55,9.95,50.62,17.45,7.4,5.21,762.73,15.58,59.24,1417.89,31.136032948,98.65,1,1.5,1,1,0,31.09,1,5.44,0,4.78,0,471.47,0,50.62,0,17.45,0,5.21,1,,0,98.65,44,762.73,0
15,C,2.73,31.81,6.18,21.85,4.8656017695,15.92,572.1,59.25,45.94,135.58,40.86,13.19,5.09,1318.05,11.81,57.68,1272.53,31.136032948,141.12,0,2.73,0,6.18,0,21.85,1,6.24,0,15.92,0,572.1,0,135.58,0,40.86,0,5.09,1,,0,141.12,44,1318.05,0
29,C,14.84,45.84,34.07,140.34,33.18,13.46,290.53,112.03,69.8,686.61,368.62,39.03,3.17,518.66,11.91,151.64,3003.99,172.49,388.32,0,14.84,0,34.07,0,140.34,0,33.18,0,13.46,0,290.53,0,686.61,0,368.62,0,3.17,0,172.49,0,388.32,44,518.66,0
25,C,1.4333054479,33.36,1.4792673887,4.36,4.8656017695,5.27,767.23,196.93,5.79,86.51,7.4988674271,15.52,0.2750645383,1076.91,13.58,143.01,782.95,31.136032948,14.620846939,1,,1,1,0,4.36,1,2.16,0,5.27,0,767.23,0,86.51,1,,1,,1,,1,1.6,44,1076.91,0
13,C,1.4333054479,27.07,1.4792673887,39.43,4.8656017695,10.64,129.37,52.3,19.49,56.19,31.96,7.97,0.2750645383,693.81,4.73,60.59,1589.65,31.136032948,208.34,1,0.19,1,1.55,0,39.43,1,5.46,0,10.64,0,129.37,0,56.19,0,31.96,1,,1,,0,208.34,44,693.81,0
9,C,1.4333054479,62,1.4792673887,16.58,4.8656017695,2.0159614365,33.771419926,65.73,6.91,16.88,7.4988674271,4.99,0.2750645383,730.21,3.49,86.14,1157.16,31.136032948,14.620846939,1,,1,,0,16.58,1,1.99,1,1.59,1,,0,16.88,1,,1,,1,,1,15.35,44,730.21,0
8,C,1.4333054479,38.16,5.28,22.24,29.46,10.64,416.17,143.31,7.86,47.85,105.96,15.61,4.42,,12.61,93.33,1219.46,31.136032948,148.03,1,,0,5.28,0,22.24,0,29.46,0,10.64,0,416.17,0,47.85,0,105.96,0,4.42,1,15.77,0,148.03,44,547.82,1
6,C,3.02,33.73,14.61,105.18,30.33,16.25,58.76,77.56,56.21,439.6,277.33,32.4,0.2750645383,59.34,12.14,98.48,2891.8,64.09,459.85,0,3.02,0,14.61,0,105.18,0,30.33,0,16.25,0,58.76,0,439.6,0,277.33,1,,0,64.09,0,459.85,44,59.34,0
11,C,7.26,14.7,10.94,45.43,11.55,25.11,613.6,28.2,38.35,161.05,77.89,15.79,1.94,745.5,7.1,41.71,1970.85,31.136032948,127.32,0,7.26,0,10.94,0,45.43,0,11.55,0,25.11,0,613.6,0,161.05,0,77.89,0,1.94,1,,0,127.32,44,745.5,0
1,C,1.4333054479,45.85,1.4792673887,15.86,4.8656017695,3.32,205.78,93.6,4.92,18.33,7.4988674271,4.75,0.2750645383,617.83,11.86,109.15,999.89,31.136032948,14.620846939,1,0.19,1,0.72,0,15.86,1,1.91,0,3.32,0,205.78,0,18.33,1,3.35,1,0.13,1,,1,5.53,44,617.83,0
10,C,1.4333054479,52.89,1.4792673887,23.6,4.8656017695,3.32,64.55,165.1,7.86,7.1410713952,24.29,8.3,0.2750645383,59.34,9.71,80.32,1372.32,31.136032948,125.13,1,0.85,1,1.29,0,23.6,1,2.5,0,3.32,0,64.55,1,8.26,0,24.29,1,0.06,1,,0,125.13,44,59.34,0
23,C,6.19,38.16,12.33,105.52,16.08,18.89,370.79,94.96,45.35,376.18,199.88,19.4,0.2750645383,452.94,9.9,75.73,2698.42,71.96,319.99,0,6.19,0,12.33,0,105.52,0,16.08,0,18.89,0,370.79,0,376.18,0,199.88,1,,0,71.96,0,319.99,44,452.94,0
16,C,1.4333054479,42.01,2.48,33.95,17.02,2.0159614365,33.771419926,248.47,26.57,1575.47,52.6,13.14,3.1,173.83,11.44,79.03,1676.01,31.136032948,40.4,1,,0,2.48,0,33.95,0,17.02,1,1.59,1,41.38,0,1575.47,0,52.6,0,3.1,1,,0,40.4,44,173.83,0
20,C,1.4333054479,30.05,1.4792673887,40.33,9.91,2.0159614365,466.07,229.37,8.69,115.21,188.67,17.45,0.2750645383,908.79,21.01,109.36,1779.37,31.136032948,14.620846939,1,1.51,1,1,0,40.33,0,9.91,1,,0,466.07,0,115.21,0,188.67,1,,1,6.07,1,15.34,44,908.79,0
7,C,7.02,36.37,8.7,103.16,23.91,9.63,2376.81,117.9,44.88,299.15,423.85,21.85,1.59,547.82,19.85,107.44,2365.78,31.136032948,111.35,0,7.02,0,8.7,0,103.16,0,23.91,0,9.63,0,2376.81,0,299.15,0,423.85,0,1.59,1,42.72,0,111.35,44,547.82,0
17,C,1.4333054479,36.13,1.4792673887,28.87,4.8656017695,2.0159614365,375,328.67,6.67,67.24,38,9.58,0.2750645383,253.24,19.66,52.44,1476.81,31.136032948,99.83,1,,1,1.57,0,28.87,1,4.22,1,2.26,0,375,0,67.24,0,38,1,,1,,0,99.83,44,253.24,0
19,D,6.04,41.65,11.97,38.25,17.77,12.56,462.14,367.13,47.99,138.28,157.62,45.47,14.85,1412.35,16.67,114.01,1717.19,31.136032948,115.95,0,6.04,0,11.97,0,38.25,0,17.77,0,12.56,0,462.14,0,138.28,0,157.62,0,14.85,1,,0,115.95,44,1412.35,0
26,D,1.4333054479,34.57,1.4792673887,3.031366776,4.8656017695,2.0159614365,289.48,78.54,3.51,7.1410713952,7.4988674271,3.34,0.2750645383,1205.1,5.41,42.87,429.91,31.136032948,14.620846939,1,0.53,1,1.14,1,2.56,1,3.44,1,2.26,0,289.48,1,,1,,1,0.13,1,,1,10.47,44,1205.1,0
24,D,2.73,47.43,1.4792673887,4.63,4.8656017695,2.0159614365,303.98,128.96,3.43,7.1410713952,7.4988674271,5.23,0.2750645383,1793.84,7.19,67.29,637.41,31.136032948,14.620846939,0,2.73,1,1.55,0,4.63,1,4.22,1,2.26,0,303.98,1,,1,3.35,1,,1,,1,15.34,44,1793.84,0
2,D,2.43,33.39,10.94,27.68,4.8656017695,5.84,442.57,113,55.24,121.98,97,18.04,0.2750645383,1794.45,13.4,155.88,1646,31.136032948,85.89,0,2.43,0,10.94,0,27.68,1,6.18,0,5.84,0,442.57,0,121.98,0,97,1,0.35,1,12.73,0,85.89,44,1794.45,0
27,D,3.18,39.04,10.77,39.75,11.21,4.37,33.771419926,120.23,52.23,108.39,71.95,21.66,2.37,,10.7,86.65,1732.97,31.136032948,41.59,0,3.18,0,10.77,0,39.75,0,11.21,0,4.37,1,26.9,0,108.39,0,71.95,0,2.37,1,,0,41.59,44,410.73,1
21,D,1.4333054479,53.28,1.4792673887,43.07,7.73,4.78,620.11,189.77,9.05,119.29,33.75,19.62,0.47,942.41,18.21,122.84,1876.02,31.136032948,27.36,1,1.5,1,0.43,0,43.07,0,7.73,0,4.78,0,620.11,0,119.29,0,33.75,0,0.47,1,,0,27.36,44,942.41,0
18,D,1.4333054479,41.53,1.4792673887,6.41,4.8656017695,3.32,33.771419926,144.93,5.17,7.1410713952,7.4988674271,6.01,2.37,686.49,7.03,140.91,697.71,31.136032948,14.620846939,1,,1,0.43,0,6.41,1,2.13,0,3.32,1,29.79,1,,1,8.61,0,2.37,1,,1,1.6,44,686.49,0
3,D,3.91,11.79,7.92,60.9,7.01,9.63,33.771419926,47.19,33.27,122.01,68.01,19.15,0.2750645383,410.73,6.97,31.09,2058.43,31.136032948,184.5,0,3.91,0,7.92,0,60.9,0,7.01,0,9.63,1,18.21,0,122.01,0,68.01,1,0.21,1,,0,184.5,44,410.73,0
4,C,7.58,13.47,16.45,69.73,17.76,20.91,70.31,41.07,47.32,220.43,115.36,21.03,4.98,1041.31,6.77,49.45,2436.06,31.136032948,110.2,0,7.58,0,16.45,0,69.73,0,17.76,0,20.91,0,70.31,0,220.43,0,115.36,0,4.98,1,,0,110.2,45,1041.31,0
22,C,1.4333054479,46.11,1.4792673887,20.86,4.8656017695,2.0159614365,363.68,78.61,5.17,28.26,7.4988674271,9.16,0.2750645383,400.74,13.73,80.54,1157.16,31.136032948,49.82,1,,1,,0,20.86,1,2.5,1,1.25,0,363.68,0,28.26,1,7.72,1,0.13,1,,0,49.82,45,400.74,0
5,C,1.4333054479,56.07,4.77,55.55,18.98,8.47,376.27,219.48,34.51,162.62,89.46,16.32,2.27,708.48,10.7,214.75,1650.97,31.136032948,95.21,1,1.65,0,4.77,0,55.55,0,18.98,0,8.47,0,376.27,0,162.62,0,89.46,0,2.27,1,18.84,0,95.21,45,708.48,0
14,C,32.72,19.35,5.82,122.94,37.99,84.35,327.37,37.55,46.76,560.51,254.78,36.64,0.2750645383,1387.6,12.22,100.34,3221.84,74.87,760.84,0,32.72,0,5.82,0,122.94,0,37.99,0,84.35,0,327.37,0,560.51,0,254.78,1,,0,74.87,0,760.84,45,1387.6,0
28,C,2.43,66.7,1.4792673887,22.91,4.8656017695,2.0159614365,91.49,223.66,6.67,33.89,7.4988674271,9.37,1.68,356.3,9.81,84.91,1313.01,31.136032948,14.620846939,0,2.43,1,0.72,0,22.91,1,1.81,1,1.59,0,91.49,0,33.89,1,9.47,0,1.68,1,,1,17.77,45,356.3,0
12,C,1.4333054479,48.94,1.4792673887,31.09,4.8656017695,4.78,471.47,153.55,9.95,50.62,17.45,7.4,5.21,762.73,15.58,59.24,1417.89,31.136032948,98.65,1,1.5,1,1,0,31.09,1,5.44,0,4.78,0,471.47,0,50.62,0,17.45,0,5.21,1,,0,98.65,45,762.73,0
15,C,2.73,31.81,6.18,21.85,4.8656017695,15.92,572.1,59.25,45.94,135.58,40.86,13.19,5.09,1318.05,11.81,57.68,1272.53,31.136032948,141.12,0,2.73,0,6.18,0,21.85,1,6.24,0,15.92,0,572.1,0,135.58,0,40.86,0,5.09,1,,0,141.12,45,1318.05,0
29,C,14.84,45.84,34.07,140.34,33.18,13.46,290.53,112.03,69.8,686.61,368.62,39.03,3.17,518.66,11.91,151.64,3003.99,172.49,388.32,0,14.84,0,34.07,0,140.34,0,33.18,0,13.46,0,290.53,0,686.61,0,368.62,0,3.17,0,172.49,0,388.32,45,518.66,0
25,C,1.4333054479,33.36,1.4792673887,4.36,4.8656017695,5.27,767.23,196.93,5.79,86.51,7.4988674271,15.52,0.2750645383,1076.91,13.58,143.01,782.95,31.136032948,14.620846939,1,,1,1,0,4.36,1,2.16,0,5.27,0,767.23,0,86.51,1,,1,,1,,1,1.6,45,1076.91,0
13,C,1.4333054479,27.07,1.4792673887,39.43,4.8656017695,10.64,129.37,52.3,19.49,56.19,31.96,7.97,0.2750645383,693.81,4.73,60.59,1589.65,31.136032948,208.34,1,0.19,1,1.55,0,39.43,1,5.46,0,10.64,0,129.37,0,56.19,0,31.96,1,,1,,0,208.34,45,693.81,0
9,C,1.4333054479,62,1.4792673887,16.58,4.8656017695,2.0159614365,33.771419926,65.73,6.91,16.88,7.4988674271,4.99,0.2750645383,730.21,3.49,86.14,1157.16,31.136032948,14.620846939,1,,1,,0,16.58,1,1.99,1,1.59,1,,0,16.88,1,,1,,1,,1,15.35,45,730.21,0
8,C,1.4333054479,38.16,5.28,22.24,29.46,10.64,416.17,143.31,7.86,47.85,105.96,15.61,4.42,,12.61,93.33,1219.46,31.136032948,148.03,1,,0,5.28,0,22.24,0,29.46,0,10.64,0,416.17,0,47.85,0,105.96,0,4.42,1,15.77,0,148.03,45,452.94,1
6,C,3.02,33.73,14.61,105.18,30.33,16.25,58.76,77.56,56.21,439.6,277.33,32.4,0.2750645383,59.34,12.14,98.48,2891.8,64.09,459.85,0,3.02,0,14.61,0,105.18,0,30.33,0,16.25,0,58.76,0,439.6,0,277.33,1,,0,64.09,0,459.85,45,59.34,0
11,C,7.26,14.7,10.94,45.43,11.55,25.11,613.6,28.2,38.35,161.05,77.89,15.79,1.94,745.5,7.1,41.71,1970.85,31.136032948,127.32,0,7.26,0,10.94,0,45.43,0,11.55,0,25.11,0,613.6,0,161.05,0,77.89,0,1.94,1,,0,127.32,45,745.5,0
1,C,1.4333054479,45.85,1.4792673887,15.86,4.8656017695,3.32,205.78,93.6,4.92,18.33,7.4988674271,4.75,0.2750645383,617.83,11.86,109.15,999.89,31.136032948,14.620846939,1,0.19,1,0.72,0,15.86,1,1.91,0,3.32,0,205.78,0,18.33,1,3.35,1,0.13,1,,1,5.53,45,617.83,0
10,C,1.4333054479,52.89,1.4792673887,23.6,4.8656017695,3.32,64.55,165.1,7.86,7.1410713952,24.29,8.3,0.2750645383,59.34,9.71,80.32,1372.32,31.136032948,125.13,1,0.85,1,1.29,0,23.6,1,2.5,0,3.32,0,64.55,1,8.26,0,24.29,1,0.06,1,,0,125.13,45,59.34,0
23,C,6.19,38.16,12.33,105.52,16.08,18.89,370.79,94.96,45.35,376.18,199.88,19.4,0.2750645383,452.94,9.9,75.73,2698.42,71.96,319.99,0,6.19,0,12.33,0,105.52,0,16.08,0,18.89,0,370.79,0,376.18,0,199.88,1,,0,71.96,0,319.99,45,452.94,0
16,C,1.4333054479,42.01,2.48,33.95,17.02,2.0159614365,33.771419926,248.47,26.57,1575.47,52.6,13.14,3.1,173.83,11.44,79.03,1676.01,31.136032948,40.4,1,,0,2.48,0,33.95,0,17.02,1,1.59,1,41.38,0,1575.47,0,52.6,0,3.1,1,,0,40.4,45,173.83,0
20,C,1.4333054479,30.05,1.4792673887,40.33,9.91,2.0159614365,466.07,229.37,8.69,115.21,188.67,17.45,0.2750645383,908.79,21.01,109.36,1779.37,31.136032948,14.620846939,1,1.51,1,1,0,40.33,0,9.91,1,,0,466.07,0,115.21,0,188.67,1,,1,6.07,1,15.34,45,908.79,0
7,C,7.02,36.37,8.7,103.16,23.91,9.63,2376.81,117.9,44.88,299.15,423.85,21.85,1.59,547.82,19.85,107.44,2365.78,31.136032948,111.35,0,7.02,0,8.7,0,103.16,0,23.91,0,9.63,0,2376.81,0,299.15,0,423.85,0,1.59,1,42.72,0,111.35,45,547.82,0
17,C,1.4333054479,36.13,1.4792673887,28.87,4.8656017695,2.0159614365,375,328.67,6.67,67.24,38,9.58,0.2750645383,253.24,19.66,52.44,1476.81,31.136032948,99.83,1,,1,1.57,0,28.87,1,4.22,1,2.26,0,375,0,67.24,0,38,1,,1,,0,99.83,45,253.24,0
19,D,6.04,41.65,11.97,38.25,17.77,12.56,462.14,367.13,47.99,138.28,157.62,45.47,14.85,1412.35,16.67,114.01,1717.19,31.136032948,115.95,0,6.04,0,11.97,0,38.25,0,17.77,0,12.56,0,462.14,0,138.28,0,157.62,0,14.85,1,,0,115.95,45,1412.35,0
26,D,1.4333054479,34.57,1.4792673887,3.031366776,4.8656017695,2.0159614365,289.48,78.54,3.51,7.1410713952,7.4988674271,3.34,0.2750645383,1205.1,5.41,42.87,429.91,31.136032948,14.620846939,1,0.53,1,1.14,1,2.56,1,3.44,1,2.26,0,289.48,1,,1,,1,0.13,1,,1,10.47,45,1205.1,0
24,D,2.73,47.43,1.4792673887,4.63,4.8656017695,2.0159614365,303.98,128.96,3.43,7.1410713952,7.4988674271,5.23,0.2750645383,1793.84,7.19,67.29,637.41,31.136032948,14.620846939,0,2.73,1,1.55,0,4.63,1,4.22,1,2.26,0,303.98,1,,1,3.35,1,,1,,1,15.34,45,1793.84,0
2,D,2.43,33.39,10.94,27.68,4.8656017695,5.84,442.57,113,55.24,121.98,97,18.04,0.2750645383,1794.45,13.4,155.88,1646,31.136032948,85.89,0,2.43,0,10.94,0,27.68,1,6.18,0,5.84,0,442.57,0,121.98,0,97,1,0.35,1,12.73,0,85.89,45,1794.45,0
27,D,3.18,39.04,10.77,39.75,11.21,4.37,33.771419926,120.23,52.23,108.39,71.95,21.66,2.37,,10.7,86.65,1732.97,31.136032948,41.59,0,3.18,0,10.77,0,39.75,0,11.21,0,4.37,1,26.9,0,108.39,0,71.95,0,2.37,1,,0,41.59,45,708.48,1
21,D,1.4333054479,53.28,1.4792673887,43.07,7.73,4.78,620.11,189.77,9.05,119.29,33.75,19.62,0.47,942.41,18.21,122.84,1876.02,31.136032948,27.36,1,1.5,1,0.43,0,43.07,0,7.73,0,4.78,0,620.11,0,119.29,0,33.75,0,0.47,1,,0,27.36,45,942.41,0
18,D,1.4333054479,41.53,1.4792673887,6.41,4.8656017695,3.32,33.771419926,144.93,5.17,7.1410713952,7.4988674271,6.01,2.37,686.49,7.03,140.91,697.71,31.136032948,14.620846939,1,,1,0.43,0,6.41,1,2.13,0,3.32,1,29.79,1,,1,8.61,0,2.37,1,,1,1.6,45,686.49,0
3,D,3.91,11.79,7.92,60.9,7.01,9.63,33.771419926,47.19,33.27,122.01,68.01,19.15,0.2750645383,410.73,6.97,31.09,2058.43,31.136032948,184.5,0,3.91,0,7.92,0,60.9,0,7.01,0,9.63,1,18.21,0,122.01,0,68.01,1,0.21,1,,0,184.5,45,410.73,0
4,C,7.58,13.47,16.45,69.73,17.76,20.91,70.31,41.07,47.32,220.43,115.36,21.03,4.98,1041.31,6.77,49.45,2436.06,31.136032948,110.2,0,7.58,0,16.45,0,69.73,0,17.76,0,20.91,0,70.31,0,220.43,0,115.36,0,4.98,1,,0,110.2,46,1041.31,0
22,C,1.4333054479,46.11,1.4792673887,20.86,4.8656017695,2.0159614365,363.68,78.61,5.17,28.26,7.4988674271,9.16,0.2750645383,400.74,13.73,80.54,1157.16,31.136032948,49.82,1,,1,,0,20.86,1,2.5,1,1.25,0,363.68,0,28.26,1,7.72,1,0.13,1,,0,49.82,46,400.74,0
5,C,1.4333054479,56.07,4.77,55.55,18.98,8.47,376.27,219.48,34.51,162.62,89.46,16.32,2.27,708.48,10.7,214.75,1650.97,31.136032948,95.21,1,1.65,0,4.77,0,55.55,0,18.98,0,8.47,0,376.27,0,162.62,0,89.46,0,2.27,1,18.84,0,95.21,46,708.48,0
14,C,32.72,19.35,5.82,122.94,37.99,84.35,327.37,37.55,46.76,560.51,254.78,36.64,0.2750645383,1387.6,12.22,100.34,3221.84,74.87,760.84,0,32.72,0,5.82,0,122.94,0,37.99,0,84.35,0,327.37,0,560.51,0,254.78,1,,0,74.87,0,760.84,46,1387.6,0
28,C,2.43,66.7,1.4792673887,22.91,4.8656017695,2.0159614365,91.49,223.66,6.67,33.89,7.4988674271,9.37,1.68,356.3,9.81,84.91,1313.01,31.136032948,14.620846939,0,2.43,1,0.72,0,22.91,1,1.81,1,1.59,0,91.49,0,33.89,1,9.47,0,1.68,1,,1,17.77,46,356.3,0
12,C,1.4333054479,48.94,1.4792673887,31.09,4.8656017695,4.78,471.47,153.55,9.95,50.62,17.45,7.4,5.21,762.73,15.58,59.24,1417.89,31.136032948,98.65,1,1.5,1,1,0,31.09,1,5.44,0,4.78,0,471.47,0,50.62,0,17.45,0,5.21,1,,0,98.65,46,762.73,0
15,C,2.73,31.81,6.18,21.85,4.8656017695,15.92,572.1,59.25,45.94,135.58,40.86,13.19,5.09,1318.05,11.81,57.68,1272.53,31.136032948,141.12,0,2.73,0,6.18,0,21.85,1,6.24,0,15.92,0,572.1,0,135.58,0,40.86,0,5.09,1,,0,141.12,46,1318.05,0
29,C,14.84,45.84,34.07,140.34,33.18,13.46,290.53,112.03,69.8,686.61,368.62,39.03,3.17,518.66,11.91,151.64,3003.99,172.49,388.32,0,14.84,0,34.07,0,140.34,0,33.18,0,13.46,0,290.53,0,686.61,0,368.62,0,3.17,0,172.49,0,388.32,46,518.66,0
25,C,1.4333054479,33.36,1.4792673887,4.36,4.8656017695,5.27,767.23,196.93,5.79,86.51,7.4988674271,15.52,0.2750645383,1076.91,13.58,143.01,782.95,31.136032948,14.620846939,1,,1,1,0,4.36,1,2.16,0,5.27,0,767.23,0,86.51,1,,1,,1,,1,1.6,46,1076.91,0
13,C,1.4333054479,27.07,1.4792673887,39.43,4.8656017695,10.64,129.37,52.3,19.49,56.19,31.96,7.97,0.2750645383,693.81,4.73,60.59,1589.65,31.136032948,208.34,1,0.19,1,1.55,0,39.43,1,5.46,0,10.64,0,129.37,0,56.19,0,31.96,1,,1,,0,208.34,46,693.81,0
9,C,1.4333054479,62,1.4792673887,16.58,4.8656017695,2.0159614365,33.771419926,65.73,6.91,16.88,7.4988674271,4.99,0.2750645383,730.21,3.49,86.14,1157.16,31.136032948,14.620846939,1,,1,,0,16.58,1,1.99,1,1.59,1,,0,16.88,1,,1,,1,,1,15.35,46,730.21,0
8,C,1.4333054479,38.16,5.28,22.24,29.46,10.64,416.17,143.31,7.86,47.85,105.96,15.61,4.42,,12.61,93.33,1219.46,31.136032948,148.03,1,,0,5.28,0,22.24,0,29.46,0,10.64,0,416.17,0,47.85,0,105.96,0,4.42,1,15.77,0,148.03,46,1041.31,1
6,C,3.02,33.73,14.61,105.18,30.33,16.25,58.76,77.56,56.21,439.6,277.33,32.4,0.2750645383,59.34,12.14,98.48,2891.8,64.09,459.85,0,3.02,0,14.61,0,105.18,0,30.33,0,16.25,0,58.76,0,439.6,0,277.33,1,,0,64.09,0,459.85,46,59.34,0
11,C,7.26,14.7,10.94,45.43,11.55,25.11,613.6,28.2,38.35,161.05,77.89,15.79,1.94,745.5,7.1,41.71,1970.85,31.136032948,127.32,0,7.26,0,10.94,0,45.43,0,11.55,0,25.11,0,613.6,0,161.05,0,77.89,0,1.94,1,,0,127.32,46,745.5,0
1,C,1.4333054479,45.85,1.4792673887,15.86,4.8656017695,3.32,205.78,93.6,4.92,18.33,7.4988674271,4.75,0.2750645383,617.83,11.86,109.15,999.89,31.136032948,14.620846939,1,0.19,1,0.72,0,15.86,1,1.91,0,3.32,0,205.78,0,18.33,1,3.35,1,0.13,1,,1,5.53,46,617.83,0
10,C,1.4333054479,52.89,1.4792673887,23.6,4.8656017695,3.32,64.55,165.1,7.86,7.1410713952,24.29,8.3,0.2750645383,59.34,9.71,80.32,1372.32,31.136032948,125.13,1,0.85,1,1.29,0,23.6,1,2.5,0,3.32,0,64.55,1,8.26,0,24.29,1,0.06,1,,0,125.13,46,59.34,0
23,C,6.19,38.16,12.33,105.52,16.08,18.89,370.79,94.96,45.35,376.18,199.88,19.4,0.2750645383,452.94,9.9,75.73,2698.42,71.96,319.99,0,6.19,0,12.33,0,105.52,0,16.08,0,18.89,0,370.79,0,376.18,0,199.88,1,,0,71.96,0,319.99,46,452.94,0
16,C,1.4333054479,42.01,2.48,33.95,17.02,2.0159614365,33.771419926,248.47,26.57,1575.47,52.6,13.14,3.1,173.83,11.44,79.03,1676.01,31.136032948,40.4,1,,0,2.48,0,33.95,0,17.02,1,1.59,1,41.38,0,1575.47,0,52.6,0,3.1,1,,0,40.4,46,173.83,0
20,C,1.4333054479,30.05,1.4792673887,40.33,9.91,2.0159614365,466.07,229.37,8.69,115.21,188.67,17.45,0.2750645383,908.79,21.01,109.36,1779.37,31.136032948,14.620846939,1,1.51,1,1,0,40.33,0,9.91,1,,0,466.07,0,115.21,0,188.67,1,,1,6.07,1,15.34,46,908.79,0
7,C,7.02,36.37,8.7,103.16,23.91,9.63,2376.81,117.9,44.88,299.15,423.85,21.85,1.59,547.82,19.85,107.44,2365.78,31.136032948,111.35,0,7.02,0,8.7,0,103.16,0,23.91,0,9.63,0,2376.81,0,299.15,0,423.85,0,1.59,1,42.72,0,111.35,46,547.82,0
17,C,1.4333054479,36.13,1.4792673887,28.87,4.8656017695,2.0159614365,375,328.67,6.67,67.24,38,9.58,0.2750645383,253.24,19.66,52.44,1476.81,31.136032948,99.83,1,,1,1.57,0,28.87,1,4.22,1,2.26,0,375,0,67.24,0,38,1,,1,,0,99.83,46,253.24,0
19,D,6.04,41.65,11.97,38.25,17.77,12.56,462.14,367.13,47.99,138.28,157.62,45.47,14.85,1412.35,16.67,114.01,1717.19,31.136032948,115.95,0,6.04,0,11.97,0,38.25,0,17.77,0,12.56,0,462.14,0,138.28,0,157.62,0,14.85,1,,0,115.95,46,1412.35,0
26,D,1.4333054479,34.57,1.4792673887,3.031366776,4.8656017695,2.0159614365,289.48,78.54,3.51,7.1410713952,7.4988674271,3.34,0.2750645383,1205.1,5.41,42.87,429.91,31.136032948,14.620846939,1,0.53,1,1.14,1,2.56,1,3.44,1,2.26,0,289.48,1,,1,,1,0.13,1,,1,10.47,46,1205.1,0
24,D,2.73,47.43,1.4792673887,4.63,4.8656017695,2.0159614365,303.98,128.96,3.43,7.1410713952,7.4988674271,5.23,0.2750645383,1793.84,7.19,67.29,637.41,31.136032948,14.620846939,0,2.73,1,1.55,0,4.63,1,4.22,1,2.26,0,303.98,1,,1,3.35,1,,1,,1,15.34,46,1793.84,0
2,D,2.43,33.39,10.94,27.68,4.8656017695,5.84,442.57,113,55.24,121.98,97,18.04,0.2750645383,1794.45,13.4,155.88,1646,31.136032948,85.89,0,2.43,0,10.94,0,27.68,1,6.18,0,5.84,0,442.57,0,121.98,0,97,1,0.35,1,12.73,0,85.89,46,1794.45,0
27,D,3.18,39.04,10.77,39.75,11.21,4.37,33.771419926,120.23,52.23,108.39,71.95,21.66,2.37,,10.7,86.65,1732.97,31.136032948,41.59,0,3.18,0,10.77,0,39.75,0,11.21,0,4.37,1,26.9,0,108.39,0,71.95,0,2.37,1,,0,41.59,46,693.81,1
21,D,1.4333054479,53.28,1.4792673887,43.07,7.73,4.78,620.11,189.77,9.05,119.29,33.75,19.62,0.47,942.41,18.21,122.84,1876.02,31.136032948,27.36,1,1.5,1,0.43,0,43.07,0,7.73,0,4.78,0,620.11,0,119.29,0,33.75,0,0.47,1,,0,27.36,46,942.41,0
18,D,1.4333054479,41.53,1.4792673887,6.41,4.8656017695,3.32,33.771419926,144.93,5.17,7.1410713952,7.4988674271,6.01,2.37,686.49,7.03,140.91,697.71,31.136032948,14.620846939,1,,1,0.43,0,6.41,1,2.13,0,3.32,1,29.79,1,,1,8.61,0,2.37,1,,1,1.6,46,686.49,0
3,D,3.91,11.79,7.92,60.9,7.01,9.63,33.771419926,47.19,33.27,122.01,68.01,19.15,0.2750645383,410.73,6.97,31.09,2058.43,31.136032948,184.5,0,3.91,0,7.92,0,60.9,0,7.01,0,9.63,1,18.21,0,122.01,0,68.01,1,0.21,1,,0,184.5,46,410.73,0
4,C,7.58,13.47,16.45,69.73,17.76,20.91,70.31,41.07,47.32,220.43,115.36,21.03,4.98,1041.31,6.77,49.45,2436.06,31.136032948,110.2,0,7.58,0,16.45,0,69.73,0,17.76,0,20.91,0,70.31,0,220.43,0,115.36,0,4.98,1,,0,110.2,47,1041.31,0
22,C,1.4333054479,46.11,1.4792673887,20.86,4.8656017695,2.0159614365,363.68,78.61,5.17,28.26,7.4988674271,9.16,0.2750645383,400.74,13.73,80.54,1157.16,31.136032948,49.82,1,,1,,0,20.86,1,2.5,1,1.25,0,363.68,0,28.26,1,7.72,1,0.13,1,,0,49.82,47,400.74,0
5,C,1.4333054479,56.07,4.77,55.55,18.98,8.47,376.27,219.48,34.51,162.62,89.46,16.32,2.27,708.48,10.7,214.75,1650.97,31.136032948,95.21,1,1.65,0,4.77,0,55.55,0,18.98,0,8.47,0,376.27,0,162.62,0,89.46,0,2.27,1,18.84,0,95.21,47,708.48,0
14,C,32.72,19.35,5.82,122.94,37.99,84.35,327.37,37.55,46.76,560.51,254.78,36.64,0.2750645383,1387.6,12.22,100.34,3221.84,74.87,760.84,0,32.72,0,5.82,0,122.94,0,37.99,0,84.35,0,327.37,0,560.51,0,254.78,1,,0,74.87,0,760.84,47,1387.6,0
28,C,2.43,66.7,1.4792673887,22.91,4.8656017695,2.0159614365,91.49,223.66,6.67,33.89,7.4988674271,9.37,1.68,356.3,9.81,84.91,1313.01,31.136032948,14.620846939,0,2.43,1,0.72,0,22.91,1,1.81,1,1.59,0,91.49,0,33.89,1,9.47,0,1.68,1,,1,17.77,47,356.3,0
12,C,1.4333054479,48.94,1.4792673887,31.09,4.8656017695,4.78,471.47,153.55,9.95,50.62,17.45,7.4,5.21,762.73,15.58,59.24,1417.89,31.136032948,98.65,1,1.5,1,1,0,31.09,1,5.44,0,4.78,0,471.47,0,50.62,0,17.45,0,5.21,1,,0,98.65,47,762.73,0
15,C,2.73,31.81,6.18,21.85,4.8656017695,15.92,572.1,59.25,45.94,135.58,40.86,13.19,5.09,1318.05,11.81,57.68,1272.53,31.136032948,141.12,0,2.73,0,6.18,0,21.85,1,6.24,0,15.92,0,572.1,0,135.58,0,40.86,0,5.09,1,,0,141.12,47,1318.05,0
29,C,14.84,45.84,34.07,140.34,33.18,13.46,290.53,112.03,69.8,686.61,368.62,39.03,3.17,518.66,11.91,151.64,3003.99,172.49,388.32,0,14.84,0,34.07,0,140.34,0,33.18,0,13.46,0,290.53,0,686.61,0,368.62,0,3.17,0,172.49,0,388.32,47,518.66,0
25,C,1.4333054479,33.36,1.4792673887,4.36,4.8656017695,5.27,767.23,196.93,5.79,86.51,7.4988674271,15.52,0.2750645383,1076.91,13.58,143.01,782.95,31.136032948,14.620846939,1,,1,1,0,4.36,1,2.16,0,5.27,0,767.23,0,86.51,1,,1,,1,,1,1.6,47,1076.91,0
13,C,1.4333054479,27.07,1.4792673887,39.43,4.8656017695,10.64,129.37,52.3,19.49,56.19,31.96,7.97,0.2750645383,693.81,4.73,60.59,1589.65,31.136032948,208.34,1,0.19,1,1.55,0,39.43,1,5.46,0,10.64,0,129.37,0,56.19,0,31.96,1,,1,,0,208.34,47,693.81,0
9,C,1.4333054479,62,1.4792673887,16.58,4.8656017695,2.0159614365,33.771419926,65.73,6.91,16.88,7.4988674271,4.99,0.2750645383,730.21,3.49,86.14,1157.16,31.136032948,14.620846939,1,,1,,0,16.58,1,1.99,1,1.59,1,,0,16.88,1,,1,,1,,1,15.35,47,730.21,0
8,C,1.4333054479,38.16,5.28,22.24,29.46,10.64,416.17,143.31,7.86,47.85,105.96,15.61,4.42,,12.61,93.33,1219.46,31.136032948,148.03,1,,0,5.28,0,22.24,0,29.46,0,10.64,0,416.17,0,47.85,0,105.96,0,4.42,1,15.77,0,148.03,47,173.83,1
6,C,3.02,33.73,14.61,105.18,30.33,16.25,58.76,77.56,56.21,439.6,277.33,32.4,0.2750645383,59.34,12.14,98.48,2891.8,64.09,459.85,0,3.02,0,14.61,0,105.18,0,30.33,0,16.25,0,58.76,0,439.6,0,277.33,1,,0,64.09,0,459.85,47,59.34,0
11,C,7.26,14.7,10.94,45.43,11.55,25.11,613.6,28.2,38.35,161.05,77.89,15.79,1.94,745.5,7.1,41.71,1970.85,31.136032948,127.32,0,7.26,0,10.94,0,45.43,0,11.55,0,25.11,0,613.6,0,161.05,0,77.89,0,1.94,1,,0,127.32,47,745.5,0
1,C,1.4333054479,45.85,1.4792673887,15.86,4.8656017695,3.32,205.78,93.6,4.92,18.33,7.4988674271,4.75,0.2750645383,617.83,11.86,109.15,999.89,31.136032948,14.620846939,1,0.19,1,0.72,0,15.86,1,1.91,0,3.32,0,205.78,0,18.33,1,3.35,1,0.13,1,,1,5.53,47,617.83,0
10,C,1.4333054479,52.89,1.4792673887,23.6,4.8656017695,3.32,64.55,165.1,7.86,7.1410713952,24.29,8.3,0.2750645383,59.34,9.71,80.32,1372.32,31.136032948,125.13,1,0.85,1,1.29,0,23.6,1,2.5,0,3.32,0,64.55,1,8.26,0,24.29,1,0.06,1,,0,125.13,47,59.34,0
23,C,6.19,38.16,12.33,105.52,16.08,18.89,370.79,94.96,45.35,376.18,199.88,19.4,0.2750645383,452.94,9.9,75.73,2698.42,71.96,319.99,0,6.19,0,12.33,0,105.52,0,16.08,0,18.89,0,370.79,0,376.18,0,199.88,1,,0,71.96,0,319.99,47,452.94,0
16,C,1.4333054479,42.01,2.48,33.95,17.02,2.0159614365,33.771419926,248.47,26.57,1575.47,52.6,13.14,3.1,173.83,11.44,79.03,1676.01,31.136032948,40.4,1,,0,2.48,0,33.95,0,17.02,1,1.59,1,41.38,0,1575.47,0,52.6,0,3.1,1,,0,40.4,47,173.83,0
20,C,1.4333054479,30.05,1.4792673887,40.33,9.91,2.0159614365,466.07,229.37,8.69,115.21,188.67,17.45,0.2750645383,908.79,21.01,109.36,1779.37,31.136032948,14.620846939,1,1.51,1,1,0,40.33,0,9.91,1,,0,466.07,0,115.21,0,188.67,1,,1,6.07,1,15.34,47,908.79,0
7,C,7.02,36.37,8.7,103.16,23.91,9.63,2376.81,117.9,44.88,299.15,423.85,21.85,1.59,547.82,19.85,107.44,2365.78,31.136032948,111.35,0,7.02,0,8.7,0,103.16,0,23.91,0,9.63,0,2376.81,0,299.15,0,423.85,0,1.59,1,42.72,0,111.35,47,547.82,0
17,C,1.4333054479,36.13,1.4792673887,28.87,4.8656017695,2.0159614365,375,328.67,6.67,67.24,38,9.58,0.2750645383,253.24,19.66,52.44,1476.81,31.136032948,99.83,1,,1,1.57,0,28.87,1,4.22,1,2.26,0,375,0,67.24,0,38,1,,1,,0,99.83,47,253.24,0
19,D,6.04,41.65,11.97,38.25,17.77,12.56,462.14,367.13,47.99,138.28,157.62,45.47,14.85,1412.35,16.67,114.01,1717.19,31.136032948,115.95,0,6.04,0,11.97,0,38.25,0,17.77,0,12.56,0,462.14,0,138.28,0,157.62,0,14.85,1,,0,115.95,47,1412.35,0
26,D,1.4333054479,34.57,1.4792673887,3.031366776,4.8656017695,2.0159614365,289.48,78.54,3.51,7.1410713952,7.4988674271,3.34,0.2750645383,1205.1,5.41,42.87,429.91,31.136032948,14.620846939,1,0.53,1,1.14,1,2.56,1,3.44,1,2.26,0,289.48,1,,1,,1,0.13,1,,1,10.47,47,1205.1,0
24,D,2.73,47.43,1.4792673887,4.63,4.8656017695,2.0159614365,303.98,128.96,3.43,7.1410713952,7.4988674271,5.23,0.2750645383,1793.84,7.19,67.29,637.41,31.136032948,14.620846939,0,2.73,1,1.55,0,4.63,1,4.22,1,2.26,0,303.98,1,,1,3.35,1,,1,,1,15.34,47,1793.84,0
2,D,2.43,33.39,10.94,27.68,4.8656017695,5.84,442.57,113,55.24,121.98,97,18.04,0.2750645383,1794.45,13.4,155.88,1646,31.136032948,85.89,0,2.43,0,10.94,0,27.68,1,6.18,0,5.84,0,442.57,0,121.98,0,97,1,0.35,1,12.73,0,85.89,47,1794.45,0
27,D,3.18,39.04,10.77,39.75,11.21,4.37,33.771419926,120.23,52.23,108.39,71.95,21.66,2.37,,10.7,86.65,1732.97,31.136032948,41.59,0,3.18,0,10.77,0,39.75,0,11.21,0,4.37,1,26.9,0,108.39,0,71.95,0,2.37,1,,0,41.59,47,452.94,1
21,D,1.4333054479,53.28,1.4792673887,43.07,7.73,4.78,620.11,189.77,9.05,119.29,33.75,19.62,0.47,942.41,18.21,122.84,1876.02,31.136032948,27.36,1,1.5,1,0.43,0,43.07,0,7.73,0,4.78,0,620.11,0,119.29,0,33.75,0,0.47,1,,0,27.36,47,942.41,0
18,D,1.4333054479,41.53,1.4792673887,6.41,4.8656017695,3.32,33.771419926,144.93,5.17,7.1410713952,7.4988674271,6.01,2.37,686.49,7.03,140.91,697.71,31.136032948,14.620846939,1,,1,0.43,0,6.41,1,2.13,0,3.32,1,29.79,1,,1,8.61,0,2.37,1,,1,1.6,47,686.49,0
3,D,3.91,11.79,7.92,60.9,7.01,9.63,33.771419926,47.19,33.27,122.01,68.01,19.15,0.2750645383,410.73,6.97,31.09,2058.43,31.136032948,184.5,0,3.91,0,7.92,0,60.9,0,7.01,0,9.63,1,18.21,0,122.01,0,68.01,1,0.21,1,,0,184.5,47,410.73,0
4,C,7.58,13.47,16.45,69.73,17.76,20.91,70.31,41.07,47.32,220.43,115.36,21.03,4.98,1041.31,6.77,49.45,2436.06,31.136032948,110.2,0,7.58,0,16.45,0,69.73,0,17.76,0,20.91,0,70.31,0,220.43,0,115.36,0,4.98,1,,0,110.2,48,1041.31,0
22,C,1.4333054479,46.11,1.4792673887,20.86,4.8656017695,2.0159614365,363.68,78.61,5.17,28.26,7.4988674271,9.16,0.2750645383,400.74,13.73,80.54,1157.16,31.136032948,49.82,1,,1,,0,20.86,1,2.5,1,1.25,0,363.68,0,28.26,1,7.72,1,0.13,1,,0,49.82,48,400.74,0
5,C,1.4333054479,56.07,4.77,55.55,18.98,8.47,376.27,219.48,34.51,162.62,89.46,16.32,2.27,708.48,10.7,214.75,1650.97,31.136032948,95.21,1,1.65,0,4.77,0,55.55,0,18.98,0,8.47,0,376.27,0,162.62,0,89.46,0,2.27,1,18.84,0,95.21,48,708.48,0
14,C,32.72,19.35,5.82,122.94,37.99,84.35,327.37,37.55,46.76,560.51,254.78,36.64,0.2750645383,1387.6,12.22,100.34,3221.84,74.87,760.84,0,32.72,0,5.82,0,122.94,0,37.99,0,84.35,0,327.37,0,560.51,0,254.78,1,,0,74.87,0,760.84,48,1387.6,0
28,C,2.43,66.7,1.4792673887,22.91,4.8656017695,2.0159614365,91.49,223.66,6.67,33.89,7.4988674271,9.37,1.68,356.3,9.81,84.91,1313.01,31.136032948,14.620846939,0,2.43,1,0.72,0,22.91,1,1.81,1,1.59,0,91.49,0,33.89,1,9.47,0,1.68,1,,1,17.77,48,356.3,0
12,C,1.4333054479,48.94,1.4792673887,31.09,4.8656017695,4.78,471.47,153.55,9.95,50.62,17.45,7.4,5.21,762.73,15.58,59.24,1417.89,31.136032948,98.65,1,1.5,1,1,0,31.09,1,5.44,0,4.78,0,471.47,0,50.62,0,17.45,0,5.21,1,,0,98.65,48,762.73,0
15,C,2.73,31.81,6.18,21.85,4.8656017695,15.92,572.1,59.25,45.94,135.58,40.86,13.19,5.09,1318.05,11.81,57.68,1272.53,31.136032948,141.12,0,2.73,0,6.18,0,21.85,1,6.24,0,15.92,0,572.1,0,135.58,0,40.86,0,5.09,1,,0,141.12,48,1318.05,0
29,C,14.84,45.84,34.07,140.34,33.18,13.46,290.53,112.03,69.8,686.61,368.62,39.03,3.17,518.66,11.91,151.64,3003.99,172.49,388.32,0,14.84,0,34.07,0,140.34,0,33.18,0,13.46,0,290.53,0,686.61,0,368.62,0,3.17,0,172.49,0,388.32,48,518.66,0
25,C,1.4333054479,33.36,1.4792673887,4.36,4.8656017695,5.27,767.23,196.93,5.79,86.51,7.4988674271,15.52,0.2750645383,1076.91,13.58,143.01,782.95,31.136032948,14.620846939,1,,1,1,0,4.36,1,2.16,0,5.27,0,767.23,0,86.51,1,,1,,1,,1,1.6,48,1076.91,0
13,C,1.4333054479,27.07,1.4792673887,39.43,4.8656017695,10.64,129.37,52.3,19.49,56.19,31.96,7.97,0.2750645383,693.81,4.73,60.59,1589.65,31.136032948,208.34,1,0.19,1,1.55,0,39.43,1,5.46,0,10.64,0,129.37,0,56.19,0,31.96,1,,1,,0,208.34,48,693.81,0
9,C,1.4333054479,62,1.4792673887,16.58,4.8656017695,2.0159614365,33.771419926,65.73,6.91,16.88,7.4988674271,4.99,0.2750645383,730.21,3.49,86.14,1157.16,31.136032948,14.620846939,1,,1,,0,16.58,1,1.99,1,1.59,1,,0,16.88,1,,1,,1,,1,15.35,48,730.21,0
8,C,1.4333054479,38.16,5.28,22.24,29.46,10.64,416.17,143.31,7.86,47.85,105.96,15.61,4.42,,12.61,93.33,1219.46,31.136032948,148.03,1,,0,5.28,0,22.24,0,29.46,0,10.64,0,416.17,0,47.85,0,105.96,0,4.42,1,15.77,0,148.03,48,730.21,1
6,C,3.02,33.73,14.61,105.18,30.33,16.25,58.76,77.56,56.21,439.6,277.33,32.4,0.2750645383,59.34,12.14,98.48,2891.8,64.09,459.85,0,3.02,0,14.61,0,105.18,0,30.33,0,16.25,0,58.76,0,439.6,0,277.33,1,,0,64.09,0,459.85,48,59.34,0
11,C,7.26,14.7,10.94,45.43,11.55,25.11,613.6,28.2,38.35,161.05,77.89,15.79,1.94,745.5,7.1,41.71,1970.85,31.136032948,127.32,0,7.26,0,10.94,0,45.43,0,11.55,0,25.11,0,613.6,0,161.05,0,77.89,0,1.94,1,,0,127.32,48,745.5,0
1,C,1.4333054479,45.85,1.4792673887,15.86,4.8656017695,3.32,205.78,93.6,4.92,18.33,7.4988674271,4.75,0.2750645383,617.83,11.86,109.15,999.89,31.136032948,14.620846939,1,0.19,1,0.72,0,15.86,1,1.91,0,3.32,0,205.78,0,18.33,1,3.35,1,0.13,1,,1,5.53,48,617.83,0
10,C,1.4333054479,52.89,1.4792673887,23.6,4.8656017695,3.32,64.55,165.1,7.86,7.1410713952,24.29,8.3,0.2750645383,59.34,9.71,80.32,1372.32,31.136032948,125.13,1,0.85,1,1.29,0,23.6,1,2.5,0,3.32,0,64.55,1,8.26,0,24.29,1,0.06,1,,0,125.13,48,59.34,0
23,C,6.19,38.16,12.33,105.52,16.08,18.89,370.79,94.96,45.35,376.18,199.88,19.4,0.2750645383,452.94,9.9,75.73,2698.42,71.96,319.99,0,6.19,0,12.33,0,105.52,0,16.08,0,18.89,0,370.79,0,376.18,0,199.88,1,,0,71.96,0,319.99,48,452.94,0
16,C,1.4333054479,42.01,2.48,33.95,17.02,2.0159614365,33.771419926,248.47,26.57,1575.47,52.6,13.14,3.1,173.83,11.44,79.03,1676.01,31.136032948,40.4,1,,0,2.48,0,33.95,0,17.02,1,1.59,1,41.38,0,1575.47,0,52.6,0,3.1,1,,0,40.4,48,173.83,0
20,C,1.4333054479,30.05,1.4792673887,40.33,9.91,2.0159614365,466.07,229.37,8.69,115.21,188.67,17.45,0.2750645383,908.79,21.01,109.36,1779.37,31.136032948,14.620846939,1,1.51,1,1,0,40.33,0,9.91,1,,0,466.07,0,115.21,0,188.67,1,,1,6.07,1,15.34,48,908.79,0
7,C,7.02,36.37,8.7,103.16,23.91,9.63,2376.81,117.9,44.88,299.15,423.85,21.85,1.59,547.82,19.85,107.44,2365.78,31.136032948,111.35,0,7.02,0,8.7,0,103.16,0,23.91,0,9.63,0,2376.81,0,299.15,0,423.85,0,1.59,1,42.72,0,111.35,48,547.82,0
17,C,1.4333054479,36.13,1.4792673887,28.87,4.8656017695,2.0159614365,375,328.67,6.67,67.24,38,9.58,0.2750645383,253.24,19.66,52.44,1476.81,31.136032948,99.83,1,,1,1.57,0,28.87,1,4.22,1,2.26,0,375,0,67.24,0,38,1,,1,,0,99.83,48,253.24,0
19,D,6.04,41.65,11.97,38.25,17.77,12.56,462.14,367.13,47.99,138.28,157.62,45.47,14.85,1412.35,16.67,114.01,1717.19,31.136032948,115.95,0,6.04,0,11.97,0,38.25,0,17.77,0,12.56,0,462.14,0,138.28,0,157.62,0,14.85,1,,0,115.95,48,1412.35,0
26,D,1.4333054479,34.57,1.4792673887,3.031366776,4.8656017695,2.0159614365,289.48,78.54,3.51,7.1410713952,7.4988674271,3.34,0.2750645383,1205.1,5.41,42.87,429.91,31.136032948,14.620846939,1,0.53,1,1.14,1,2.56,1,3.44,1,2.26,0,289.48,1,,1,,1,0.13,1,,1,10.47,48,1205.1,0
24,D,2.73,47.43,1.4792673887,4.63,4.8656017695,2.0159614365,303.98,128.96,3.43,7.1410713952,7.4988674271,5.23,0.2750645383,1793.84,7.19,67.29,637.41,31.136032948,14.620846939,0,2.73,1,1.55,0,4.63,1,4.22,1,2.26,0,303.98,1,,1,3.35,1,,1,,1,15.34,48,1793.84,0
2,D,2.43,33.39,10.94,27.68,4.8656017695,5.84,442.57,113,55.24,121.98,97,18.04,0.2750645383,1794.45,13.4,155.88,1646,31.136032948,85.89,0,2.43,0,10.94,0,27.68,1,6.18,0,5.84,0,442.57,0,121.98,0,97,1,0.35,1,12.73,0,85.89,48,1794.45,0
27,D,3.18,39.04,10.77,39.75,11.21,4.37,33.771419926,120.23,52.23,108.39,71.95,21.66,2.37,,10.7,86.65,1732.97,31.136032948,41.59,0,3.18,0,10.77,0,39.75,0,11.21,0,4.37,1,26.9,0,108.39,0,71.95,0,2.37,1,,0,41.59,48,1318.05,1
21,D,1.4333054479,53.28,1.4792673887,43.07,7.73,4.78,620.11,189.77,9.05,119.29,33.75,19.62,0.47,942.41,18.21,122.84,1876.02,31.136032948,27.36,1,1.5,1,0.43,0,43.07,0,7.73,0,4.78,0,620.11,0,119.29,0,33.75,0,0.47,1,,0,27.36,48,942.41,0
18,D,1.4333054479,41.53,1.4792673887,6.41,4.8656017695,3.32,33.771419926,144.93,5.17,7.1410713952,7.4988674271,6.01,2.37,686.49,7.03,140.91,697.71,31.136032948,14.620846939,1,,1,0.43,0,6.41,1,2.13,0,3.32,1,29.79,1,,1,8.61,0,2.37,1,,1,1.6,48,686.49,0
3,D,3.91,11.79,7.92,60.9,7.01,9.63,33.771419926,47.19,33.27,122.01,68.01,19.15,0.2750645383,410.73,6.97,31.09,2058.43,31.136032948,184.5,0,3.91,0,7.92,0,60.9,0,7.01,0,9.63,1,18.21,0,122.01,0,68.01,1,0.21,1,,0,184.5,48,410.73,0
4,C,7.58,13.47,16.45,69.73,17.76,20.91,70.31,41.07,47.32,220.43,115.36,21.03,4.98,1041.31,6.77,49.45,2436.06,31.136032948,110.2,0,7.58,0,16.45,0,69.73,0,17.76,0,20.91,0,70.31,0,220.43,0,115.36,0,4.98,1,,0,110.2,49,1041.31,0
22,C,1.4333054479,46.11,1.4792673887,20.86,4.8656017695,2.0159614365,363.68,78.61,5.17,28.26,7.4988674271,9.16,0.2750645383,400.74,13.73,80.54,1157.16,31.136032948,49.82,1,,1,,0,20.86,1,2.5,1,1.25,0,363.68,0,28.26,1,7.72,1,0.13,1,,0,49.82,49,400.74,0
5,C,1.4333054479,56.07,4.77,55.55,18.98,8.47,376.27,219.48,34.51,162.62,89.46,16.32,2.27,708.48,10.7,214.75,1650.97,31.136032948,95.21,1,1.65,0,4.77,0,55.55,0,18.98,0,8.47,0,376.27,0,162.62,0,89.46,0,2.27,1,18.84,0,95.21,49,708.48,0
14,C,32.72,19.35,5.82,122.94,37.99,84.35,327.37,37.55,46.76,560.51,254.78,36.64,0.2750645383,1387.6,12.22,100.34,3221.84,74.87,760.84,0,32.72,0,5.82,0,122.94,0,37.99,0,84.35,0,327.37,0,560.51,0,254.78,1,,0,74.87,0,760.84,49,1387.6,0
28,C,2.43,66.7,1.4792673887,22.91,4.8656017695,2.0159614365,91.49,223.66,6.67,33.89,7.4988674271,9.37,1.68,356.3,9.81,84.91,1313.01,31.136032948,14.620846939,0,2.43,1,0.72,0,22.91,1,1.81,1,1.59,0,91.49,0,33.89,1,9.47,0,1.68,1,,1,17.77,49,356.3,0
12,C,1.4333054479,48.94,1.4792673887,31.09,4.8656017695,4.78,471.47,153.55,9.95,50.62,17.45,7.4,5.21,762.73,15.58,59.24,1417.89,31.136032948,98.65,1,1.5,1,1,0,31.09,1,5.44,0,4.78,0,471.47,0,50.62,0,17.45,0,5.21,1,,0,98.65,49,762.73,0
15,C,2.73,31.81,6.18,21.85,4.8656017695,15.92,572.1,59.25,45.94,135.58,40.86,13.19,5.09,1318.05,11.81,57.68,1272.53,31.136032948,141.12,0,2.73,0,6.18,0,21.85,1,6.24,0,15.92,0,572.1,0,135.58,0,40.86,0,5.09,1,,0,141.12,49,1318.05,0
29,C,14.84,45.84,34.07,140.34,33.18,13.46,290.53,112.03,69.8,686.61,368.62,39.03,3.17,518.66,11.91,151.64,3003.99,172.49,388.32,0,14.84,0,34.07,0,140.34,0,33.18,0,13.46,0,290.53,0,686.61,0,368.62,0,3.17,0,172.49,0,388.32,49,518.66,0
25,C,1.4333054479,33.36,1.4792673887,4.36,4.8656017695,5.27,767.23,196.93,5.79,86.51,7.4988674271,15.52,0.2750645383,1076.91,13.58,143.01,782.95,31.136032948,14.620846939,1,,1,1,0,4.36,1,2.16,0,5.27,0,767.23,0,86.51,1,,1,,1,,1,1.6,49,1076.91,0
13,C,1.4333054479,27.07,1.4792673887,39.43,4.8656017695,10.64,129.37,52.3,19.49,56.19,31.96,7.97,0.2750645383,693.81,4.73,60.59,1589.65,31.136032948,208.34,1,0.19,1,1.55,0,39.43,1,5.46,0,10.64,0,129.37,0,56.19,0,31.96,1,,1,,0,208.34,49,693.81,0
9,C,1.4333054479,62,1.4792673887,16.58,4.8656017695,2.0159614365,33.771419926,65.73,6.91,16.88,7.4988674271,4.99,0.2750645383,730.21,3.49,86.14,1157.16,31.136032948,14.620846939,1,,1,,0,16.58,1,1.99,1,1.59,1,,0,16.88,1,,1,,1,,1,15.35,49,730.21,0
8,C,1.4333054479,38.16,5.28,22.24,29.46,10.64,416.17,143.31,7.86,47.85,105.96,15.61,4.42,,12.61,93.33,1219.46,31.136032948,148.03,1,,0,5.28,0,22.24,0,29.46,0,10.64,0,416.17,0,47.85,0,105.96,0,4.42,1,15.77,0,148.03,49,59.34,1
6,C,3.02,33.73,14.61,105.18,30.33,16.25,58.76,77.56,56.21,439.6,277.33,32.4,0.2750645383,59.34,12.14,98.48,2891.8,64.09,459.85,0,3.02,0,14.61,0,105.18,0,30.33,0,16.25,0,58.76,0,439.6,0,277.33,1,,0,64.09,0,459.85,49,59.34,0
11,C,7.26,14.7,10.94,45.43,11.55,25.11,613.6,28.2,38.35,161.05,77.89,15.79,1.94,745.5,7.1,41.71,1970.85,31.136032948,127.32,0,7.26,0,10.94,0,45.43,0,11.55,0,25.11,0,613.6,0,161.05,0,77.89,0,1.94,1,,0,127.32,49,745.5,0
1,C,1.4333054479,45.85,1.4792673887,15.86,4.8656017695,3.32,205.78,93.6,4.92,18.33,7.4988674271,4.75,0.2750645383,617.83,11.86,109.15,999.89,31.136032948,14.620846939,1,0.19,1,0.72,0,15.86,1,1.91,0,3.32,0,205.78,0,18.33,1,3.35,1,0.13,1,,1,5.53,49,617.83,0
10,C,1.4333054479,52.89,1.4792673887,23.6,4.8656017695,3.32,64.55,165.1,7.86,7.1410713952,24.29,8.3,0.2750645383,59.34,9.71,80.32,1372.32,31.136032948,125.13,1,0.85,1,1.29,0,23.6,1,2.5,0,3.32,0,64.55,1,8.26,0,24.29,1,0.06,1,,0,125.13,49,59.34,0
23,C,6.19,38.16,12.33,105.52,16.08,18.89,370.79,94.96,45.35,376.18,199.88,19.4,0.2750645383,452.94,9.9,75.73,2698.42,71.96,319.99,0,6.19,0,12.33,0,105.52,0,16.08,0,18.89,0,370.79,0,376.18,0,199.88,1,,0,71.96,0,319.99,49,452.94,0
16,C,1.4333054479,42.01,2.48,33.95,17.02,2.0159614365,33.771419926,248.47,26.57,1575.47,52.6,13.14,3.1,173.83,11.44,79.03,1676.01,31.136032948,40.4,1,,0,2.48,0,33.95,0,17.02,1,1.59,1,41.38,0,1575.47,0,52.6,0,3.1,1,,0,40.4,49,173.83,0
20,C,1.4333054479,30.05,1.4792673887,40.33,9.91,2.0159614365,466.07,229.37,8.69,115.21,188.67,17.45,0.2750645383,908.79,21.01,109.36,1779.37,31.136032948,14.620846939,1,1.51,1,1,0,40.33,0,9.91,1,,0,466.07,0,115.21,0,188.67,1,,1,6.07,1,15.34,49,908.79,0
7,C,7.02,36.37,8.7,103.16,23.91,9.63,2376.81,117.9,44.88,299.15,423.85,21.85,1.59,547.82,19.85,107.44,2365.78,31.136032948,111.35,0,7.02,0,8.7,0,103.16,0,23.91,0,9.63,0,2376.81,0,299.15,0,423.85,0,1.59,1,42.72,0,111.35,49,547.82,0
17,C,1.4333054479,36.13,1.4792673887,28.87,4.8656017695,2.0159614365,375,328.67,6.67,67.24,38,9.58,0.2750645383,253.24,19.66,52.44,1476.81,31.136032948,99.83,1,,1,1.57,0,28.87,1,4.22,1,2.26,0,375,0,67.24,0,38,1,,1,,0,99.83,49,253.24,0
19,D,6.04,41.65,11.97,38.25,17.77,12.56,462.14,367.13,47.99,138.28,157.62,45.47,14.85,1412.35,16.67,114.01,1717.19,31.136032948,115.95,0,6.04,0,11.97,0,38.25,0,17.77,0,12.56,0,462.14,0,138.28,0,157.62,0,14.85,1,,0,115.95,49,1412.35,0
26,D,1.4333054479,34.57,1.4792673887,3.031366776,4.8656017695,2.0159614365,289.48,78.54,3.51,7.1410713952,7.4988674271,3.34,0.2750645383,1205.1,5.41,42.87,429.91,31.136032948,14.620846939,1,0.53,1,1.14,1,2.56,1,3.44,1,2.26,0,289.48,1,,1,,1,0.13,1,,1,10.47,49,1205.1,0
24,D,2.73,47.43,1.4792673887,4.63,4.8656017695,2.0159614365,303.98,128.96,3.43,7.1410713952,7.4988674271,5.23,0.2750645383,1793.84,7.19,67.29,637.41,31.136032948,14.620846939,0,2.73,1,1.55,0,4.63,1,4.22,1,2.26,0,303.98,1,,1,3.35,1,,1,,1,15.34,49,1793.84,0
2,D,2.43,33.39,10.94,27.68,4.8656017695,5.84,442.57,113,55.24,121.98,97,18.04,0.2750645383,1794.45,13.4,155.88,1646,31.136032948,85.89,0,2.43,0,10.94,0,27.68,1,6.18,0,5.84,0,442.57,0,121.98,0,97,1,0.35,1,12.73,0,85.89,49,1794.45,0
27,D,3.18,39.04,10.77,39.75,11.21,4.37,33.771419926,120.23,52.23,108.39,71.95,21.66,2.37,,10.7,86.65,1732.97,31.136032948,41.59,0,3.18,0,10.77,0,39.75,0,11.21,0,4.37,1,26.9,0,108.39,0,71.95,0,2.37,1,,0,41.59,49,59.34,1
21,D,1.4333054479,53.28,1.4792673887,43.07,7.73,4.78,620.11,189.77,9.05,119.29,33.75,19.62,0.47,942.41,18.21,122.84,1876.02,31.136032948,27.36,1,1.5,1,0.43,0,43.07,0,7.73,0,4.78,0,620.11,0,119.29,0,33.75,0,0.47,1,,0,27.36,49,942.41,0
18,D,1.4333054479,41.53,1.4792673887,6.41,4.8656017695,3.32,33.771419926,144.93,5.17,7.1410713952,7.4988674271,6.01,2.37,686.49,7.03,140.91,697.71,31.136032948,14.620846939,1,,1,0.43,0,6.41,1,2.13,0,3.32,1,29.79,1,,1,8.61,0,2.37,1,,1,1.6,49,686.49,0
3,D,3.91,11.79,7.92,60.9,7.01,9.63,33.771419926,47.19,33.27,122.01,68.01,19.15,0.2750645383,410.73,6.97,31.09,2058.43,31.136032948,184.5,0,3.91,0,7.92,0,60.9,0,7.01,0,9.63,1,18.21,0,122.01,0,68.01,1,0.21,1,,0,184.5,49,410.73,0
4,C,7.58,13.47,16.45,69.73,17.76,20.91,70.31,41.07,47.32,220.43,115.36,21.03,4.98,1041.31,6.77,49.45,2436.06,31.136032948,110.2,0,7.58,0,16.45,0,69.73,0,17.76,0,20.91,0,70.31,0,220.43,0,115.36,0,4.98,1,,0,110.2,50,1041.31,0
22,C,1.4333054479,46.11,1.4792673887,20.86,4.8656017695,2.0159614365,363.68,78.61,5.17,28.26,7.4988674271,9.16,0.2750645383,400.74,13.73,80.54,1157.16,31.136032948,49.82,1,,1,,0,20.86,1,2.5,1,1.25,0,363.68,0,28.26,1,7.72,1,0.13,1,,0,49.82,50,400.74,0
5,C,1.4333054479,56.07,4.77,55.55,18.98,8.47,376.27,219.48,34.51,162.62,89.46,16.32,2.27,708.48,10.7,214.75,1650.97,31.136032948,95.21,1,1.65,0,4.77,0,55.55,0,18.98,0,8.47,0,376.27,0,162.62,0,89.46,0,2.27,1,18.84,0,95.21,50,708.48,0
14,C,32.72,19.35,5.82,122.94,37.99,84.35,327.37,37.55,46.76,560.51,254.78,36.64,0.2750645383,1387.6,12.22,100.34,3221.84,74.87,760.84,0,32.72,0,5.82,0,122.94,0,37.99,0,84.35,0,327.37,0,560.51,0,254.78,1,,0,74.87,0,760.84,50,1387.6,0
28,C,2.43,66.7,1.4792673887,22.91,4.8656017695,2.0159614365,91.49,223.66,6.67,33.89,7.4988674271,9.37,1.68,356.3,9.81,84.91,1313.01,31.136032948,14.620846939,0,2.43,1,0.72,0,22.91,1,1.81,1,1.59,0,91.49,0,33.89,1,9.47,0,1.68,1,,1,17.77,50,356.3,0
12,C,1.4333054479,48.94,1.4792673887,31.09,4.8656017695,4.78,471.47,153.55,9.95,50.62,17.45,7.4,5.21,762.73,15.58,59.24,1417.89,31.136032948,98.65,1,1.5,1,1,0,31.09,1,5.44,0,4.78,0,471.47,0,50.62,0,17.45,0,5.21,1,,0,98.65,50,762.73,0
15,C,2.73,31.81,6.18,21.85,4.8656017695,15.92,572.1,59.25,45.94,135.58,40.86,13.19,5.09,1318.05,11.81,57.68,1272.53,31.136032948,141.12,0,2.73,0,6.18,0,21.85,1,6.24,0,15.92,0,572.1,0,135.58,0,40.86,0,5.09,1,,0,141.12,50,1318.05,0
29,C,14.84,45.84,34.07,140.34,33.18,13.46,290.53,112.03,69.8,686.61,368.62,39.03,3.17,518.66,11.91,151.64,3003.99,172.49,388.32,0,14.84,0,34.07,0,140.34,0,33.18,0,13.46,0,290.53,0,686.61,0,368.62,0,3.17,0,172.49,0,388.32,50,518.66,0
25,C,1.4333054479,33.36,1.4792673887,4.36,4.8656017695,5.27,767.23,196.93,5.79,86.51,7.4988674271,15.52,0.2750645383,1076.91,13.58,143.01,782.95,31.136032948,14.620846939,1,,1,1,0,4.36,1,2.16,0,5.27,0,767.23,0,86.51,1,,1,,1,,1,1.6,50,1076.91,0
13,C,1.4333054479,27.07,1.4792673887,39.43,4.8656017695,10.64,129.37,52.3,19.49,56.19,31.96,7.97,0.2750645383,693.81,4.73,60.59,1589.65,31.136032948,208.34,1,0.19,1,1.55,0,39.43,1,5.46,0,10.64,0,129.37,0,56.19,0,31.96,1,,1,,0,208.34,50,693.81,0
9,C,1.4333054479,62,1.4792673887,16.58,4.8656017695,2.0159614365,33.771419926,65.73,6.91,16.88,7.4988674271,4.99,0.2750645383,730.21,3.49,86.14,1157.16,31.136032948,14.620846939,1,,1,,0,16.58,1,1.99,1,1.59,1,,0,16.88,1,,1,,1,,1,15.35,50,730.21,0
8,C,1.4333054479,38.16,5.28,22.24,29.46,10.64,416.17,143.31,7.86,47.85,105.96,15.61,4.42,,12.61,93.33,1219.46,31.136032948,148.03,1,,0,5.28,0,22.24,0,29.46,0,10.64,0,416.17,0,47.85,0,105.96,0,4.42,1,15.77,0,148.03,50,1794.45,1
6,C,3.02,33.73,14.61,105.18,30.33,16.25,58.76,77.56,56.21,439.6,277.33,32.4,0.2750645383,59.34,12.14,98.48,2891.8,64.09,459.85,0,3.02,0,14.61,0,105.18,0,30.33,0,16.25,0,58.76,0,439.6,0,277.33,1,,0,64.09,0,459.85,50,59.34,0
11,C,7.26,14.7,10.94,45.43,11.55,25.11,613.6,28.2,38.35,161.05,77.89,15.79,1.94,745.5,7.1,41.71,1970.85,31.136032948,127.32,0,7.26,0,10.94,0,45.43,0,11.55,0,25.11,0,613.6,0,161.05,0,77.89,0,1.94,1,,0,127.32,50,745.5,0
1,C,1.4333054479,45.85,1.4792673887,15.86,4.8656017695,3.32,205.78,93.6,4.92,18.33,7.4988674271,4.75,0.2750645383,617.83,11.86,109.15,999.89,31.136032948,14.620846939,1,0.19,1,0.72,0,15.86,1,1.91,0,3.32,0,205.78,0,18.33,1,3.35,1,0.13,1,,1,5.53,50,617.83,0
10,C,1.4333054479,52.89,1.4792673887,23.6,4.8656017695,3.32,64.55,165.1,7.86,7.1410713952,24.29,8.3,0.2750645383,59.34,9.71,80.32,1372.32,31.136032948,125.13,1,0.85,1,1.29,0,23.6,1,2.5,0,3.32,0,64.55,1,8.26,0,24.29,1,0.06,1,,0,125.13,50,59.34,0
23,C,6.19,38.16,12.33,105.52,16.08,18.89,370.79,94.96,45.35,376.18,199.88,19.4,0.2750645383,452.94,9.9,75.73,2698.42,71.96,319.99,0,6.19,0,12.33,0,105.52,0,16.08,0,18.89,0,370.79,0,376.18,0,199.88,1,,0,71.96,0,319.99,50,452.94,0
16,C,1.4333054479,42.01,2.48,33.95,17.02,2.0159614365,33.771419926,248.47,26.57,1575.47,52.6,13.14,3.1,173.83,11.44,79.03,1676.01,31.136032948,40.4,1,,0,2.48,0,33.95,0,17.02,1,1.59,1,41.38,0,1575.47,0,52.6,0,3.1,1,,0,40.4,50,173.83,0
20,C,1.4333054479,30.05,1.4792673887,40.33,9.91,2.0159614365,466.07,229.37,8.69,115.21,188.67,17.45,0.2750645383,908.79,21.01,109.36,1779.37,31.136032948,14.620846939,1,1.51,1,1,0,40.33,0,9.91,1,,0,466.07,0,115.21,0,188.67,1,,1,6.07,1,15.34,50,908.79,0
7,C,7.02,36.37,8.7,103.16,23.91,9.63,2376.81,117.9,44.88,299.15,423.85,21.85,1.59,547.82,19.85,107.44,2365.78,31.136032948,111.35,0,7.02,0,8.7,0,103.16,0,23.91,0,9.63,0,2376.81,0,299.15,0,423.85,0,1.59,1,42.72,0,111.35,50,547.82,0
17,C,1.4333054479,36.13,1.4792673887,28.87,4.8656017695,2.0159614365,375,328.67,6.67,67.24,38,9.58,0.2750645383,253.24,19.66,52.44,1476.81,31.136032948,99.83,1,,1,1.57,0,28.87,1,4.22,1,2.26,0,375,0,67.24,0,38,1,,1,,0,99.83,50,253.24,0
19,D,6.04,41.65,11.97,38.25,17.77,12.56,462.14,367.13,47.99,138.28,157.62,45.47,14.85,1412.35,16.67,114.01,1717.19,31.136032948,115.95,0,6.04,0,11.97,0,38.25,0,17.77,0,12.56,0,462.14,0,138.28,0,157.62,0,14.85,1,,0,115.95,50,1412.35,0
26,D,1.4333054479,34.57,1.4792673887,3.031366776,4.8656017695,2.0159614365,289.48,78.54,3.51,7.1410713952,7.4988674271,3.34,0.2750645383,1205.1,5.41,42.87,429.91,31.136032948,14.620846939,1,0.53,1,1.14,1,2.56,1,3.44,1,2.26,0,289.48,1,,1,,1,0.13,1,,1,10.47,50,1205.1,0
24,D,2.73,47.43,1.4792673887,4.63,4.8656017695,2.0159614365,303.98,128.96,3.43,7.1410713952,7.4988674271,5.23,0.2750645383,1793.84,7.19,67.29,637.41,31.136032948,14.620846939,0,2.73,1,1.55,0,4.63,1,4.22,1,2.26,0,303.98,1,,1,3.35,1,,1,,1,15.34,50,1793.84,0
2,D,2.43,33.39,10.94,27.68,4.8656017695,5.84,442.57,113,55.24,121.98,97,18.04,0.2750645383,1794.45,13.4,155.88,1646,31.136032948,85.89,0,2.43,0,10.94,0,27.68,1,6.18,0,5.84,0,442.57,0,121.98,0,97,1,0.35,1,12.73,0,85.89,50,1794.45,0
27,D,3.18,39.04,10.77,39.75,11.21,4.37,33.771419926,120.23,52.23,108.39,71.95,21.66,2.37,,10.7,86.65,1732.97,31.136032948,41.59,0,3.18,0,10.77,0,39.75,0,11.21,0,4.37,1,26.9,0,108.39,0,71.95,0,2.37,1,,0,41.59,50,173.83,1
21,D,1.4333054479,53.28,1.4792673887,43.07,7.73,4.78,620.11,189.77,9.05,119.29,33.75,19.62,0.47,942.41,18.21,122.84,1876.02,31.136032948,27.36,1,1.5,1,0.43,0,43.07,0,7.73,0,4.78,0,620.11,0,119.29,0,33.75,0,0.47,1,,0,27.36,50,942.41,0
18,D,1.4333054479,41.53,1.4792673887,6.41,4.8656017695,3.32,33.771419926,144.93,5.17,7.1410713952,7.4988674271,6.01,2.37,686.49,7.03,140.91,697.71,31.136032948,14.620846939,1,,1,0.43,0,6.41,1,2.13,0,3.32,1,29.79,1,,1,8.61,0,2.37,1,,1,1.6,50,686.49,0
3,D,3.91,11.79,7.92,60.9,7.01,9.63,33.771419926,47.19,33.27,122.01,68.01,19.15,0.2750645383,410.73,6.97,31.09,2058.43,31.136032948,184.5,0,3.91,0,7.92,0,60.9,0,7.01,0,9.63,1,18.21,0,122.01,0,68.01,1,0.21,1,,0,184.5,50,410.73,0
